data;dia_semana;hora;natureza;bairro;logradouro_endereco;endereco;logradouro_detalhe_endereço;detalhe_endereco_acidente;complemento;bairro_cruzamento;num_semaforo;sentido_via;tipo;auto;moto;ciclom;ciclista;pedestre;onibus;caminhao;viatura;outros;vitimas;vitimasfatais;acidente_verificado;tempo_clima;situacao_semaforo;sinalizacao;condicao_via;conservacao_via;ponto_controle;situacao_placa;velocidade_max_via;mao_direcao;divisao_via1;divisao_via2;divisao_via3
2023-01-27;sexta-feira ;09:09:00;COM VÍTIMA;AFOGADOS;RUA;RUA SAO MIGUEL;PRC;PRC DA PAZ;EM FRENTE A MUNDO SHOPPING MODA;AFOGADOS;53;;ATROPELAMENTO DE PESSOA;0;0;0;0;1;1;0;0;0;1;0;;;;;;;;;;;;;
2023-01-27;sexta-feira ;10:12:00;COM VÍTIMA;CORDEIRO;EST;EST DO FORTE DO ARRAIAL N. DO B. JESUS;;;EM FRENTE AO ESPETINHO DA BENÉ;CORDEIRO;;;COLISÃO LATERAL;1;1;0;0;0;0;0;0;0;2;0;;;;;;;;;;;;;
2023-01-27;sexta-feira ;11:50:00;SEM VÍTIMA;BAIRRO DO RECIFE;AVENIDA;AVENIDA ALFREDO LISBOA;;;EM FRENTE A CAIXA CULTURAL;BAIRRO DO RECIFE;;SUBURBIO;COLISÃO TRASEIRA;2;0;0;0;0;0;0;0;0;0;0;;;;;;;;;;;;;
2023-01-27;sexta-feira ;01:41:00;COM VÍTIMA;PINA;AVENIDA;AVENIDA ENGENHEIRO DOMINGOS FERREIRA;;;ARMAZEM BEIRA MAR  / AO LADO DO TEATRO BARRETO JUNIOR / PROXIMO AO JCPM / ANTES DO POSTO PETRONAC;PINA;;;COLISÃO LATERAL;1;1;0;0;0;0;0;0;0;1;0;;;;;;;;;;;;;
2023-01-27;sexta-feira ;04:16:00;COM VÍTIMA;PINA;AVENIDA;AVENIDA ENGENHEIRO DOMINGOS FERREIRA;;;EM FRENTE AO EXTRABOM;PINA;;;COLISÃO TRASEIRA;3;0;0;0;0;0;0;0;0;1;0;;;;;;;;;;;;;
2023-01-27;sexta-feira ;04:24:00;COM VÍTIMA;ESTANCIA;AVENIDA;AVENIDA RECIFE;;;E/F AO POSTO JUSTINO E XAVIER  E A POLICIA CIVIL S/T  BR  VT 17  NO LOPCAL;ESTÂNCIA;;;COLISÃO TRASEIRA;1;1;0;0;0;0;0;0;0;1;0;;;;;;;;;;;;;
2023-01-27;sexta-feira ;05:14:00;SEM VÍTIMA;BOA VIAGEM;RUA;RUA CAMBOIM;RUA;RUA COPACABANA;PRÓXIMO A LANCHONETE CAPRICHO;BOA VIAGEM;;;;1;0;0;0;0;1;0;0;0;0;0;;;;;;;;;;;;;
2023-01-27;sexta-feira ;07:17:00;COM VÍTIMA;PRADO;EST;EST DOS REMEDIOS;AVENIDA;AVENIDA ENGENHEIRO ABDIAS DE CARVALHO;;PRADO;52;;COLISÃO LATERAL;0;1;0;0;0;0;0;1;0;1;0;;;;;;;;;;;;;
2023-01-27;sexta-feira ;07:22:00;SEM VÍTIMA;BARRO;AVENIDA;AVENIDA DES PEDRO RIBEIRO MALTA;;;;BARRO;;SUBURBIO;CHOQUE;3;0;0;0;0;0;0;0;0;0;0;;;;;;;;;;;;;
2023-01-27;sexta-feira ;09:43:00;COM VÍTIMA;BOA VIAGEM;AVENIDA;AVENIDA CONSELHEIRO AGUIAR;RUA;RUA ATLANTICO;;BOA VIAGEM;;;COLISÃO FRONTAL;1;1;0;0;0;0;0;0;0;1;0;;;;;;;;;;;;;
2023-01-28;sábado ;12:47:00;SEM VÍTIMA;TORREAO;AVENIDA;AVENIDA NORTE MIGUEL ARRAES DE ALENCAR;;;PRÓX AO VIADUTO;TORREÃO;;CIDADE;CHOQUE;1;0;0;0;0;0;0;0;0;0;0;;;;;;;;;;;;;
2023-01-28;sábado ;01:50:00;SEM VÍTIMA;BOA VIAGEM;RUA;RUA VISCONDE DE JEQUITINHONHA;;;PROX AO RECIFE FLAT;BOA VIAGEM;;;COLISÃO TRASEIRA;2;0;0;0;0;0;0;0;0;0;0;;;;;;;;;;;;;
2023-01-28;sábado ;04:47:00;COM VÍTIMA;BOA VIAGEM;RUA;RUA VISCONDE DE JEQUITINHONHA;RUA;RUA ERNESTO DE PAULA SANTOS;EM FRENTE AO SUPERMERCADO SOBERANO;BOA VIAGEM;;;COLISÃO LATERAL;1;1;0;0;0;0;0;0;0;1;0;;;;;;;;;;;;;
2023-01-28;sábado ;10:46:00;COM VÍTIMA;BEBERIBE;AVENIDA;AVENIDA HILDEBRANDO DE VASCONCELOS;RUA;RUA MARCIA MENDES;;BEBERIBE;;;COLISÃO LATERAL;2;0;0;0;0;0;0;0;0;1;0;;;;;;;;;;;;;
2023-01-28;sábado ;11:17:00;COM VÍTIMA;IMBIRIBEIRA;VIADUTO;VIADUTO TANCREDO NEVES;;;DESCIDA DO VIADUTO / SENTIDO BOA VIAGEM / PRÓX. AO ATACADÃO;IMBIRIBEIRA;;;COLISÃO LATERAL;1;1;0;0;0;0;0;0;0;1;0;;;;;;;;;;;;;
2023-01-28;sábado ;11:20:00;SEM VÍTIMA;GRACAS;AVENIDA;AVENIDA GOVERNADOR AGAMENON MAGALHAES;RUA;RUA JOAQUIM NABUCO;EM FRENTE A ESCOLA GOVERNADOR BARBOSA  LIMA;GRAÇAS;174;SUBURBIO;COLISÃO TRASEIRA;0;0;0;0;0;1;1;0;0;0;0;;;;;;;;;;;;;
2023-01-28;sábado ;12:37:00;COM VÍTIMA;ROSARINHO;RUA;RUA CAIO PEREIRA;RUA;RUA REGUEIRA COSTA;PRÓX. AO RESTAURANTE VARANDA DO ROSARINHO;ROSARINHO;;;COLISÃO FRONTAL;1;1;0;0;0;0;0;0;0;1;0;;;;;;;;;;;;;
2023-01-28;sábado ;03:42:00;SEM VÍTIMA;BOA VIAGEM;AVENIDA;AVENIDA CELSO FURTADO (VIA MANGUE);;;SEMÁFORO 437;BOA VIAGEM;;;COLISÃO TRASEIRA;3;0;0;0;0;0;0;0;0;0;0;;;;;;;;;;;;;
2023-01-28;sábado ;06:30:00;COM VÍTIMA;JORDAO;RUA;RUA JOSE MARTORANO;;;TERMINAL DO JORDÃO BAIXO;JORDÃO;;;COLISÃO LATERAL;1;1;0;0;0;0;0;0;0;1;0;;;;;;;;;;;;;
2023-01-28;sábado ;09:04:00;COM VÍTIMA;CASA AMARELA;AVENIDA;AVENIDA NORTE MIGUEL ARRAES DE ALENCAR;RUA;RUA PADRE LEMOS;COMA RUA PADRE LEMOS;CASA AMARELA;;;ATROPELAMENTO DE PESSOA;0;0;0;0;1;1;0;0;0;1;0;;;;;;;;;;;;;
2023-01-29;domingo ;05:25:00;VÍTIMA FATAL;ESTANCIA;AVENIDA;AVENIDA JOAO CABRAL DE MELO NETO;;;PEÓXIMO A ANTIGA CERPE;ESTÂNCIA;;;CHOQUE;0;1;0;0;0;0;0;0;0;1;1;;;;;;;;;;;;;
2023-01-29;domingo ;01:12:00;COM VÍTIMA;CABANGA;PTE;PTE GOVERNADOR PAULO GUERRA;;;SOBRE A PONTE;CABANGA;;;COLISÃO TRASEIRA;1;1;0;0;0;0;0;0;0;1;0;;;;;;;;;;;;;
2023-01-29;domingo ;04:08:00;COM VÍTIMA;IPSEP;AVENIDA;AVENIDA RECIFE;;;E/F A SAO PAULO VEICULOS S/T SUB;IPSEP;;;COLISÃO TRASEIRA;1;1;0;0;0;0;0;0;0;1;0;;;;;;;;;;;;;
2023-01-29;domingo ;12:00:00;COM VÍTIMA;IBURA;AVENIDA;AVENIDA DOIS RIOS;RUA;RUA RIO XINGU;NO SEMAFORO  351;IBURA;;;COLISÃO LATERAL;1;1;0;0;0;0;0;0;0;1;0;;;;;;;;;;;;;
2023-01-29;domingo ;07:25:00;COM VÍTIMA;TEJIPIO;RUA;RUA FALCAO DE LACERDA;RUA;RUA PAPA JOAO VINTE E TRES;EM FRENTE A FÁBRICA DA PADARIA;TEJIPIÓ;285;;COLISÃO FRONTAL;0;2;0;0;0;0;0;0;0;2;0;;;;;;;;;;;;;
2023-01-29;domingo ;10:11:00;COM VÍTIMA;CASA FORTE;AVENIDA;AVENIDA DEZESSETE DE AGOSTO;;;;CASA FORTE;;;COLISÃO FRONTAL;1;1;0;0;0;0;0;0;0;1;0;;;;;;;;;;;;;
2023-01-30;segunda-feira ;07:25:00;COM VÍTIMA;MADALENA;AVENIDA;AVENIDA CAXANGA;;;PRÓX. À REVENDEDORA SEU CARRO PE;MADALENA;;CIDADE;COLISÃO TRASEIRA;1;1;0;0;0;0;0;0;0;1;0;;;;;;;;;;;;;
2023-01-30;segunda-feira ;08:43:00;COM VÍTIMA;ROSARINHO;AVENIDA;AVENIDA NORTE MIGUEL ARRAES DE ALENCAR;;;EM FRENTE AO POSTO DE GASOLINA IPIRANGA, SENT. MACAXEIRA;ROSARINHO;81;;COLISÃO TRASEIRA;0;1;0;0;0;1;0;0;0;1;0;;;;;;;;;;;;;
2023-01-30;segunda-feira ;08:46:00;COM VÍTIMA;CASA AMARELA;RUA;RUA PADRE LEMOS;;;PROX A CLINICA DR ATENDE;CASA AMARELA;;;COLISÃO LATERAL;1;1;0;0;0;0;0;0;0;1;0;;;;;;;;;;;;;
2023-01-30;segunda-feira ;09:30:00;SEM VÍTIMA;APIPUCOS;RUA;RUA DE APIPUCOS;;;ALBUQUERQUE MOTORS;APIPUCOS;;SUBURBIO;COLISÃO TRASEIRA;1;0;0;0;0;0;1;0;0;0;0;;;;;;;;;;;;;
2023-01-30;segunda-feira ;02:49:00;SEM VÍTIMA;SANTO AMARO;AVENIDA;AVENIDA NORTE MIGUEL ARRAES DE ALENCAR;;;EM FRENTE A DROGARIA SANTO ANTONIO;SANTO AMARO;97;SUBURBIO;COLISÃO TRASEIRA;1;0;0;0;0;1;0;0;0;0;0;;;;;;;;;;;;;
2023-01-30;segunda-feira ;03:46:00;COM VÍTIMA;BOA VIAGEM;AVENIDA;AVENIDA BOA VIAGEM;;;EM FRENTE AO HOTEL EURO SUIT;BOA VIAGEM;;;COLISÃO LATERAL;1;1;0;0;0;0;0;0;0;1;0;;;;;;;;;;;;;
2023-01-30;segunda-feira ;03:49:00;SEM VÍTIMA;GRACAS;RUA;RUA DAS CREOULAS;AVENIDA;AVENIDA RUI BARBOSA;AO LADO DO Nº 199 DA AVENIDA RUI BARBOSA;GRAÇAS;102;;;1;0;0;0;0;1;0;0;0;0;0;;;;;;;;;;;;;
2023-01-30;segunda-feira ;04:07:00;COM VÍTIMA;BOA VIAGEM;AVENIDA;AVENIDA BOA VIAGEM;;;E/F A PADARIA BOA VIAGEM;BOA VIAGEM;;;ATROPELAMENTO DE PESSOA;0;1;0;0;1;0;0;0;0;1;0;;;;;;;;;;;;;
2023-01-30;segunda-feira ;04:15:00;COM VÍTIMA;BOA VIAGEM;RUA;RUA PROFESSOR ARNALDO CARNEIRO LEAO;RUA;RUA ANTONIO FALCAO;PROX AO SHOPPING RECIFE;BOA VIAGEM;;;COLISÃO LATERAL;1;1;0;0;0;0;0;0;0;1;0;;;;;;;;;;;;;
2023-01-30;segunda-feira ;07:25:00;COM VÍTIMA;SAO JOSE;RUA;RUA DA PRAIA;;;AO LADO DA LOJA NARCISIO ENXOVAL;SÃO JOSÉ;;;COLISÃO LATERAL;1;1;0;0;0;0;0;0;0;1;0;;;;;;;;;;;;;
2023-01-31;terça-feira ;02:07:00;COM VÍTIMA;AFOGADOS;RUA;RUA COSME VIANA;;;APÓS A TUPAN;AFOGADOS;;;COLISÃO LATERAL;0;2;0;0;0;0;0;0;0;1;0;;;;;;;;;;;;;
2023-01-31;terça-feira ;06:30:00;COM VÍTIMA;TORRE;RUA;RUA CONDE DE IRAJA;AVENIDA;AVENIDA BEIRA RIO;CRUZAMENTO;TORRE;;;COLISÃO LATERAL;1;1;0;0;0;0;0;0;0;1;0;;;;;;;;;;;;;
2023-01-31;terça-feira ;09:52:00;COM VÍTIMA;IPUTINGA;RUA;RUA MANOEL JOAQUIM DE ALMEIDA;;;EM FRENTE A IPUTINGA AUTOMÓVEIS;IPUTINGA;;;COLISÃO LATERAL;1;1;0;0;0;0;0;0;0;1;0;;;;;;;;;;;;;
2023-01-31;terça-feira ;11:57:00;COM VÍTIMA;IMBIRIBEIRA;AVENIDA;AVENIDA MARECHAL MASCARENHAS DE MORAES;;;PROX. MARDISA AUTOMOVEIS, SENT. AFOGADOS;IMBIRIBEIRA;;;COLISÃO TRASEIRA;1;1;0;0;0;0;0;0;0;2;0;;;;;;;;;;;;;
2023-01-31;terça-feira ;12:42:00;COM VÍTIMA;ESPINHEIRO;RUA;RUA GUADALUPE;AVENIDA;AVENIDA NORTE MIGUEL ARRAES DE ALENCAR;LADO OPSTO A PRAÇA CASTRO ALVES;ESPINHEIRO;;;COLISÃO TRANSVERSAL;2;0;0;0;0;0;0;0;0;1;0;;;;;;;;;;;;;
2023-01-31;terça-feira ;01:35:00;COM VÍTIMA;BOA VIAGEM;AVENIDA;AVENIDA CELSO FURTADO (VIA MANGUE);;;VIA MANGUE, PRÓXIMO AO RETORNO;BOA VIAGEM;;;COLISÃO TRASEIRA;1;1;0;0;0;0;0;0;0;1;0;;;;;;;;;;;;;
2023-01-31;terça-feira ;01:49:00;SEM VÍTIMA;BEBERIBE;PRC;PRC DA CONVENCAO;;;EM FRENTE ESPOSENDE;BEBERIBE;;;CHOQUE;1;0;0;0;0;0;0;0;0;0;0;;;;;;;;;;;;;
2023-01-31;terça-feira ;02:45:00;COM VÍTIMA;BOA VIAGEM;RUA;RUA PROFESSOR AUGUSTO LINS E SILVA;;;EM FRENTE AO EDIFICO COSTA DO SOL;BOA VIAGEM;;;COLISÃO LATERAL;1;1;0;0;0;0;0;0;0;1;0;;;;;;;;;;;;;
2023-01-31;terça-feira ;06:11:00;SEM VÍTIMA;TORREAO;AVENIDA;AVENIDA GOVERNADOR AGAMENON MAGALHAES;;;POSTO DE COMBUSTÍVEL PETROBRÁS;TORREÃO;379;CIDADE;;0;1;0;0;0;0;0;1;0;0;0;;;;;;;;;;;;;
2023-01-31;terça-feira ;06:20:00;COM VÍTIMA;BEBERIBE;AVENIDA;AVENIDA BEBERIBE;;;LOJÃO DO PETROLEO;BEBERIBE;;;COLISÃO LATERAL;1;1;0;0;0;0;0;0;0;1;0;;;;;;;;;;;;;
2023-01-31;terça-feira ;07:05:00;COM VÍTIMA;CASA AMARELA;RUA;RUA CONS PERETTI;;;PRÓX. AO POLO EAD DA FACULDADE ESTÁCIO;CASA AMARELA;;;COLISÃO TRANSVERSAL;0;3;0;0;0;0;0;0;0;2;0;;;;;;;;;;;;;
2023-01-31;terça-feira ;07:40:00;COM VÍTIMA;IMBIRIBEIRA;AVENIDA;AVENIDA MARECHAL MASCARENHAS DE MORAES;;;DEZ METROS ANTES DA PONTE MOTOCOLOMBÓ;IMBIRIBEIRA;;;ATROPELAMENTO DE PESSOA;0;0;0;0;2;0;1;0;0;2;0;;;;;;;;;;;;;
2023-01-31;terça-feira ;07:46:00;COM VÍTIMA;CORDEIRO;AVENIDA;AVENIDA CAXANGA;AVENIDA;AVENIDA GENERAL SAN MARTIN;;CORDEIRO;;;COLISÃO COM CICLISTA;0;1;0;1;0;0;0;0;0;2;0;;;;;;;;;;;;;
2023-01-31;terça-feira ;09:40:00;COM VÍTIMA;SANTO AMARO;AVENIDA;AVENIDA DR JAYME DA FONTE;;;PRÓX A COMPESA;SANTO AMARO;;CIDADE;QUEDA;0;1;0;0;0;0;0;0;0;1;0;;;;;;;;;;;;;
2023-01-31;terça-feira ;10:11:00;SEM VÍTIMA;SAO JOSE;RUA;RUA IMPERIAL;RUA;RUA BOM SUCESSO;;SÃO JOSÉ;;SUBURBIO;;0;1;0;0;0;0;0;1;0;0;0;;;;;;;;;;;;;
2023-02-01;quarta-feira ;06:39:00;COM VÍTIMA;CASA AMARELA;RUA;RUA DES GOIS CAVALCANTE;;;EM FRENTE A FARMÁCIA INDEPENDENTE E PROX AO HOSPITAL AGAMENON MAGALHÃES;CASA AMARELA;;;ATROPELAMENTO DE PESSOA;1;0;0;0;1;0;0;0;0;1;0;;;;;;;;;;;;;
2023-02-01;quarta-feira ;08:03:00;COM VÍTIMA;CAMPO GRANDE;EST;EST DE BELEM;;;EM FRENTE AO POSTO TOTAL/PETRONAC;CAMPO GRANDE;;;COLISÃO FRONTAL;1;1;0;0;0;0;0;0;0;1;0;;;;;;;;;;;;;
2023-02-01;quarta-feira ;12:06:00;SEM VÍTIMA;SAO JOSE;AVENIDA;AVENIDA MARTINS DE BARROS;;;EM FRENTE AO TERMINAL DE CAIS DE SANTA RITA;SÃO JOSÉ;383;CIDADE;COLISÃO TRASEIRA;2;0;0;0;0;0;0;0;0;0;0;;;;;;;;;;;;;
2023-02-01;quarta-feira ;01:37:00;COM VÍTIMA;IPUTINGA;AVENIDA;AVENIDA MAURICIO DE NASSAU;;;NA FRENTE DA CLINICA FASES;IPUTINGA;;;COLISÃO TRASEIRA;3;0;0;0;0;0;0;0;0;1;0;;;;;;;;;;;;;
2023-02-01;quarta-feira ;02:00:00;SEM VÍTIMA;ALTO JOSE BONIFACIO;RUA;RUA ALTO JOSE BONIFACIO;;;;;;SUBURBIO;;1;1;0;0;0;0;0;0;0;0;0;;;;;;;;;;;;;
2023-02-01;quarta-feira ;05:04:00;COM VÍTIMA;ENCRUZILHADA;AVENIDA;AVENIDA NORTE MIGUEL ARRAES DE ALENCAR;RUA;RUA BELMIRO CORREIA;TERRAÇO ROSARINHO;ENCRUZILHADA;;;COLISÃO LATERAL;0;1;0;0;0;1;0;0;0;1;0;;;;;;;;;;;;;
2023-02-02;quinta-feira ;08:06:00;COM VÍTIMA;TAMARINEIRA;AVENIDA;AVENIDA NORTE MIGUEL ARRAES DE ALENCAR;EST;EST VELHA DE AGUA FRIA;;TAMARINEIRA;;;ATROPELAMENTO DE PESSOA;0;0;0;0;1;0;0;0;0;1;0;;;;;;;;;;;;;
2023-02-02;quinta-feira ;08:53:00;COM VÍTIMA;SANTO AMARO;AVENIDA;AVENIDA NORTE MIGUEL ARRAES DE ALENCAR;;;EM FRENTE A HELIAR;SANTO AMARO;;;ATROPELAMENTO DE PESSOA;0;0;0;0;1;0;0;0;0;1;0;;;;;;;;;;;;;
2023-02-02;quinta-feira ;10:19:00;COM VÍTIMA;CAXANGA;AVENIDA;AVENIDA CAXANGA;;;;CAXANGÁ;;;COLISÃO TRANSVERSAL;1;1;0;0;0;0;0;0;0;1;0;;;;;;;;;;;;;
2023-02-02;quinta-feira ;10:19:00;COM VÍTIMA;MUSTARDINHA;RUA;RUA VINTE E UM DE ABRIL;RUA;RUA JOSE MIRANDA;;MUSTARDINHA;;;COLISÃO LATERAL;1;1;0;0;0;0;0;0;0;1;0;;;;;;;;;;;;;
2023-02-02;quinta-feira ;11:40:00;COM VÍTIMA;MADALENA;AVENIDA;AVENIDA VISCONDE DE ALBUQUERQUE;;;;MADALENA;;;COLISÃO TRASEIRA;1;1;0;0;0;0;0;0;0;1;0;;;;;;;;;;;;;
2023-02-02;quinta-feira ;04:42:00;COM VÍTIMA;SAO JOSE;RUA;RUA IMPERIAL;;;E/F AO HOTEL CRISTAL   BATEDOR DA MOTO 40 E 30 NO LOCAL;SÃO JOSÉ;;;COLISÃO LATERAL;1;1;0;0;0;0;0;0;0;1;0;;;;;;;;;;;;;
2023-02-02;quinta-feira ;07:20:00;COM VÍTIMA;IPSEP;RUA;RUA JEAN EMILE FAVRE;;;;IPSEP;;;COLISÃO LATERAL;0;0;0;1;0;1;0;0;0;1;0;;;;;;;;;;;;;
2023-02-02;quinta-feira ;07:20:00;COM VÍTIMA;IBURA;AVENIDA;AVENIDA DOIS RIOS;;;PRÓX. A POLICLÍNICA DO IBURA;IBURA;;;COLISÃO LATERAL;0;2;0;0;0;0;0;0;0;1;0;;;;;;;;;;;;;
2023-02-03;sexta-feira ;12:13:00;COM VÍTIMA;CABANGA;PTE;PTE AGAMENON MAGALHAES;;;LARGO DO CABANGA, AO LADO DO CABANGA IATE CLUBE;CABANGA;;;COLISÃO TRASEIRA;0;0;0;0;0;0;0;0;0;2;0;;;;;;;;;;;;;
2023-02-03;sexta-feira ;07:08:00;COM VÍTIMA;IMBIRIBEIRA;RUA;RUA JOAQUIM BANDEIRA;;;EM BAIXO DO PONTILHÃO DA ESTAÇÃO DE METRÔ ANTÕNIO FALCÃO / EM FRENTE A MICHELE PEDROSA ADVOGADOS;IMBIRIBEIRA;;;COLISÃO LATERAL;1;1;0;0;0;0;0;0;0;1;0;;;;;;;;;;;;;
2023-02-03;sexta-feira ;09:15:00;COM VÍTIMA;TORRE;RUA;RUA JOSE BONIFACIO;RUA;RUA PADRE ANCHIETA;;TORRE;193;;COLISÃO LATERAL;1;1;0;0;0;0;0;0;0;1;0;;;;;;;;;;;;;
2023-02-03;sexta-feira ;01:56:00;COM VÍTIMA;IMBIRIBEIRA;RUA;RUA JOAQUIM BANDEIRA;;;EM BAIXO DO PAVILHÃO DO METRÔ DA ANTÔNIO FALCÃO;IMBIRIBEIRA;;;COLISÃO LATERAL;1;1;0;0;0;0;0;0;0;1;0;;;;;;;;;;;;;
2023-02-03;sexta-feira ;03:00:00;SEM VÍTIMA;SANTO ANTONIO;RUA;RUA IMPERADOR PEDRO SEGUNDO;;;APÓS O EDIFÍCIO PAULA BAPTISTA;SANTO ANTÔNIO;206;;COLISÃO TRASEIRA;1;1;0;0;0;0;1;0;0;0;0;;;;;;;;;;;;;
2023-02-03;sexta-feira ;05:29:00;COM VÍTIMA;PINA;AVENIDA;AVENIDA CELSO FURTADO (VIA MANGUE);;;AO LADO DO AEROCLUBE/ SENTIDO BOA VIAGEM;PINA;;;COLISÃO TRASEIRA;1;1;0;0;0;0;0;0;0;1;0;;;;;;;;;;;;;
2023-02-03;sexta-feira ;07:52:00;COM VÍTIMA;CAMPO GRANDE;RUA;RUA MARQUES DE BAIPENDI;;;;CAMPO GRANDE;;;COLISÃO FRONTAL;0;1;0;0;0;1;0;0;0;1;0;;;;;;;;;;;;;
2023-02-03;sexta-feira ;09:39:00;SEM VÍTIMA;IMBIRIBEIRA;AVENIDA;AVENIDA PRESIDENTE DUTRA;;;;IMBIRIBEIRA;;CIDADE;CHOQUE;0;0;0;0;0;0;1;0;0;0;0;;;;;;;;;;;;;
2023-02-04;sábado ;10:14:00;COM VÍTIMA;IPUTINGA;AVENIDA;AVENIDA CAXANGA;;;;IPUTINGA;;;CHOQUE;1;0;0;0;0;0;0;0;0;1;0;;;;;;;;;;;;;
2023-02-04;sábado ;12:32:00;COM VÍTIMA;TORROES;AVENIDA;AVENIDA BICENTENARIO DA REVOLUCAO FRANCESA;;;LOGINHA FRANCYS;TORRÕES;;;COLISÃO LATERAL;1;1;0;0;0;0;0;0;0;1;0;;;;;;;;;;;;;
2023-02-04;sábado ;02:06:00;SEM VÍTIMA;AGUA FRIA;RUA;RUA DR PEREIRA DA SILVA;AVENIDA;AVENIDA BEBERIBE;DEPOSITO DE BEBIDAS ITALIANO;ÁGUA FRIA;;;COLISÃO FRONTAL;2;0;0;0;0;0;0;0;0;0;0;;;;;;;;;;;;;
2023-02-04;sábado ;03:00:00;COM VÍTIMA;PAISSANDU;AVENIDA;AVENIDA GOVERNADOR AGAMENON MAGALHAES;;;REF: LADO OPDSTO AO LABORATÓRIO HUTZ;PAISSANDU;;;COLISÃO TRANSVERSAL;0;1;0;0;0;0;0;0;0;2;0;;;;;;;;;;;;;
2023-02-04;sábado ;03:20:00;SEM VÍTIMA;IMBIRIBEIRA;AVENIDA;AVENIDA SUL;;;AREA INTERNA DO T.I. TANCREDO NEVES;IMBIRIBEIRA;;;;1;0;0;0;0;1;0;0;0;0;0;;;;;;;;;;;;;
2023-02-04;sábado ;03:34:00;SEM VÍTIMA;SANTO AMARO;RUA;RUA DA FRATERNIDADE;;;AO LADO DO SHOPPING TACARUNA;SANTO AMARO;;CIDADE;CHOQUE;0;0;0;0;0;0;0;1;0;0;0;;;;;;;;;;;;;
2023-02-04;sábado ;04:27:00;COM VÍTIMA;IMBIRIBEIRA;RUA;RUA ITACARI;;;PROX AO BANCO ITAU;IMBIRIBEIRA;;;COLISÃO LATERAL;0;1;0;0;0;0;1;0;0;1;0;;;;;;;;;;;;;
2023-02-05;domingo ;01:02:00;COM VÍTIMA;SANTO AMARO;RUA;RUA DOS PALMARES;;;AO LADO DO CEMITERIO;SANTO AMARO;;;COLISÃO LATERAL;1;1;0;0;0;0;0;0;0;1;0;;;;;;;;;;;;;
2023-02-05;domingo ;02:44:00;COM VÍTIMA;BOMBA DO HEMETERIO;RUA;RUA BOMBA DO HEMETERIO;;;EM FRENTE A FUNERARIA CANAA;BOMBA DO HEMETÉRIO;;;COLISÃO FRONTAL;1;1;0;0;0;0;0;0;0;1;0;;;;;;;;;;;;;
2023-02-05;domingo ;03:26:00;SEM VÍTIMA;ILHA DO RETIRO;RUA;RUA SPORT CLUBE DO RECIFE;AVENIDA;AVENIDA JOSE GONCALVES DE MEDEIROS;SEMÁFORO 355;ILHA DO RETIRO;355;CIDADE;;1;0;0;0;0;0;0;1;0;0;0;;;;;;;;;;;;;
2023-02-05;domingo ;03:54:00;SEM VÍTIMA;AFOGADOS;RUA;RUA SAO MIGUEL;RUA;RUA JOAQUIM DE VASCONCELOS PEREIRA;;AFOGADOS;;;COLISÃO TRANSVERSAL;2;0;0;0;0;0;0;0;0;0;0;;;;;;;;;;;;;
2023-02-05;domingo ;07:23:00;COM VÍTIMA;SAN MARTIN;RUA;RUA VINTE E UM DE ABRIL;;;EM FRENTE AO TERMINAL DE ONIBUS DA MANGUEIRA;SAN MARTIN;;;COLISÃO FRONTAL;1;1;0;0;0;0;0;0;0;1;0;;;;;;;;;;;;;
2023-02-05;domingo ;07:44:00;SEM VÍTIMA;BREJO DE BEBERIBE;RUA;RUA FRANCISCO CAMARINO;;;NA ESQUINA DO RECANTO DA ROSE;BREJO DE BEBERIBE;;;COLISÃO LATERAL;2;0;0;0;0;0;0;0;0;0;0;;;;;;;;;;;;;
2023-02-05;domingo ;08:57:00;COM VÍTIMA;SANTO AMARO;RUA;RUA DOS PALMARES;RUA;RUA TREZE DE MAIO;CRUZAMENTO C/A RUA 13 DE MAIO;SANTO AMARO;30;;COLISÃO TRANSVERSAL;0;2;0;0;0;0;0;0;0;3;0;;;;;;;;;;;;;
2023-02-06;segunda-feira ;03:12:00;SEM VÍTIMA;SAO JOSE;CAIS;CAIS SANTA RITA;;;LADO OPOSTO AO CLUBE DE PESCA;SÃO JOSÉ;;SUBURBIO;CHOQUE;1;0;0;0;0;0;0;0;0;0;0;;;;;;;;;;;;;
2023-02-06;segunda-feira ;06:21:00;COM VÍTIMA;MADALENA;AVENIDA;AVENIDA VISCONDE DE ALBUQUERQUE;;;MADALENA CENTER;MADALENA;;;COLISÃO LATERAL;1;1;0;0;0;0;0;0;0;1;0;;;;;;;;;;;;;
2023-02-06;segunda-feira ;06:38:00;COM VÍTIMA;CORDEIRO;AVENIDA;AVENIDA INACIO MONTEIRO;;;NA FRENTE DO EMPRESARIAL 167;CORDEIRO;;;COLISÃO LATERAL;1;1;0;0;0;0;0;0;0;1;0;;;;;;;;;;;;;
2023-02-06;segunda-feira ;08:03:00;COM VÍTIMA;AREIAS;AVENIDA;AVENIDA DR JOSE RUFINO;;;ANTIGO CARTÓRIO DE AREIAS;AREIAS;;;COLISÃO FRONTAL;1;1;0;0;0;0;0;0;0;1;0;;;;;;;;;;;;;