data;dia_semana;hora;natureza;bairro;logradouro_endereco;endereco;logradouro_detalhe_endereço;detalhe_endereco_acidente;complemento;bairro_cruzamento;num_semaforo;sentido_via;tipo;auto;moto;ciclom;ciclista;pedestre;onibus;caminhao;viatura;outros;vitimas;vitimasfatais;acidente_verificado;tempo_clima;situacao_semaforo;sinalizacao;condicao_via;conservacao_via;ponto_controle;situacao_placa;velocidade_max_via;mao_direcao;divisao_via1;divisao_via2;divisao_via3
2023-02-07;terça-feira ;09:26:00;COM VÍTIMA;SANTO AMARO;AVENIDA;AVENIDA GOVERNADOR AGAMENON MAGALHAES;;;PROX ANTIGA FABRICA TACARUNA /  AO LADO  DA UPINHA PASSOS BEZERRA;SANTO AMARO;;;COLISÃO LATERAL;3;1;0;0;0;0;0;0;0;1;0;;;;;;;;;;;;;
2023-02-07;terça-feira ;10:05:00;SEM VÍTIMA;TORRE;AVENIDA;AVENIDA BEIRA RIO;;;;TORRE;691;SUBURBIO;COLISÃO TRASEIRA;2;0;0;0;0;0;0;0;0;0;0;;;;;;;;;;;;;
2023-02-07;terça-feira ;11:44:00;COM VÍTIMA;SANTO AMARO;AVENIDA;AVENIDA RECIFE;;;EM FRENTE A PIZZARIA ATLANTICO E FARMÁCIAS PAGUE MENOS;SANTO AMARO;;;COLISÃO TRASEIRA;1;1;0;0;0;0;0;0;0;1;0;;;;;;;;;;;;;
2023-02-07;terça-feira ;04:10:00;COM VÍTIMA;BOA VIAGEM;RUA;RUA CAPITAO ZUZINHA;RUA;RUA SA E SOUZA;PROXIMO AO SEMAFORO 420;BOA VIAGEM;420;;ATROPELAMENTO DE PESSOA;0;0;0;0;1;1;0;0;0;1;0;;;;;;;;;;;;;
2023-02-07;terça-feira ;04:14:00;COM VÍTIMA;IBURA;RUA;RUA RIO PAJEU;;;PADARIA CRISTO REI;IBURA;;;ATROPELAMENTO DE PESSOA;0;0;0;0;1;1;0;0;0;1;0;;;;;;;;;;;;;
2023-02-07;terça-feira ;04:37:00;COM VÍTIMA;IMBIRIBEIRA;RUA;RUA ITAJAI;RUA;RUA ITACARI;PROX A LOCADORA MOVIDA;IMBIRIBEIRA;;CIDADE;COLISÃO LATERAL;1;1;0;0;0;0;0;0;0;1;0;;;;;;;;;;;;;
2023-02-08;quarta-feira ;07:50:00;COM VÍTIMA;PINA;VIADUTO;VIADUTO CAPITAO TEMUDO;;;EM CIMA DO VIADUTO, PROX AO CABANGA;PINA;;;COLISÃO LATERAL;1;1;0;0;0;0;0;0;0;1;0;;;;;;;;;;;;;
2023-02-08;quarta-feira ;08:30:00;COM VÍTIMA;MADALENA;RUA;RUA JOSE OSORIO;;;EM FRENTE A AUTO MORAIS MULTIMARCAS;MADALENA;;;COLISÃO LATERAL;1;1;0;0;0;0;0;0;0;1;0;;;;;;;;;;;;;
2023-02-08;quarta-feira ;08:36:00;SEM VÍTIMA;BAIRRO DO RECIFE;CAIS;CAIS DO APOLO;;;BANCO DO BRASIL;BAIRRO DO RECIFE;;CIDADE;;1;0;0;0;0;0;1;0;0;0;0;;;;;;;;;;;;;
2023-02-08;quarta-feira ;02:28:00;COM VÍTIMA;PRADO;RUA;RUA PADRE TEOFILO TWORZ;RUA;RUA SANTA EDWIRGES;E/F  A IGREJA PRESBITERIANA DO PRADO;PRADO;;;COLISÃO LATERAL;1;1;0;0;0;0;0;0;0;1;0;;;;;;;;;;;;;
2023-02-08;quarta-feira ;04:02:00;SEM VÍTIMA;SANTO AMARO;AVENIDA;AVENIDA NORTE MIGUEL ARRAES DE ALENCAR;;;CENTRO DA JUVENTUDE DE SANTO AMARO;SANTO AMARO;397;SUBURBIO;COLISÃO TRASEIRA;1;0;0;0;0;0;1;0;0;0;0;;;;;;;;;;;;;
2023-02-08;quarta-feira ;04:55:00;COM VÍTIMA;ARRUDA;AVENIDA;AVENIDA PROFESSOR JOSE DOS ANJOS;;;LADO OPOSTO A VIA SUL/ SENTIDO CAMPO DO ARRUDA;ARRUDA;;;COLISÃO TRASEIRA;1;1;0;0;0;0;0;0;0;1;0;;;;;;;;;;;;;
2023-02-08;quarta-feira ;06:09:00;COM VÍTIMA;IPUTINGA;AVENIDA;AVENIDA CAXANGA;;;EM FRENTE AO BOM PREÇO DA CAXANGÁ;IPUTINGA;;;ATROPELAMENTO DE PESSOA;0;0;0;0;1;1;0;0;0;1;0;;;;;;;;;;;;;
2023-02-08;quarta-feira ;06:20:00;COM VÍTIMA;IMBIRIBEIRA;RUA;RUA JAMAICA;;;FACULDADE BOA VIAGEM;IMBIRIBEIRA;;;ATROPELAMENTO DE PESSOA;1;0;0;0;1;0;0;0;0;1;0;;;;;;;;;;;;;
2023-02-08;quarta-feira ;06:44:00;COM VÍTIMA;CORDEIRO;RUA;RUA GOMES TABORDA;;;JOCKEY CLUB;CORDEIRO;;;ATROPELAMENTO DE PESSOA;1;0;0;0;1;0;0;0;0;1;0;;;;;;;;;;;;;
2023-02-09;quinta-feira ;06:47:00;COM VÍTIMA;CASA AMARELA;EST;EST DO ARRAIAL;;;EM FRENTE AO SITIO DA TRINDADE;CASA AMARELA;;;COLISÃO COM CICLISTA;1;0;0;1;0;0;0;0;0;1;0;;;;;;;;;;;;;
2023-02-09;quinta-feira ;07:05:00;COM VÍTIMA;IBURA;AVENIDA;AVENIDA DOM HELDER CAMARA;;;EM FRENTE AO ARMAZÉM CORAL E AO NÚCLEO DA POLÍCIA MILITAR;IBURA;;;COLISÃO LATERAL;1;1;0;0;0;0;0;0;0;1;0;;;;;;;;;;;;;
2023-02-09;quinta-feira ;07:08:00;COM VÍTIMA;CAMPO GRANDE;EST;EST DE BELEM;;;EM FRENTE A IGREJA DE BELEM;CAMPO GRANDE;;;COLISÃO LATERAL;1;1;0;0;0;0;0;0;0;2;0;;;;;;;;;;;;;
2023-02-09;quinta-feira ;07:29:00;COM VÍTIMA;ARRUDA;AVENIDA;AVENIDA BEBERIBE;;;EM FRENTE A LOJA COBRA CORAL E AO CERPE;ARRUDA;;;COLISÃO TRASEIRA;2;1;0;0;0;0;0;0;0;1;0;;;;;;;;;;;;;
2023-02-09;quinta-feira ;10:33:00;SEM VÍTIMA;BRASILIA TEIMOSA;RUA;RUA BADEJO;;;EM FRENTE AO Nº 100;BRASÍLIA TEIMOSA;;SUBURBIO;;0;0;0;0;0;1;1;0;0;0;0;;;;;;;;;;;;;
2023-02-09;quinta-feira ;12:11:00;COM VÍTIMA;CASA AMARELA;AVENIDA;AVENIDA NORTE MIGUEL ARRAES DE ALENCAR;;;EM FRENTE A IGREJA DO AMOR;CASA AMARELA;;;QUEDA;0;1;0;0;0;0;0;0;0;1;0;;;;;;;;;;;;;
2023-02-09;quinta-feira ;07:28:00;SEM VÍTIMA;GUABIRABA;AVENIDA;AVENIDA EMBAIXADOR ASSIS CHATEAUBRIAND;;;;GUABIRABA;;SUBURBIO;CHOQUE;0;0;0;0;0;0;0;1;0;0;0;;;;;;;;;;;;;
2023-02-10;sexta-feira ;07:39:00;COM VÍTIMA;PINA;AVENIDA;AVENIDA CELSO FURTADO (VIA MANGUE);;;PROX AO DECIMO NONO BATALHÃO DE POLICIA;PINA;;;COLISÃO TRASEIRA;1;1;0;0;0;0;0;0;0;1;0;;;;;;;;;;;;;
2023-02-10;sexta-feira ;08:04:00;COM VÍTIMA;ENCRUZILHADA;AVENIDA;AVENIDA BEBERIBE;;;EM FRENTE A ACADEMIA MATH FIT;ENCRUZILHADA;;;COLISÃO FRONTAL;1;1;0;0;0;0;0;0;0;1;0;;;;;;;;;;;;;
2023-02-10;sexta-feira ;12:25:00;COM VÍTIMA;BOA VIAGEM;RUA;RUA PADRE CARAPUCEIRO;;;ESTACIONAMENTO DO SHOPPING RECIFE SETOR C, RUA C2, PROXIMO A RENNER;BOA VIAGEM;;;ATROPELAMENTO DE PESSOA;1;0;0;0;1;0;0;0;0;1;0;;;;;;;;;;;;;
2023-02-10;sexta-feira ;01:56:00;COM VÍTIMA;PARNAMIRIM;RUA;RUA DES GOIS CAVALCANTE;;;APÓS O PÃO DE AÇUCA;PARNAMIRIM;;;COLISÃO LATERAL;2;1;0;0;0;0;0;0;0;1;0;;;;;;;;;;;;;
2023-02-10;sexta-feira ;03:55:00;SEM VÍTIMA;PINA;AVENIDA;AVENIDA CELSO FURTADO (VIA MANGUE);;;PONTE ESTAIADA;PINA;;;COLISÃO TRASEIRA;1;1;0;0;0;0;0;0;0;0;0;;;;;;;;;;;;;
2023-02-10;sexta-feira ;04:28:00;COM VÍTIMA;BOA VIAGEM;RUA;RUA VISCONDE DE JEQUITINHONHA;;;EM FRENTE A CONCESSIONARIA LOCALIZA;BOA VIAGEM;;;COLISÃO LATERAL;1;1;0;0;0;0;0;0;0;1;0;;;;;;;;;;;;;
2023-02-10;sexta-feira ;10:34:00;COM VÍTIMA;IPSEP;AVENIDA;AVENIDA RECIFE;;;SPJ SÃO PAULO LOJA DE VEÍCULOS;IPSEP;212;SUBURBIO;COLISÃO TRASEIRA;1;0;0;1;0;0;0;0;0;1;0;;;;;;;;;;;;;
2023-02-10;sexta-feira ;10:48:00;COM VÍTIMA;BOA VIAGEM;RUA;RUA DOS NAVEGANTES;;;POR TRAS DA GALERIA JOÃO ROMA;BOA VIAGEM;;;COLISÃO LATERAL;1;1;0;0;0;0;0;0;0;1;0;;;;;;;;;;;;;
2023-02-10;sexta-feira ;10:54:00;COM VÍTIMA;ENCRUZILHADA;RUA;RUA DONA JULIETA;EST;EST DE BELEM;EM FRENTE A IGREJA DE BELEM;ENCRUZILHADA;;;COLISÃO TRANSVERSAL;1;1;0;0;0;0;0;0;0;2;0;;;;;;;;;;;;;
2023-02-11;sábado ;11:57:00;COM VÍTIMA;BOA VISTA;AVENIDA;AVENIDA VISCONDE DE SUASSUNA;RUA;RUA GOUVEIA DE BARROS;APÓS À ESCOLA TÉCNICA IRMÃ DULCE;BOA VISTA;;SUBURBIO;COLISÃO LATERAL;1;1;0;0;0;0;0;0;0;1;0;;;;;;;;;;;;;
2023-02-11;sábado ;12:23:00;COM VÍTIMA;TEJIPIO;RUA;RUA FALCAO DE LACERDA;;;EM FRENTE A PRAÇA DO PACHECO;TEJIPIÓ;;;COLISÃO FRONTAL;0;1;0;0;0;0;1;0;0;1;0;;;;;;;;;;;;;
2023-02-11;sábado ;01:00:00;COM VÍTIMA;IPUTINGA;AVENIDA;AVENIDA MAURICIO DE NASSAU;;;AO LADO DO ALTINO VENTURA;IPUTINGA;;;CHOQUE;1;1;0;0;0;0;0;0;0;2;0;;;;;;;;;;;;;
2023-02-11;sábado ;03:03:00;COM VÍTIMA;ARRUDA;RUA;RUA DO MACHADO;;;EM FRENTE A PRAÇA MARIA JOSÉ E PROXIMO A SEDE DO BLOCO OS IRRESPONSAVEIS;ARRUDA;;;COLISÃO LATERAL;1;1;0;0;0;0;0;0;0;1;0;;;;;;;;;;;;;
2023-02-11;sábado ;04:20:00;COM VÍTIMA;SANTO AMARO;AVENIDA;AVENIDA CRUZ CABUGA;;;NA FRENTE DO CEMITÉRIO DOS INGLESES;SANTO AMARO;;;ATROPELAMENTO DE PESSOA;0;0;0;0;1;1;0;0;0;1;0;;;;;;;;;;;;;
2023-02-11;sábado ;07:20:00;COM VÍTIMA;BARRO;AVENIDA;AVENIDA DR JOSE RUFINO;;;VIADUTO DA BR 101 (EM CIMA DO VIADUTO);BARRO;;;COLISÃO TRANSVERSAL;1;1;0;0;0;0;0;0;0;1;0;;;;;;;;;;;;;
2023-02-11;sábado ;08:27:00;COM VÍTIMA;IPSEP;AVENIDA;AVENIDA RECIFE;;;PRÓX. À FARMACIA PAGUE MENOS (ENTRADA DO IBURA);IPSEP;;;COLISÃO TRASEIRA;3;0;0;0;0;0;0;0;0;2;0;;;;;;;;;;;;;
2023-02-12;domingo ;05:19:00;SEM VÍTIMA;ALTO SANTA TERESINHA;RUA;RUA SODRELANDIA;;;EM FRENTE À SEDE MONTE PASCOAL (MERCADINHO LEMOS);ALTO SANTA TERESINHA;;;COLISÃO TRANSVERSAL;1;1;0;0;0;0;0;0;0;0;0;;;;;;;;;;;;;
2023-02-12;domingo ;11:59:00;COM VÍTIMA;BOA VIAGEM;RUA;RUA RIBEIRO DE BRITO;AVENIDA;AVENIDA RECIFE;PROX A ENTRADA DO ATACADÃO;BOA VIAGEM;;;COLISÃO LATERAL;1;1;0;0;0;0;0;0;0;1;0;;;;;;;;;;;;;
2023-02-12;domingo ;12:04:00;SEM VÍTIMA;DERBY;AVENIDA;AVENIDA GOVERNADOR AGAMENON MAGALHAES;;;SOB O SEMÁFORO 174;DERBY;174;SUBURBIO;COLISÃO TRASEIRA;1;1;0;0;0;0;0;0;0;0;0;;;;;;;;;;;;;
2023-02-12;domingo ;02:47:00;COM VÍTIMA;COQUEIRAL;RUA;RUA GUANABARA;;;EM FRENTE A ESTACÃO DE METRO DO COQUEIRAL;COQUEIRAL;;;COLISÃO FRONTAL;1;1;0;0;0;0;0;0;0;1;0;;;;;;;;;;;;;
2023-02-12;domingo ;09:11:00;SEM VÍTIMA;TAMARINEIRA;RUA;RUA SEBASTIAO ALVES;;;;TAMARINEIRA;;SUBURBIO;;2;0;0;0;0;0;0;0;0;0;0;;;;;;;;;;;;;
2023-02-12;domingo ;10:34:00;COM VÍTIMA;AREIAS;AVENIDA;AVENIDA RECIFE;;;BIG BOMPREÇO;AREIAS;;;COLISÃO FRONTAL;1;1;0;0;0;0;0;0;0;1;0;;;;;;;;;;;;;
2023-02-13;segunda-feira ;01:41:00;SEM VÍTIMA;AFLITOS;RUA;RUA CONS PORTELA;AVENIDA;AVENIDA CONS ROSA E SILVA;;AFLITOS;;;CHOQUE;0;0;0;0;0;0;0;0;0;0;0;;;;;;;;;;;;;
2023-02-13;segunda-feira ;08:38:00;COM VÍTIMA;CAXANGA;AVENIDA;AVENIDA CAXANGA;;;APÓS O HIPER BOM PREÇO, AO LADO A NISSAN;CAXANGÁ;;;COLISÃO LATERAL;1;1;0;0;0;0;0;0;0;1;0;;;;;;;;;;;;;
2023-02-13;segunda-feira ;08:04:00;COM VÍTIMA;ILHA DO LEITE;RUA;RUA ESTADO DE ISRAEL;RUA;RUA JORNALISTA TRAJANO CHACON;LADO OPOSTO AO HOSPITAL ILHA DO LEITE;ILHA DO LEITE;;SUBURBIO;COLISÃO LATERAL;1;1;0;0;0;0;0;0;0;1;0;;;;;;;;;;;;;
2023-02-13;segunda-feira ;08:10:00;COM VÍTIMA;PINA;RUA;RUA TOME GIBSON;AVENIDA;AVENIDA ENCANTA MOCA;PROX. A CENTRAL DA PICANHA;PINA;;SUBURBIO;COLISÃO LATERAL;1;1;0;0;0;0;0;0;0;1;0;;;;;;;;;;;;;
2023-02-13;segunda-feira ;08:32:00;COM VÍTIMA;BAIRRO DO RECIFE;AVENIDA;AVENIDA ALFREDO LISBOA;;;PROX. AO MARCO ZERO;BAIRRO DO RECIFE;;SUBURBIO;COLISÃO TRASEIRA;0;2;0;0;0;0;0;0;0;1;0;;;;;;;;;;;;;
2023-02-13;segunda-feira ;08:46:00;COM VÍTIMA;CORDEIRO;RUA;RUA GOMES TABORDA;RUA;RUA SECUNDINO CARNEIRO;EM FRENTE A GALERIA SEVERINO BARBOSA DE MEDEIROS;CORDEIRO;;SUBURBIO;COLISÃO LATERAL;0;1;0;0;0;0;0;1;0;1;0;;;;;;;;;;;;;
2023-02-13;segunda-feira ;10:04:00;COM VÍTIMA;IPSEP;AVENIDA;AVENIDA RECIFE;;;PRÓX. AO POSTO BR / SENTIDO IBURA;IPSEP;;;COLISÃO LATERAL;1;1;0;0;0;0;0;0;0;1;0;;;;;;;;;;;;;
2023-02-13;segunda-feira ;12:45:00;COM VÍTIMA;ARRUDA;RUA;RUA RAUL POMPEIA;;;PROX A IGREJA ASSEMBLEIA DE DEUS;ARRUDA;;;COLISÃO LATERAL;1;1;0;0;0;0;0;0;0;1;0;;;;;;;;;;;;;
2023-02-13;segunda-feira ;02:15:00;SEM VÍTIMA;SAO JOSE;CAIS;CAIS SANTA RITA;;;EM FRENTE AO 16º BATALHÃO PM-PE;SÃO JOSÉ;;SUBURBIO;;1;0;0;0;0;0;0;1;0;0;0;;;;;;;;;;;;;
2023-02-13;segunda-feira ;02:27:00;COM VÍTIMA;AFOGADOS;AVENIDA;AVENIDA SUL;;;PROX A POLICLINICA DE AFOGADOS;AFOGADOS;;CIDADE;COLISÃO LATERAL;1;1;0;0;0;0;0;0;0;1;0;;;;;;;;;;;;;
2023-02-13;segunda-feira ;04:49:00;COM VÍTIMA;IMBIRIBEIRA;AVENIDA;AVENIDA GENERAL MAC ARTHUR;RUA;RUA SARGENTO SILVINO DE MACEDO;RUA SARGENTO SILVINO DE MACEDO;IMBIRIBEIRA;442;SUBURBIO;COLISÃO LATERAL;1;1;0;0;0;0;0;0;0;1;0;;;;;;;;;;;;;
2023-02-13;segunda-feira ;05:44:00;COM VÍTIMA;BOA VIAGEM;RUA;RUA SETUBAL;RUA;RUA BALTAZAR PASSOS;EM FRENTE AO EDIFICIO COSTA DOS NAVEGANTES;BOA VIAGEM;;;COLISÃO LATERAL;1;1;0;0;0;0;0;0;0;1;0;;;;;;;;;;;;;
2023-02-13;segunda-feira ;06:20:00;COM VÍTIMA;JORDAO;AVENIDA;AVENIDA DONA CARENTINA;;;MERCADINHO POP;JORDÃO;;SUBURBIO;ATROPELAMENTO DE PESSOA;1;1;0;0;1;0;0;0;0;1;0;;;;;;;;;;;;;
2023-02-13;segunda-feira ;08:21:00;COM VÍTIMA;PINA;AVENIDA;AVENIDA ENGENHEIRO DOMINGOS FERREIRA;;;COM  A RUA PEREIRA DA COSTA;PINA;142;SUBURBIO;ATROPELAMENTO DE PESSOA;0;1;0;0;1;0;0;0;0;2;0;;;;;;;;;;;;;
2023-02-13;segunda-feira ;08:59:00;SEM VÍTIMA;BOA VISTA;RUA;RUA GERVASIO PIRES;AVENIDA;AVENIDA CONDE DA BOA VISTA;EM FRENTE AO EDIFÍCIO SANTA CRUZ;BOA VISTA;;;CHOQUE;0;0;0;0;0;0;0;1;0;0;0;;;;;;;;;;;;;
2023-02-13;segunda-feira ;09:23:00;SEM VÍTIMA;IBURA;AVENIDA;AVENIDA SANTA FE;AVENIDA;AVENIDA RIO VERDE;;IBURA;;SUBURBIO;;1;0;0;0;0;0;0;1;0;0;0;;;;;;;;;;;;;
2023-02-14;terça-feira ;07:45:00;COM VÍTIMA;PRADO;RUA;RUA GOMES TABORDA;RUA;RUA DES ADOLFO CIRIACO;EM FRENTE A SINDI COMBUSTIVEIS;PRADO;;;COLISÃO LATERAL;1;1;0;0;0;0;0;0;0;1;0;;;;;;;;;;;;;
2023-02-14;terça-feira ;07:57:00;COM VÍTIMA;DERBY;AVENIDA;AVENIDA GOVERNADOR AGAMENON MAGALHAES;;;PROX A CLINICA PRONTO PELE / EMERGENCIA DA PELE;DERBY;;;COLISÃO LATERAL;1;1;0;0;0;0;0;0;0;1;0;;;;;;;;;;;;;
2023-02-14;terça-feira ;09:15:00;SEM VÍTIMA;SANTO ANTONIO;RUA;RUA DO SOL;RUA;RUA PRINCESA IZABEL;EM FRENTE AO TEATRO SANTA IZABEL;SANTO ANTÔNIO;;CIDADE;;1;0;0;0;0;1;0;0;0;0;0;;;;;;;;;;;;;
2023-02-14;terça-feira ;09:47:00;COM VÍTIMA;ALTO DO MANDU;AVENIDA;AVENIDA NORTE MIGUEL ARRAES DE ALENCAR;;;EM FRENTE AO BAR NORTE;ALTO DO MANDU;65;;COLISÃO LATERAL;0;2;0;0;0;0;0;0;0;1;0;;;;;;;;;;;;;
2023-02-14;terça-feira ;09:52:00;SEM VÍTIMA;SANTO AMARO;RUA;RUA ARLINDO MELO;;;EM FRENTE AO SHOPPING TACARUNA;SANTO AMARO;;CIDADE;;0;1;0;0;0;0;0;1;0;0;0;;;;;;;;;;;;;
2023-02-14;terça-feira ;11:43:00;COM VÍTIMA;DERBY;PRC;PRC DO DERBY;;;;DERBY;;;ATROPELAMENTO DE PESSOA;0;1;0;0;1;0;0;0;0;1;0;;;;;;;;;;;;;
2023-02-14;terça-feira ;01:57:00;COM VÍTIMA;CASA AMARELA;EST;EST DAS UBAIAS;;;BOM DEMAIS SUPERMERCADO;CASA AMARELA;;;COLISÃO LATERAL;1;1;0;0;0;0;0;0;0;1;0;;;;;;;;;;;;;
2023-02-14;terça-feira ;04:14:00;COM VÍTIMA;IMBIRIBEIRA;AVENIDA;AVENIDA MARECHAL MASCARENHAS DE MORAES;;;SOBRE O VIADUTO TANCREDO NEVES;IMBIRIBEIRA;;;COLISÃO FRONTAL;1;1;0;0;0;0;0;0;0;1;0;;;;;;;;;;;;;
2023-02-14;terça-feira ;05:37:00;COM VÍTIMA;PORTO DA MADEIRA;AVENIDA;AVENIDA CIDADE DE MONTEIRO;;;EM FRENTE A GALERIA O TERRAÇO;PORTO DA MADEIRA;;;COLISÃO LATERAL;2;1;0;0;0;0;0;0;0;2;0;;;;;;;;;;;;;
2023-02-14;terça-feira ;07:01:00;COM VÍTIMA;IBURA;AVENIDA;AVENIDA DOIS RIOS;;;EM FRENTE A ACADEMIA MOTIVE;IBURA;;;COLISÃO TRASEIRA;1;1;0;0;0;0;0;0;0;1;0;;;;;;;;;;;;;
2023-02-15;quarta-feira ;08:00:00;COM VÍTIMA;AGUA FRIA;RUA;RUA MANOEL SILVA;;;PRÓX. AO ESPETINHO DO BÊU;ÁGUA FRIA;285;SUBURBIO;COLISÃO LATERAL;1;1;0;0;0;0;0;0;0;1;0;;;;;;;;;;;;;
2023-02-15;quarta-feira ;08:10:00;SEM VÍTIMA;ARRUDA;AVENIDA;AVENIDA BEBERIBE;;;;ARRUDA;492;CIDADE;COLISÃO TRASEIRA;1;0;0;0;0;0;1;0;0;0;0;;;;;;;;;;;;;
2023-02-15;quarta-feira ;08:20:00;COM VÍTIMA;ILHA DO LEITE;TUNEL;TUNEL CHICO SCIENCE;;;DENTRO DO TÚNEL;ILHA DO LEITE;;;COLISÃO FRONTAL;2;0;0;0;0;0;0;0;0;1;0;;;;;;;;;;;;;
2023-02-15;quarta-feira ;12:47:00;COM VÍTIMA;VARZEA;RUA;RUA MANUEL DE MEDEIROS;;;E/F AO MOTEL PARAISO;VÁRZEA;;;COLISÃO LATERAL;1;1;0;0;0;0;0;0;0;1;0;;;;;;;;;;;;;
2023-02-15;quarta-feira ;03:07:00;COM VÍTIMA;BEBERIBE;AVENIDA;AVENIDA HILDEBRANDO DE VASCONCELOS;RUA;RUA COMPOSITOR VINICIUS DE MORAIS;RUA COMPOSITOR VINICIUS DE MORAIS;BEBERIBE;;;COLISÃO LATERAL;1;1;0;0;0;0;0;0;0;1;0;;;;;;;;;;;;;
2023-02-15;quarta-feira ;05:12:00;SEM VÍTIMA;ARRUDA;AVENIDA;AVENIDA PROFESSOR JOSE DOS ANJOS;AVENIDA;AVENIDA NORTE MIGUEL ARRAES DE ALENCAR;SESC DE CASA AMARELA;ARRUDA;364;;;1;0;0;0;0;0;1;0;0;0;0;;;;;;;;;;;;;
2023-02-15;quarta-feira ;08:54:00;COM VÍTIMA;BEBERIBE;AVENIDA;AVENIDA BEBERIBE;;;PRÓX. AO PAGODE DA PRESSÃO;BEBERIBE;;;COLISÃO TRASEIRA;0;2;0;0;0;0;0;0;0;2;0;;;;;;;;;;;;;
2023-02-15;quarta-feira ;09:40:00;COM VÍTIMA;CAMPO GRANDE;RUA;RUA ODORICO MENDES;;;EMFRENTE AO CLUBE DAS PÁS;CAMPO GRANDE;;;COLISÃO TRASEIRA;1;1;0;0;0;0;0;0;0;1;0;;;;;;;;;;;;;
2023-02-15;quarta-feira ;10:19:00;COM VÍTIMA;IBURA;RUA;RUA RIO BRIGIDA;;;EM FRENTE À IGREJA VERBO DA VIDA DO IBURA DE BAIXO;IBURA;;;COLISÃO TRANSVERSAL;1;1;0;0;0;0;0;0;0;2;0;;;;;;;;;;;;;
2023-02-16;quinta-feira ;07:27:00;COM VÍTIMA;ESPINHEIRO;AVENIDA;AVENIDA JOAO DE BARROS;;;EM FRENTE A EXTRAFARMA;ESPINHEIRO;;;COLISÃO LATERAL;1;1;0;0;0;0;0;0;0;1;0;;;;;;;;;;;;;
2023-02-16;quinta-feira ;07:23:00;SEM VÍTIMA;SAN MARTIN;AVENIDA;AVENIDA GENERAL SAN MARTIN;;;EM FRENTE AO RESTAURANTE XODÓ NORDESTINO;SAN MARTIN;;CIDADE;COLISÃO TRASEIRA;3;0;0;0;0;0;0;0;0;0;0;;;;;;;;;;;;;
2023-02-16;quinta-feira ;08:10:00;COM VÍTIMA;IMBIRIBEIRA;RUA;RUA ITAJAI;RUA;RUA ITACARI;PROX. A GOCIL SEGURANÇA;IMBIRIBEIRA;;;COLISÃO FRONTAL;1;1;0;0;0;0;0;0;0;1;0;;;;;;;;;;;;;
2023-02-16;quinta-feira ;08:11:00;COM VÍTIMA;SAN MARTIN;AVENIDA;AVENIDA GENERAL SAN MARTIN;;;PROX AO COLEGIO ADVENTISTA / E AO SEMÁFORO 371;SAN MARTIN;371;;COLISÃO LATERAL;1;1;0;0;0;0;0;0;0;2;0;;;;;;;;;;;;;
2023-02-16;quinta-feira ;10:28:00;COM VÍTIMA;AGUA FRIA;RUA;RUA DA REGENERACAO;;;PRÓX. À LOJA DE FERRAGENS  JOSÉ LUIZ DA FONSECA;ÁGUA FRIA;;;COLISÃO LATERAL;1;1;0;0;0;0;0;0;0;1;0;;;;;;;;;;;;;
2023-02-16;quinta-feira ;10:54:00;COM VÍTIMA;BOA VISTA;RUA;RUA DA GLORIA;;;PROX. A DELEGACIA DO IDOSO;BOA VISTA;;;COLISÃO LATERAL;1;1;0;0;0;0;0;0;0;1;0;;;;;;;;;;;;;
2023-02-16;quinta-feira ;11:32:00;COM VÍTIMA;IPSEP;RUA;RUA SAO NICOLAU;RUA;RUA ABDIAS CABRAL DE MOURA;PROX. A MICRO EQUIPAMENTOS;IPSEP;;SUBURBIO;COLISÃO LATERAL;1;1;0;0;0;0;0;0;0;1;0;;;;;;;;;;;;;
2023-02-16;quinta-feira ;12:58:00;SEM VÍTIMA;PINA;AVENIDA;AVENIDA ANTONIO DE GOES;;;EM FRENTE AÀ PRF / LADO OPOSTO AO RESTAURANTE BARGAÇO Nº 62;PINA;;CIDADE;COLISÃO TRASEIRA;2;0;0;0;0;0;0;0;0;0;0;;;;;;;;;;;;;
2023-02-16;quinta-feira ;03:07:00;COM VÍTIMA;PINA;PTE;PTE VICE PRESIDENTE JOSE ALENCAR;;;ENTRADA DO RIOMAR;PINA;;;COLISÃO LATERAL;1;1;0;0;0;0;0;0;0;1;0;;;;;;;;;;;;;
2023-02-16;quinta-feira ;06:50:00;COM VÍTIMA;CABANGA;PTE;PTE GOVERNADOR PAULO GUERRA;;;SENTIDO CENTRO;CABANGA;;;COLISÃO FRONTAL;1;1;0;0;0;0;0;0;0;3;0;;;;;;;;;;;;;
2023-02-16;quinta-feira ;06:53:00;COM VÍTIMA;IPSEP;RUA;RUA BLUMENAU;;;PERTO DE 13 DISTRITO;IPSEP;;;COLISÃO LATERAL;1;1;0;0;0;0;0;0;0;1;0;;;;;;;;;;;;;