data;dia_semana;hora;natureza;bairro;logradouro_endereco;endereco;logradouro_detalhe_endereço;detalhe_endereco_acidente;complemento;bairro_cruzamento;num_semaforo;sentido_via;tipo;auto;moto;ciclom;ciclista;pedestre;onibus;caminhao;viatura;outros;vitimas;vitimasfatais;acidente_verificado;tempo_clima;situacao_semaforo;sinalizacao;condicao_via;conservacao_via;ponto_controle;situacao_placa;velocidade_max_via;mao_direcao;divisao_via1;divisao_via2;divisao_via3
2023-02-16;quinta-feira ;08:16:00;COM VÍTIMA;IMBIRIBEIRA;RUA;RUA JOAQUIM BANDEIRA;;;EMBAIXO DO PONTILHÃO;IMBIRIBEIRA;;;COLISÃO TRASEIRA;2;1;0;0;0;0;0;0;0;2;0;;;;;;;;;;;;;
2023-02-16;quinta-feira ;10:46:00;COM VÍTIMA;MACAXEIRA;AVENIDA;AVENIDA NORTE MIGUEL ARRAES DE ALENCAR;RUA;RUA CORONEL JOAO BATISTA DO REGO BARROS;EM FRENTE A PRAÇA DA MACAXEIRA;MACAXEIRA;671;SUBURBIO;COLISÃO FRONTAL;1;1;0;0;0;0;0;0;0;1;0;;;;;;;;;;;;;
2023-02-17;sexta-feira ;09:09:00;SEM VÍTIMA;SANTO AMARO;RUA;RUA GOUVEIA DE BARROS;;;;SANTO AMARO;;SUBURBIO;TOMBAMENTO;2;0;0;0;0;0;0;0;0;0;0;;;;;;;;;;;;;
2023-02-17;sexta-feira ;10:31:00;COM VÍTIMA;ENCRUZILHADA;RUA;RUA DR JOSE MARIA;RUA;RUA CARLOS BORROMEU;IGREJA UNIVERSAL;ENCRUZILHADA;;;ATROPELAMENTO DE PESSOA;1;0;0;0;1;0;0;0;0;1;0;;;;;;;;;;;;;
2023-02-17;sexta-feira ;10:32:00;COM VÍTIMA;BOA VIAGEM;AVENIDA;AVENIDA HELIO FALCAO;;;PROX AO COLEGIO ANCHIETA;BOA VIAGEM;;;ATROPELAMENTO DE PESSOA;2;0;0;0;1;0;0;0;0;1;0;;;;;;;;;;;;;
2023-02-17;sexta-feira ;10:39:00;SEM VÍTIMA;BAIRRO DO RECIFE;PTE;PTE CONDE MAURICIO DE NASSAU;;;SOB A PONTE;BAIRRO DO RECIFE;;;COLISÃO LATERAL;0;0;0;0;0;0;0;0;0;0;0;;;;;;;;;;;;;
2023-02-17;sexta-feira ;11:15:00;SEM VÍTIMA;SANTO AMARO;AVENIDA;AVENIDA GOVERNADOR AGAMENON MAGALHAES;;;LADO OPOSTO A DELEGACIA REGIONAL DO TRABALHO;SANTO AMARO;465;SUBURBIO;COLISÃO TRASEIRA;1;0;0;0;0;0;0;1;0;0;0;;;;;;;;;;;;;
2023-02-17;sexta-feira ;11:20:00;SEM VÍTIMA;CORDEIRO;RUA;RUA GOMES TABORDA;;;AO LADO DO SINDI COMBUSTIVEIS;CORDEIRO;;CIDADE;CHOQUE;0;0;0;0;0;0;1;0;0;0;0;;;;;;;;;;;;;
2023-02-17;sexta-feira ;12:25:00;COM VÍTIMA;TORRE;RUA;RUA CONDE DE IRAJA;;;EM FRENTE A CASA JOSUE DE CASTRO;TORRE;;SUBURBIO;COLISÃO LATERAL;1;1;0;0;0;0;0;0;0;1;0;;;;;;;;;;;;;
2023-02-17;sexta-feira ;01:44:00;COM VÍTIMA;ILHA DO RETIRO;AVENIDA;AVENIDA ENGENHEIRO ABDIAS DE CARVALHO;;;EM FRENTE A FARMACIA DROGASIL;ILHA DO RETIRO;;;COLISÃO LATERAL;1;2;0;0;0;0;0;0;0;4;0;;;;;;;;;;;;;
2023-02-17;sexta-feira ;04:31:00;COM VÍTIMA;CASA AMARELA;EST;EST DAS UBAIAS;;;E/F A PADARIA PARLA DELI;CASA AMARELA;;;COLISÃO TRASEIRA;1;1;0;0;0;0;0;0;0;1;0;;;;;;;;;;;;;
2023-02-17;sexta-feira ;06:28:00;COM VÍTIMA;JOANA BEZERRA;VIADUTO;VIADUTO CAPITAO TEMUDO;;;SOBRE O VIADUTO / NA ALSA PARA O SHOPPING RIO MAR;JOANA BEZERRA;;;COLISÃO LATERAL;1;1;0;0;0;0;0;0;0;2;0;;;;;;;;;;;;;
2023-02-18;sábado ;01:30:00;COM VÍTIMA;IMBIRIBEIRA;AVENIDA;AVENIDA MARECHAL MASCARENHAS DE MORAES;;;E/F À LOJA LASER ELETRO - SENTIDO CIDADE;IMBIRIBEIRA;;;COLISÃO TRASEIRA;0;2;0;0;0;0;0;0;0;1;0;;;;;;;;;;;;;
2023-02-18;sábado ;12:01:00;COM VÍTIMA;BOA VISTA;RUA;RUA DO RIACHUELO;;;VILA SANTO ANTÔNIO;BOA VISTA;;CIDADE;COLISÃO LATERAL;1;1;0;0;0;0;0;0;0;2;0;;;;;;;;;;;;;
2023-02-18;sábado ;12:29:00;COM VÍTIMA;ESPINHEIRO;RUA;RUA CARNEIRO VILELA;RUA;RUA CONS PORTELA;GALERIA CONSELHEIRO PORTELA / BANCO ITAU DA JOÃO DE BARROS;ESPINHEIRO;;CIDADE;COLISÃO LATERAL;1;1;0;0;0;0;0;0;0;1;0;;;;;;;;;;;;;
2023-02-18;sábado ;04:19:00;SEM VÍTIMA;CASA FORTE;PRC;PRC RADIO JORNAL DO COMERCIO;;;AO LADO DO BOM PREÇO;CASA FORTE;;SUBURBIO;COLISÃO LATERAL;2;0;0;0;0;0;0;0;0;0;0;;;;;;;;;;;;;
2023-02-18;sábado ;04:39:00;COM VÍTIMA;JIQUIA;AVENIDA;AVENIDA DR JOSE RUFINO;RUA;RUA MORAIS E SILVA;;JIQUIÁ;;SUBURBIO;COLISÃO TRASEIRA;1;1;0;0;0;0;0;0;0;3;0;;;;;;;;;;;;;
2023-02-18;sábado ;06:54:00;SEM VÍTIMA;BOA VISTA;AVENIDA;AVENIDA CONDE DA BOA VISTA;;;EM FRENTE A TVPE / ESQ. DO POSTO SHELL;BOA VISTA;;;COLISÃO TRASEIRA;0;0;0;0;0;0;0;2;0;0;0;;;;;;;;;;;;;
2023-02-18;sábado ;07:27:00;COM VÍTIMA;SANTO AMARO;AVENIDA;AVENIDA NORTE MIGUEL ARRAES DE ALENCAR;;;EM FRENTE AO SENAI;SANTO AMARO;;CIDADE;QUEDA;0;1;0;0;0;0;0;0;0;1;0;;;;;;;;;;;;;
2023-02-19;domingo ;01:09:00;COM VÍTIMA;IBURA;AVENIDA;AVENIDA MATO GROSSO;;;PRÓXIMO A PADARIA MONZA;IBURA;;;CHOQUE;1;1;0;0;0;0;0;0;0;1;0;;;;;;;;;;;;;
2023-02-19;domingo ;10:04:00;COM VÍTIMA;CASA AMARELA;RUA;RUA PADRE LEMOS;;;PRÓX. AO POSTO BR;CASA AMARELA;;SUBURBIO;COLISÃO TRASEIRA;1;1;0;0;0;0;0;0;0;2;0;;;;;;;;;;;;;
2023-02-19;domingo ;11:25:00;COM VÍTIMA;MADALENA;RUA;RUA DEMOCRITO DE SOUZA FILHO;RUA;RUA BARTOLOMEU DE GUSMAO;PRÓX. AO GARDEN BELEZA. CAFÉ, MODA. BARBEARIA;MADALENA;;SUBURBIO;COLISÃO LATERAL;1;1;0;0;0;0;0;0;0;1;0;;;;;;;;;;;;;
2023-02-19;domingo ;12:29:00;COM VÍTIMA;ILHA DO RETIRO;AVENIDA;AVENIDA ENGENHEIRO ABDIAS DE CARVALHO;AVENIDA;AVENIDA JOSE GONCALVES DE MEDEIROS;EM FRENTE A MCDONALD´S;ILHA DO RETIRO;355;SUBURBIO;COLISÃO LATERAL;1;1;0;0;0;0;0;0;0;1;0;;;;;;;;;;;;;
2023-02-19;domingo ;12:38:00;COM VÍTIMA;AFLITOS;AVENIDA;AVENIDA CONS ROSA E SILVA;;;PRÓX. AO CLUBE PORTUGUÊS;AFLITOS;;;COLISÃO TRASEIRA;1;0;0;0;0;0;0;1;0;1;0;;;;;;;;;;;;;
2023-02-19;domingo ;09:39:00;COM VÍTIMA;SANTO AMARO;AVENIDA;AVENIDA CRUZ CABUGA;RUA;RUA FREI CASSIMIRO;PROX. A CASA DA INDUSTRIA;SANTO AMARO;;;COLISÃO LATERAL;1;1;0;0;0;0;0;0;0;1;0;;;;;;;;;;;;;
2023-02-20;segunda-feira ;02:19:00;VÍTIMA FATAL;BOA VISTA;AVENIDA;AVENIDA CONDE DA BOA VISTA;RUA;RUA DO HOSPICIO;COM A RUA DO HOSPICIO;BOA VISTA;23;SUBURBIO;ATROPELAMENTO DE PESSOA;0;0;0;0;1;1;0;0;0;0;1;;;;;;;;;;;;;
2023-02-20;segunda-feira ;02:23:00;SEM VÍTIMA;CORDEIRO;AVENIDA;AVENIDA PROFESSOR ESTEVAO FRANCISCO DA COSTA;;;COM RUA ELISEU CAVALCANTI;CORDEIRO;;;COLISÃO LATERAL;2;0;0;0;0;0;0;0;0;0;0;;;;;;;;;;;;;
2023-02-20;segunda-feira ;05:27:00;COM VÍTIMA;IMBIRIBEIRA;AVENIDA;AVENIDA MARECHAL MASCARENHAS DE MORAES;;;EM FRENTE AO BANCO BRADESCO;IMBIRIBEIRA;439;CIDADE;COLISÃO LATERAL;1;1;0;0;0;0;0;0;0;1;0;;;;;;;;;;;;;
2023-02-20;segunda-feira ;09:02:00;COM VÍTIMA;BOA VIAGEM;RUA;RUA RIBEIRO DE BRITO;;;AO LADO DA UNINASSAU;BOA VIAGEM;;;COLISÃO FRONTAL;1;1;0;0;0;0;0;0;0;2;0;;;;;;;;;;;;;
2023-02-20;segunda-feira ;09:37:00;COM VÍTIMA;BOA VIAGEM;RUA;RUA RIBEIRO DE BRITO;RUA;RUA AMALIA BERNARDINO DE SOUZA;AO LADO DA UNINASSAU;BOA VIAGEM;;CIDADE;COLISÃO FRONTAL;1;1;0;0;0;0;0;0;0;2;0;;;;;;;;;;;;;
2023-02-20;segunda-feira ;10:27:00;COM VÍTIMA;BOA VIAGEM;RUA;RUA CAMBOIM;RUA;RUA JOAO CARDOSO AIRES;DONA GULA;BOA VIAGEM;;SUBURBIO;COLISÃO LATERAL;2;0;0;0;0;0;0;0;0;1;0;;;;;;;;;;;;;
2023-02-20;segunda-feira ;12:30:00;COM VÍTIMA;CORDEIRO;RUA;RUA CLAUDIO BROTHERHOOD;RUA;RUA GOMES TABORDA;E/F A GRAFICA CAMPELO;CORDEIRO;;SUBURBIO;COLISÃO FRONTAL;0;2;0;0;0;0;0;0;0;1;0;;;;;;;;;;;;;
2023-02-20;segunda-feira ;03:17:00;COM VÍTIMA;BOA VIAGEM;AVENIDA;AVENIDA ENGENHEIRO DOMINGOS FERREIRA;RUA;RUA TOME GIBSON;PROX AO COLEGIO MUNICIPAL OSWALDO DE LIMA FILHO;BOA VIAGEM;200;SUBURBIO;COLISÃO TRASEIRA;0;2;0;0;0;0;0;0;0;2;0;;;;;;;;;;;;;
2023-02-20;segunda-feira ;08:14:00;COM VÍTIMA;CAXANGA;AVENIDA;AVENIDA CAXANGA;RUA;RUA RIBEIRO PESSOA;PRÓXIMO A UPA;CAXANGÁ;;SUBURBIO;COLISÃO FRONTAL;0;0;0;0;0;0;0;0;0;1;0;;;;;;;;;;;;;
2023-02-20;segunda-feira ;08:31:00;SEM VÍTIMA;CORDEIRO;RUA;RUA OCIDENTAL;;;ANTIGO TERMINAL DO SÍTIO DAS PALMEIRAS;CORDEIRO;;;CHOQUE;0;0;0;0;0;0;0;0;0;0;0;;;;;;;;;;;;;
2023-02-21;terça-feira ;01:24:00;SEM VÍTIMA;ESPINHEIRO;RUA;RUA BUENOS AYRES;;;EM FRENTE AO SANTANDER;ESPINHEIRO;;;COLISÃO FRONTAL;0;0;0;0;0;0;0;0;0;0;0;;;;;;;;;;;;;
2023-02-21;terça-feira ;02:44:00;COM VÍTIMA;GRACAS;AVENIDA;AVENIDA CONS ROSA E SILVA;RUA;RUA ANTENOR NAVARRO;;GRAÇAS;522;SUBURBIO;COLISÃO FRONTAL;2;0;0;0;0;0;0;0;0;1;0;;;;;;;;;;;;;
2023-02-21;terça-feira ;07:48:00;COM VÍTIMA;IMBIRIBEIRA;AVENIDA;AVENIDA MARECHAL MASCARENHAS DE MORAES;;;EM FRENTE AO POSTO BR;IMBIRIBEIRA;;;COLISÃO TRASEIRA;1;1;0;0;0;0;0;0;0;1;0;;;;;;;;;;;;;
2023-02-21;terça-feira ;10:33:00;COM VÍTIMA;IBURA;AVENIDA;AVENIDA RECIFE;RUA;RUA SAO NICOLAU;SEMÁFORO 016;IBURA;16;SUBURBIO;COLISÃO TRASEIRA;2;1;0;0;0;0;0;0;0;2;0;;;;;;;;;;;;;
2023-02-21;terça-feira ;03:22:00;COM VÍTIMA;BOA VIAGEM;RUA;RUA VISCONDE DE JEQUITINHONHA;RUA;RUA ERNESTO DE PAULA SANTOS;DE ESQUINA COM O SOBERANO;BOA VIAGEM;304;;COLISÃO LATERAL;1;0;0;0;0;1;0;0;0;1;0;;;;;;;;;;;;;
2023-02-21;terça-feira ;03:33:00;SEM VÍTIMA;CAXANGA;AVENIDA;AVENIDA CAXANGA;RUA;RUA JOSE OSORIO;SOB O SEMÁFORO DE Nº 489;CAXANGÁ;489;SUBURBIO;;1;0;0;0;0;0;1;0;0;0;0;;;;;;;;;;;;;
2023-02-22;quarta-feira ;02:36:00;COM VÍTIMA;ILHA JOANA BEZERRA;VIADUTO;VIADUTO CAPITAO TEMUDO;;;ALÇA DE ACESSO À RUA IMPERIAL;ILHA JOANA BEZERRA;;SUBURBIO;CHOQUE;1;0;0;0;0;0;0;0;1;1;0;;;;;;;;;;;;;
2023-02-22;quarta-feira ;05:47:00;COM VÍTIMA;AFOGADOS;RUA;RUA SAO MIGUEL;;;PRÓXIMO AO 14° BATALHÃO LOGISTICO;AFOGADOS;;CIDADE;COLISÃO FRONTAL;2;0;0;0;0;0;0;0;0;2;0;;;;;;;;;;;;;
2023-02-22;quarta-feira ;07:40:00;COM VÍTIMA;AFOGADOS;RUA;RUA SAO MIGUEL;;;;AFOGADOS;391;CIDADE;COLISÃO TRASEIRA;0;2;0;0;0;0;0;0;0;2;0;;;;;;;;;;;;;
2023-02-22;quarta-feira ;09:29:00;COM VÍTIMA;SAO JOSE;RUA;RUA IMPERIAL;RUA;RUA BOM SUCESSO;APÓS O COLÉGIO JOAQUIM NABUCO;SÃO JOSÉ;;;COLISÃO LATERAL;1;1;0;0;0;0;0;0;0;1;0;;;;;;;;;;;;;
2023-02-22;quarta-feira ;10:27:00;COM VÍTIMA;ILHA DO RETIRO;AVENIDA;AVENIDA ENGENHEIRO ABDIAS DE CARVALHO;EST;EST DOS REMEDIOS;EM FRENTE A FARMACIA INDEPENDENTE;ILHA DO RETIRO;52;;COLISÃO LATERAL;2;0;0;0;0;0;0;0;0;2;0;;;;;;;;;;;;;
2023-02-22;quarta-feira ;04:15:00;COM VÍTIMA;PINA;AVENIDA;AVENIDA CELSO FURTADO (VIA MANGUE);;;NA VIA MANGUE;PINA;;;COLISÃO FRONTAL;1;1;0;0;0;0;0;0;0;1;0;;;;;;;;;;;;;
2023-02-22;quarta-feira ;07:01:00;SEM VÍTIMA;ARRUDA;AVENIDA;AVENIDA PROFESSOR JOSE DOS ANJOS;;;PROX AO DNOCS;ARRUDA;;;COLISÃO LATERAL;1;0;0;0;0;0;1;0;0;0;0;;;;;;;;;;;;;
2023-02-23;quinta-feira ;07:38:00;COM VÍTIMA;BOA VIAGEM;RUA;RUA DEZ DE JULHO;;;PRÓX. À ESTAÇÃO AEROPORTO;BOA VIAGEM;;;COLISÃO LATERAL;1;1;0;0;0;0;0;0;0;1;0;;;;;;;;;;;;;
2023-02-23;quinta-feira ;07:47:00;COM VÍTIMA;IPSEP;RUA;RUA ADERBAL DE MELO;;;PRÓX. À PRAÇA DO IPÊ / LÉO BAR;IPSEP;;;COLISÃO FRONTAL;1;1;0;0;0;0;0;0;0;1;0;;;;;;;;;;;;;
2023-02-23;quinta-feira ;08:04:00;COM VÍTIMA;SAN MARTIN;AVENIDA;AVENIDA CONSUL VILARES FRAGOSO;;;CAVALARIA;SAN MARTIN;;;COLISÃO LATERAL;1;1;0;0;0;0;0;0;0;1;0;;;;;;;;;;;;;
2023-02-23;quinta-feira ;11:55:00;SEM VÍTIMA;IMBIRIBEIRA;AVENIDA;AVENIDA MARECHAL MASCARENHAS DE MORAES;;;EM FRENTE AO POSTO IPIRANGA;IMBIRIBEIRA;396;SUBURBIO;;0;1;0;0;0;0;0;1;0;0;0;;;;;;;;;;;;;
2023-02-23;quinta-feira ;01:02:00;SEM VÍTIMA;BOA VIAGEM;AVENIDA;AVENIDA ANTONIO TORRES GALVAO;AVENIDA;AVENIDA CELSO FURTADO (VIA MANGUE);EM CIMA DA PONTE DA VIA MANGUE  S/T CID;BOA VIAGEM;;;COLISÃO LATERAL;1;0;0;0;0;0;1;0;0;0;0;;;;;;;;;;;;;
2023-02-23;quinta-feira ;03:10:00;COM VÍTIMA;AGUA FRIA;AVENIDA;AVENIDA BEBERIBE;;;EM FRENTE AO MERCADINHO DOIS IRMÃOS;ÁGUA FRIA;;;COLISÃO LATERAL;1;1;0;0;0;0;0;0;0;1;0;;;;;;;;;;;;;
2023-02-23;quinta-feira ;04:11:00;COM VÍTIMA;SAO JOSE;AVENIDA;AVENIDA DANTAS BARRETO;;;E/F AO ANTIGO BANCO SANTANDER;SÃO JOSÉ;;;ATROPELAMENTO DE PESSOA;0;0;0;0;1;1;0;0;0;1;0;;;;;;;;;;;;;
2023-02-23;quinta-feira ;05:29:00;COM VÍTIMA;SAO JOSE;RUA;RUA IMPERIAL;;;S/T AFOGADOS E/F AO PONTILHAO DO METRO;SÃO JOSÉ;;;COLISÃO LATERAL;1;1;0;0;0;0;0;0;0;1;0;;;;;;;;;;;;;
2023-02-23;quinta-feira ;07:19:00;COM VÍTIMA;BONGI;AVENIDA;AVENIDA ENGENHEIRO ABDIAS DE CARVALHO;;;POSTO BR;BONGI;;;COLISÃO COM CICLISTA;0;0;0;1;0;1;0;0;0;1;0;;;;;;;;;;;;;
2023-02-23;quinta-feira ;07:56:00;SEM VÍTIMA;TORRE;RUA;RUA REAL DA TORRE;RUA;RUA PADRE ANCHIETA;;TORRE;192;SUBURBIO;;1;0;0;0;0;0;0;1;0;0;0;;;;;;;;;;;;;
2023-02-23;quinta-feira ;10:53:00;VÍTIMA FATAL;CORDEIRO;AVENIDA;AVENIDA CAXANGA;;;EM FRENTE À ASEMBLÉIA DE DEUS;CORDEIRO;;CI;ATROPELAMENTO DE PESSOA;1;0;0;0;1;0;0;0;0;0;1;;;;;;;;;;;;;
2023-02-24;sexta-feira ;07:08:00;COM VÍTIMA;BOA VIAGEM;AVENIDA;AVENIDA CONSELHEIRO AGUIAR;RUA;RUA RIBEIRO DE BRITO;PRÓX. À FARMÁCIA PAGUE MENOS;BOA VIAGEM;;;COLISÃO LATERAL;1;1;0;0;0;0;0;0;0;1;0;;;;;;;;;;;;;
2023-02-24;sexta-feira ;01:09:00;COM VÍTIMA;IMBIRIBEIRA;AVENIDA;AVENIDA MARECHAL MASCARENHAS DE MORAES;;;LADO OPOSTO AO ARMAZÉM CORAL;IMBIRIBEIRA;287;;COLISÃO TRASEIRA;1;1;0;0;0;0;0;0;0;1;0;;;;;;;;;;;;;
2023-02-24;sexta-feira ;01:22:00;COM VÍTIMA;VARZEA;RUA;RUA PROFESSOR ANTONIO COELHO;;;NA ENTRADA DA ENTEGRAÇÃO DE CDU;VÁRZEA;;;COLISÃO FRONTAL;0;1;0;0;0;1;0;0;0;1;0;;;;;;;;;;;;;
2023-02-24;sexta-feira ;01:55:00;COM VÍTIMA;IBURA;RUA;RUA RIO XINGU;;;PROX ASSEMBLEIA DE DEUS;IBURA;;;COLISÃO LATERAL;1;1;0;0;0;0;0;0;0;1;0;;;;;;;;;;;;;
2023-02-24;sexta-feira ;04:12:00;COM VÍTIMA;BOA VIAGEM;AVENIDA;AVENIDA DES JOSE NEVES;;;AO LADO DA LOJA FERREIRA PINTO;BOA VIAGEM;;;COLISÃO TRASEIRA;1;1;0;0;0;0;0;0;0;1;0;;;;;;;;;;;;;
2023-02-24;sexta-feira ;04:52:00;SEM VÍTIMA;TORRE;RUA;RUA CONDE DE IRAJA;AVENIDA;AVENIDA BEIRA RIO;SOB O SEMÁFORO 680;TORRE;680;SUBURBIO;COLISÃO TRANSVERSAL;0;1;0;0;0;0;0;1;0;0;0;;;;;;;;;;;;;
2023-02-24;sexta-feira ;05:19:00;SEM VÍTIMA;SAO JOSE;AVENIDA;AVENIDA ENGENHEIRO JOSE ESTELITA;;;;SÃO JOSÉ;;;COLISÃO TRASEIRA;2;0;0;0;0;0;0;0;0;0;0;;;;;;;;;;;;;
2023-02-25;sábado ;09:55:00;COM VÍTIMA;CAXANGA;RUA;RUA RIBEIRO PESSOA;;;EM FRENTE AO MOTEL TURQUESA, PROX A UPA;CAXANGÁ;;;COLISÃO LATERAL;1;1;0;0;0;0;0;0;0;1;0;;;;;;;;;;;;;
2023-02-25;sábado ;11:58:00;COM VÍTIMA;CAXANGA;AVENIDA;AVENIDA JOAQUIM RIBEIRO;;;APÓS. À UNINASSAU / EM FRENTE À ÁGUA MINERAL CAXANGÁ;CAXANGÁ;;;COLISÃO LATERAL;1;1;0;0;0;0;0;0;0;1;0;;;;;;;;;;;;;
2023-02-25;sábado ;01:39:00;COM VÍTIMA;IMBIRIBEIRA;AVENIDA;AVENIDA MARECHAL MASCARENHAS DE MORAES;;;EM FRENTE A FACULDADE UNIVERSO;IMBIRIBEIRA;;;COLISÃO TRASEIRA;0;2;0;0;0;0;0;0;0;1;0;;;;;;;;;;;;;
2023-02-25;sábado ;02:33:00;COM VÍTIMA;TAMARINEIRA;AVENIDA;AVENIDA NORTE MIGUEL ARRAES DE ALENCAR;;;LADO OPOSTO AO SESC;TAMARINEIRA;;CIDADE;COLISÃO FRONTAL;0;2;0;0;0;0;0;0;0;1;0;;;;;;;;;;;;;
2023-02-25;sábado ;07:16:00;SEM VÍTIMA;ARRUDA;AVENIDA;AVENIDA PROFESSOR JOSE DOS ANJOS;;;PRÓX. À ACADEMIA DA CIDADE, PERTO DO BAR DO BIGODE.;ARRUDA;;;COLISÃO TRANSVERSAL;2;0;0;0;0;0;0;0;0;0;0;;;;;;;;;;;;;
2023-02-25;sábado ;09:01:00;COM VÍTIMA;CAJUEIRO;AVENIDA;AVENIDA SEBASTIAO SALAZAR;;;PRÓX. À IGREJA CATÓLICA DE CAJUEIRO;CAJUEIRO;;;COLISÃO FRONTAL;1;1;0;0;0;0;0;0;0;1;0;;;;;;;;;;;;;
2023-02-25;sábado ;10:04:00;COM VÍTIMA;CAMPO GRANDE;RUA;RUA ODORICO MENDES;;;EM FRENTE A GALERIA CAZÉ;CAMPO GRANDE;;SUBURBIO;COLISÃO TRANSVERSAL;0;2;0;0;0;0;0;0;0;1;0;;;;;;;;;;;;;
2023-02-25;sábado ;11:24:00;SEM VÍTIMA;NOVA DESCOBERTA;RUA;RUA NOVA DESCOBERTA;;;PRÓXIMO A ENTRADA DO CORREGO DO EUCALIPTO;NOVA DESCOBERTA;;;COLISÃO LATERAL;2;1;0;0;0;0;0;0;0;0;0;;;;;;;;;;;;;
2023-02-26;domingo ;11:12:00;COM VÍTIMA;IPSEP;RUA;RUA PINTOR ANTONIO ALBUQUERQUE;;;PROX. AO POSTO SHELL DA AV. RECIFE;IPSEP;;;COLISÃO LATERAL;1;1;0;0;0;0;0;0;0;1;0;;;;;;;;;;;;;
2023-02-26;domingo ;02:13:00;COM VÍTIMA;GRACAS;AVENIDA;AVENIDA BEIRA RIO;RUA;RUA CONDE DE IRAJA;NA DESCIDA DA PONTE DA TORRE;GRAÇAS;;;COLISÃO FRONTAL;2;0;0;0;0;0;0;0;0;4;0;;;;;;;;;;;;;
2023-02-27;segunda-feira ;07:39:00;COM VÍTIMA;AREIAS;AVENIDA;AVENIDA DR JOSE RUFINO;;;EM FRENTE A CRECHE MUNICIPAL TANCREDO NEVES E AO CONDOMINIO MORADA DO BARRO;AREIAS;;;COLISÃO FRONTAL;4;1;0;0;0;0;1;0;0;1;0;;;;;;;;;;;;;
2023-02-27;segunda-feira ;08:31:00;COM VÍTIMA;AFOGADOS;RUA;RUA SAO MIGUEL;;;PROX. A MATERNIDADE BANDEIRA FILHO;AFOGADOS;;;COLISÃO LATERAL;1;1;0;0;0;0;0;0;0;1;0;;;;;;;;;;;;;
2023-02-27;segunda-feira ;08:41:00;SEM VÍTIMA;CASA AMARELA;RUA;RUA BELA VISTA;;;PRÓXIMO AO REI DA PICANHA;CASA AMARELA;;SUBURBIO;COLISÃO TRANSVERSAL;1;0;0;0;0;0;1;0;0;0;0;;;;;;;;;;;;;
2023-02-27;segunda-feira ;08:49:00;SEM VÍTIMA;SAO JOSE;AVENIDA;AVENIDA ENGENHEIRO JOSE ESTELITA;;;;SÃO JOSÉ;;SUBURBIO;COLISÃO TRASEIRA;1;0;0;0;0;0;0;0;0;0;0;;;;;;;;;;;;;
2023-02-27;segunda-feira ;08:53:00;SEM VÍTIMA;SANTO AMARO;AVENIDA;AVENIDA CRUZ CABUGA;;;LADO OPOSTO AO Nº 304;SANTO AMARO;;CIDADE;COLISÃO TRANSVERSAL;1;1;0;0;0;0;0;0;0;0;0;;;;;;;;;;;;;
2023-02-27;segunda-feira ;10:56:00;SEM VÍTIMA;TORRE;RUA;RUA JOSE OSORIO;RUA;RUA JOAQUIM NABUCO;EM CIMA DA PONTE DA CAPUNGA;TORRE;;;COLISÃO TRASEIRA;3;0;0;0;0;0;0;0;0;0;0;;;;;;;;;;;;;
2023-02-27;segunda-feira ;01:52:00;COM VÍTIMA;JARDIM SAO PAULO;AVENIDA;AVENIDA SAO PAULO;;;BRAGA BURGUE;JARDIM SÃO PAULO;;;COLISÃO LATERAL;1;1;0;0;0;0;0;0;0;1;0;;;;;;;;;;;;;
2023-02-27;segunda-feira ;02:16:00;COM VÍTIMA;DOIS UNIDOS;AVENIDA;AVENIDA HILDEBRANDO DE VASCONCELOS;;;PROXIMO A SUBESTAÇÃO DA CELPE E AO ANTIGO CT DO SANTA CRUZ;DOIS UNIDOS;;SUBURBIO;COLISÃO LATERAL;0;2;0;0;0;0;0;0;0;1;0;;;;;;;;;;;;;
2023-02-27;segunda-feira ;03:57:00;SEM VÍTIMA;GRACAS;AVENIDA;AVENIDA RUI BARBOSA;;;PRAÇA DO ENTROCAMENTO;GRAÇAS;;;COLISÃO LATERAL;1;0;0;0;0;1;0;0;0;0;0;;;;;;;;;;;;;
2023-02-27;segunda-feira ;04:21:00;COM VÍTIMA;IMBIRIBEIRA;RUA;RUA ITAJAI;;;POR TRAS DO BANCO DO BRASIL;IMBIRIBEIRA;;;COLISÃO LATERAL;1;1;0;0;0;0;0;0;0;2;0;;;;;;;;;;;;;
2023-02-27;segunda-feira ;05:18:00;COM VÍTIMA;IMBIRIBEIRA;AVENIDA;AVENIDA MARECHAL MASCARENHAS DE MORAES;;;EM FRENTE A LOJA DM PEÇAS E SERVIÇOS;IMBIRIBEIRA;;;COLISÃO TRASEIRA;1;1;0;0;0;1;0;0;0;1;0;;;;;;;;;;;;;
2023-02-27;segunda-feira ;05:36:00;COM VÍTIMA;ENCRUZILHADA;AVENIDA;AVENIDA NORTE MIGUEL ARRAES DE ALENCAR;;;EM FRENTE A RENAULT;ENCRUZILHADA;;;COLISÃO TRASEIRA;1;1;0;0;0;0;0;0;0;1;0;;;;;;;;;;;;;
2023-02-27;segunda-feira ;05:53:00;COM VÍTIMA;PINA;AVENIDA;AVENIDA ANTONIO DE GOES;RUA;RUA MANOEL DE BRITO;COM A RUA MANOEL DE BRITO NA SAÍDA DO TÚNEL JOSUÉ DE CASTRO, PISTA DA DIREITA.;PINA;;;COLISÃO LATERAL;1;1;0;0;0;0;0;0;0;1;0;;;;;;;;;;;;;