data;dia_semana;hora;natureza;bairro;logradouro_endereco;endereco;logradouro_detalhe_endereço;detalhe_endereco_acidente;complemento;bairro_cruzamento;num_semaforo;sentido_via;tipo;auto;moto;ciclom;ciclista;pedestre;onibus;caminhao;viatura;outros;vitimas;vitimasfatais;acidente_verificado;tempo_clima;situacao_semaforo;sinalizacao;condicao_via;conservacao_via;ponto_controle;situacao_placa;velocidade_max_via;mao_direcao;divisao_via1;divisao_via2;divisao_via3
2023-03-23;quinta-feira ;05:18:00;COM VÍTIMA;VARZEA;RUA;RUA CAPITAO JOSE NOGUEIRA COSTA;;;FARMÁCIA PAGUE MENOS;VÁRZEA;;SUBURBIO;COLISÃO LATERAL;1;1;0;0;0;0;0;0;0;1;0;;;;;;;;;;;;;
2023-03-23;quinta-feira ;05:32:00;COM VÍTIMA;TAMARINEIRA;EST;EST VELHA DE AGUA FRIA;;;PROXIMO A FERREIRA COSTA;TAMARINEIRA;;;COLISÃO LATERAL;1;1;0;0;0;0;0;0;0;2;0;;;;;;;;;;;;;
2023-03-23;quinta-feira ;06:00:00;COM VÍTIMA;SANTO AMARO;AVENIDA;AVENIDA GOVERNADOR AGAMENON MAGALHAES;;;SOB O VIADUTO DA JOÃO DE BARROS;SANTO AMARO;;;QUEDA;0;1;0;0;0;0;0;0;0;1;0;;;;;;;;;;;;;
2023-03-24;sexta-feira ;12:06:00;COM VÍTIMA;BOA VIAGEM;AVENIDA;AVENIDA ENGENHEIRO DOMINGOS FERREIRA;;;FARMÁCIA PAGUE MENOS;BOA VIAGEM;;;COLISÃO TRANSVERSAL;4;0;0;0;0;0;0;0;0;1;0;;;;;;;;;;;;;
2023-03-24;sexta-feira ;08:17:00;COM VÍTIMA;BOA VIAGEM;RUA;RUA CONEGO ROMEU;RUA;RUA SA E SOUZA;PRÓX. AO COLÉGIO AMERICANO;BOA VIAGEM;;;COLISÃO LATERAL;1;1;0;0;0;0;0;0;0;1;0;;;;;;;;;;;;;
2023-03-24;sexta-feira ;08:58:00;COM VÍTIMA;CAXANGA;AVENIDA;AVENIDA CAXANGA;RUA;RUA SAO MATEUS;EQUIPE DA VT-16 RAIMUNDO E JOSÉ CRUZ FORAM AO LOCAL PARA  DAR APOIO AO SINISTRO;CAXANGÁ;229;SUBURBIO;COLISÃO TRASEIRA;1;1;0;0;0;0;0;0;0;1;0;;;;;;;;;;;;;
2023-03-24;sexta-feira ;10:43:00;COM VÍTIMA;CAXANGA;RUA;RUA RIBEIRO PESSOA;RUA;RUA GASTAO VIDIGAL;SINISTRO  COM UMA MOTO , E DERRAMAMENTO DE ÓLEO NA PISTA  EQUIPE  FROTA NO LOCAL NO APOIO COM PÓ DE SERRA;CAXANGÁ;;;QUEDA;0;1;0;0;0;0;0;0;0;1;0;;;;;;;;;;;;;
2023-03-24;sexta-feira ;12:08:00;COM VÍTIMA;IMBIRIBEIRA;RUA;RUA ARQUITETO LUIZ NUNES;AVENIDA;AVENIDA PINHEIROS;;IMBIRIBEIRA;537;;COLISÃO TRANSVERSAL;1;1;0;0;0;0;0;0;0;1;0;;;;;;;;;;;;;
2023-03-24;sexta-feira ;12:35:00;COM VÍTIMA;BOA VIAGEM;RUA;RUA VISCONDE DE JEQUITINHONHA;;;APOS O CANAL DA CONSTRUÇÃO;BOA VIAGEM;;;FISCALIZAÇÃO;1;0;0;0;2;0;0;0;0;2;0;;;;;;;;;;;;;
2023-03-24;sexta-feira ;02:17:00;COM VÍTIMA;CORDEIRO;RUA;RUA PROFESSOR JOAQUIM XAVIER DE BRITO;;;EM FRENTE AO EDIFICIO PAULA E A GERBSON CONSETOR E INSTALAÇÕES;CORDEIRO;;;COLISÃO FRONTAL;1;1;0;0;0;0;0;0;0;1;0;;;;;;;;;;;;;
2023-03-24;sexta-feira ;03:23:00;COM VÍTIMA;MADALENA;AVENIDA;AVENIDA VISCONDE DE ALBUQUERQUE;RUA;RUA BARTOLOMEU DE GUSMAO;EM FRENTE A PADARIA REQUINTE MADALENA/ AO LADO PET SHOP 24HRS;MADALENA;;SUBURBIO;ATROPELAMENTO DE PESSOA;1;0;0;0;1;0;0;0;0;1;0;;;;;;;;;;;;;
2023-03-24;sexta-feira ;04:42:00;COM VÍTIMA;CAXANGA;AVENIDA;AVENIDA CAXANGA;RUA;RUA GREGORIO JUNIOR;E/F A CAIXA ECONOMICA S/T SUB;CAXANGÁ;;;ATROPELAMENTO DE PESSOA;0;1;0;0;1;0;0;0;0;1;0;;;;;;;;;;;;;
2023-03-25;sábado ;06:00:00;COM VÍTIMA;DOIS IRMAOS;RUA;RUA MANUEL DE MEDEIROS;;;PRÓXIMO A ENTRADA DO SITIO DOS PINTOS;DOIS IRMÃOS;558;;COLISÃO FRONTAL;1;1;0;0;0;0;0;0;0;1;0;;;;;;;;;;;;;
2023-03-25;sábado ;10:46:00;COM VÍTIMA;BOA VISTA;AVENIDA;AVENIDA GOVERNADOR AGAMENON MAGALHAES;RUA;RUA DOM BOSCO;COLÉGIO AMERICANO BATISTA;BOA VISTA;;SUBURBIO;COLISÃO TRASEIRA;1;1;0;0;0;0;0;0;0;1;0;;;;;;;;;;;;;
2023-03-25;sábado ;12:39:00;COM VÍTIMA;ILHA DO RETIRO;RUA;RUA SPORT CLUBE DO RECIFE;;;EM FRENTE AO CLUBE;ILHA DO RETIRO;;;COLISÃO COM CICLISTA;0;1;0;1;0;0;0;0;0;1;0;;;;;;;;;;;;;
2023-03-25;sábado ;12:46:00;COM VÍTIMA;ESPINHEIRO;AVENIDA;AVENIDA JOAO DE BARROS;;;EM FRENTE AO EDIFICIO SANTA CLARA;ESPINHEIRO;;;COLISÃO TRASEIRA;1;1;0;0;0;0;0;0;0;1;0;;;;;;;;;;;;;
2023-03-25;sábado ;03:29:00;SEM VÍTIMA;DERBY;AVENIDA;AVENIDA GOVERNADOR AGAMENON MAGALHAES;;;MCDONALDS / HOSPITAL DA RESTAURAÇÃO;DERBY;;;CHOQUE;0;0;0;0;0;0;0;1;0;0;0;;;;;;;;;;;;;
2023-03-25;sábado ;03:30:00;COM VÍTIMA;CASA AMARELA;AVENIDA;AVENIDA NORTE MIGUEL ARRAES DE ALENCAR;;;EM FRENTE A MATERNIDADE BARROS LIMA;CASA AMARELA;;CIDADE;COLISÃO TRASEIRA;1;1;0;0;0;0;0;0;0;1;0;;;;;;;;;;;;;
2023-03-25;sábado ;08:37:00;COM VÍTIMA;IBURA;RUA;RUA EXP FRANCISCO VITORIANO;;;MERCADINHO DOIS IRMÃOS;IBURA;;;COLISÃO FRONTAL;1;1;0;0;0;0;0;0;0;2;0;;;;;;;;;;;;;
2023-03-25;sábado ;09:19:00;COM VÍTIMA;JARDIM SAO PAULO;RUA;RUA LORENA;RUA;RUA LEANDRO BARRETO;;JARDIM SÃO PAULO;;;COLISÃO LATERAL;3;0;0;0;0;0;0;0;0;1;0;;;;;;;;;;;;;
2023-03-26;domingo ;02:15:00;COM VÍTIMA;CORDEIRO;RUA;RUA HONORIO CORREIA;;;E/F AO SUPERMERCADO LEÃO;CORDEIRO;;;COLISÃO TRASEIRA;1;1;0;0;0;0;0;0;0;2;0;;;;;;;;;;;;;
2023-03-26;domingo ;06:36:00;COM VÍTIMA;BOA VIAGEM;AVENIDA;AVENIDA BOA VIAGEM;;;EM FRENTE AO EDF. MANOEL DE BRITO;BOA VIAGEM;445;;COLISÃO TRASEIRA;1;1;0;0;0;0;0;0;0;1;0;;;;;;;;;;;;;
2023-03-26;domingo ;12:28:00;COM VÍTIMA;TAMARINEIRA;AVENIDA;AVENIDA CONS ROSA E SILVA;;;E/F AO HOSPITAL ULISSES PERNAMBUCANO;TAMARINEIRA;;;COLISÃO TRASEIRA;1;1;0;0;0;0;0;0;0;1;0;;;;;;;;;;;;;
2023-03-26;domingo ;12:42:00;COM VÍTIMA;PINA;AVENIDA;AVENIDA HERCULANO BANDEIRA;;;E/F PADARIA FRUTA PÃO;PINA;;;COLISÃO FRONTAL;1;1;0;0;0;0;0;0;0;2;0;;;;;;;;;;;;;
2023-03-26;domingo ;04:17:00;SEM VÍTIMA;CAMPO GRANDE;RUA;RUA FRANCISCO BERENGUER;;;NA RUA DO RESTAURANTE JADINS;CAMPO GRANDE;;;COLISÃO FRONTAL;2;0;0;0;0;0;0;0;0;0;0;;;;;;;;;;;;;
2023-03-27;segunda-feira ;04:49:00;SEM VÍTIMA;IMBIRIBEIRA;RUA;RUA ITACARE;;;EM FRENTE AO ESPAÇO ABERTO;IMBIRIBEIRA;;;COLISÃO LATERAL;2;0;0;0;0;0;0;0;0;0;0;;;;;;;;;;;;;
2023-03-27;segunda-feira ;08:23:00;SEM VÍTIMA;ENCRUZILHADA;AVENIDA;AVENIDA BEBERIBE;RUA;RUA DA CORAGEM;EM FRENTE A FARMACIA DE MANIPULAÇÃO;ENCRUZILHADA;186;;COLISÃO TRASEIRA;1;0;0;0;0;0;0;1;0;0;0;;;;;;;;;;;;;
2023-03-27;segunda-feira ;08:43:00;COM VÍTIMA;TORROES;AVENIDA;AVENIDA BICENTENARIO DA REVOLUCAO FRANCESA;RUA;RUA ZUMBI DOS PALMARES;AO LADO DA LOJINHA FRANCYS;TORRÕES;;;COLISÃO LATERAL;1;1;0;0;0;0;0;0;0;1;0;;;;;;;;;;;;;
2023-03-27;segunda-feira ;09:07:00;COM VÍTIMA;VARZEA;AVENIDA;AVENIDA JOAQUIM RIBEIRO;;;PROX. A UPA;VÁRZEA;281;;QUEDA;0;1;0;0;0;0;0;0;0;1;0;;;;;;;;;;;;;
2023-03-27;segunda-feira ;11:00:00;SEM VÍTIMA;AFOGADOS;RUA;RUA SAO MIGUEL;;;EM FRENTE 14° BATALHÃO LOGISTICO;AFOGADOS;;;COLISÃO FRONTAL;1;1;0;0;0;0;0;1;0;0;0;;;;;;;;;;;;;
2023-03-27;segunda-feira ;05:53:00;COM VÍTIMA;IMBIRIBEIRA;AVENIDA;AVENIDA RECIFE;;;PROX MULTE INSPEÇÃO VEICULAR;IMBIRIBEIRA;;;COLISÃO TRASEIRA;1;1;0;0;0;0;0;0;0;1;0;;;;;;;;;;;;;
2023-03-27;segunda-feira ;06:02:00;COM VÍTIMA;BOA VISTA;AVENIDA;AVENIDA CONDE DA BOA VISTA;RUA;RUA DA AURORA;;BOA VISTA;;;ATROPELAMENTO DE PESSOA;0;0;0;0;1;1;0;0;0;1;0;;;;;;;;;;;;;
2023-03-27;segunda-feira ;06:24:00;VÍTIMA FATAL;VARZEA;RUA;RUA EMILIANO BRAGA;;;COLÉGIO CONHECER;VÁRZEA;;;ATROPELAMENTO DE PESSOA;1;0;0;0;1;0;0;0;0;0;1;;;;;;;;;;;;;
2023-03-27;segunda-feira ;07:42:00;COM VÍTIMA;IBURA;RUA;RUA DR BENIGNO JORDAO DE VASCONCELOS;;;COMPESA;IBURA;;;COLISÃO FRONTAL;0;2;0;0;0;0;0;0;0;3;0;;;;;;;;;;;;;
2023-03-27;segunda-feira ;09:09:00;COM VÍTIMA;VASCO DA GAMA;RUA;RUA VASCO DA GAMA;;;AO LADO DA FARMACIA DA SAUDE;VASCO DA GAMA;50;SUBURBIO;COLISÃO LATERAL;1;1;0;0;0;0;0;0;0;2;0;;;;;;;;;;;;;
2023-03-28;terça-feira ;07:17:00;COM VÍTIMA;SAO JOSE;AVENIDA;AVENIDA SUL;;;IDRAÚ PEÇAS;SÃO JOSÉ;;;QUEDA;0;1;0;0;0;0;0;0;0;1;0;;;;;;;;;;;;;
2023-03-28;terça-feira ;08:05:00;COM VÍTIMA;CASA AMARELA;EST;EST DO ARRAIAL;;;APÓS O SITIO DA TRINDADE - PROX.  AO EMÓRIO AVIAMENTOS;CASA AMARELA;;;COLISÃO TRASEIRA;1;0;0;0;0;0;0;0;0;1;0;;;;;;;;;;;;;
2023-03-28;terça-feira ;08:05:00;COM VÍTIMA;CASA AMARELA;EST;EST DO ARRAIAL;;;APÓS A IGREJA DA HARMONIA, PRÓX AO CONJUNTO  ARRAIAL;CASA AMARELA;;;COLISÃO COM CICLISTA;1;0;0;1;0;0;0;0;0;1;0;;;;;;;;;;;;;
2023-03-28;terça-feira ;09:07:00;SEM VÍTIMA;CASA AMARELA;AVENIDA;AVENIDA NORTE MIGUEL ARRAES DE ALENCAR;;;EM FRENTE A BIKE NORTE;CASA AMARELA;;CIDADE;COLISÃO TRASEIRA;1;1;0;0;0;0;0;0;0;0;0;;;;;;;;;;;;;
2023-03-28;terça-feira ;11:43:00;COM VÍTIMA;IPSEP;AVENIDA;AVENIDA RECIFE;;;PNEU DRIVE;IPSEP;;;COLISÃO FRONTAL;1;1;0;0;0;0;0;0;0;1;0;;;;;;;;;;;;;
2023-03-28;terça-feira ;12:27:00;COM VÍTIMA;AREIAS;RUA;RUA DONA ANA AURORA;;;NA LINHA FERREA PROX AO BOI QUEMTE;AREIAS;;;ATROPELAMENTO DE PESSOA;0;1;0;0;1;0;0;0;0;1;0;;;;;;;;;;;;;
2023-03-28;terça-feira ;01:16:00;COM VÍTIMA;LINHA DO TIRO;RUA;RUA URIEL DE HOLANDA;;;APÓS A UPINHA;LINHA DO TIRO;;;COLISÃO LATERAL;1;1;0;0;0;0;0;0;0;1;0;;;;;;;;;;;;;
2023-03-28;terça-feira ;01:18:00;COM VÍTIMA;CASA AMARELA;AVENIDA;AVENIDA NORTE MIGUEL ARRAES DE ALENCAR;;;PRAÇA DO TRABALHO / UPINHA;CASA AMARELA;;;COLISÃO LATERAL;0;1;0;0;0;1;0;0;0;1;0;;;;;;;;;;;;;
2023-03-28;terça-feira ;01:32:00;COM VÍTIMA;ROSARINHO;AVENIDA;AVENIDA NORTE MIGUEL ARRAES DE ALENCAR;RUA;RUA DELMIRO GOUVEIA;NA ESQUINA DO POSTO SHELL;ROSARINHO;;;COLISÃO COM CICLISTA;0;0;0;1;0;0;1;0;0;1;0;;;;;;;;;;;;;
2023-03-28;terça-feira ;02:14:00;COM VÍTIMA;BOA VIAGEM;RUA;RUA JOAO CARDOSO AIRES;RUA;RUA COSMORAMA;COLÉGIO MADRE DE DEUS;BOA VIAGEM;;;COLISÃO LATERAL;1;1;0;0;0;0;0;0;0;1;0;;;;;;;;;;;;;
2023-03-28;terça-feira ;02:55:00;COM VÍTIMA;CAMPO GRANDE;RUA;RUA ODORICO MENDES;;;APOS O CLUBE DAS PÁS;CAMPO GRANDE;;;COLISÃO LATERAL;1;1;0;0;0;0;0;0;0;1;0;;;;;;;;;;;;;
2023-03-28;terça-feira ;04:40:00;COM VÍTIMA;VASCO DA GAMA;AVENIDA;AVENIDA NORTE MIGUEL ARRAES DE ALENCAR;;;E/F A MATERNIDADE BARROS LIMA;VASCO DA GAMA;;;COLISÃO TRASEIRA;1;1;0;0;0;0;0;0;0;1;0;;;;;;;;;;;;;
2023-03-28;terça-feira ;05:09:00;COM VÍTIMA;CASA FORTE;RUA;RUA OLIVEIRA GOES;;;EM FRENTE A FORTMED COMERCIAL;CASA FORTE;;;ATROPELAMENTO DE PESSOA;1;0;0;0;1;0;0;0;0;1;0;;;;;;;;;;;;;
2023-03-28;terça-feira ;07:28:00;COM VÍTIMA;IMBIRIBEIRA;AVENIDA;AVENIDA MARECHAL MASCARENHAS DE MORAES;;;EM FRENTE A DDK PEÇAS (APÓS O VIADUTO TANCREDO NEVES) SENTIDO AEROPORTO.;IMBIRIBEIRA;;SUBURBIO;ATROPELAMENTO DE PESSOA;1;0;0;0;1;0;0;0;0;1;0;;;;;;;;;;;;;
2023-03-28;terça-feira ;07:34:00;COM VÍTIMA;BOA VIAGEM;AVENIDA;AVENIDA ENGENHEIRO DOMINGOS FERREIRA;RUA;RUA JOSE MARIA DE MIRANDA;;BOA VIAGEM;484;;COLISÃO LATERAL;1;2;0;0;0;0;0;0;0;1;0;;;;;;;;;;;;;
2023-03-29;quarta-feira ;07:23:00;COM VÍTIMA;CAMPO GRANDE;EST;EST DE BELEM;;;EM FRENTE À BEMORAR IMOBILIÁRIA;CAMPO GRANDE;;;COLISÃO LATERAL;1;1;0;0;0;0;0;0;0;1;0;;;;;;;;;;;;;
2023-03-29;quarta-feira ;07:57:00;COM VÍTIMA;MADALENA;AVENIDA;AVENIDA ENGENHEIRO ABDIAS DE CARVALHO;;;PRÓX. À ESTÁCIO;MADALENA;;CIDADE;COLISÃO TRASEIRA;1;2;0;0;0;0;0;0;0;1;0;;;;;;;;;;;;;
2023-03-29;quarta-feira ;08:16:00;COM VÍTIMA;PINA;AVENIDA;AVENIDA REPUBLICA ARABE UNIDA;;;EM FRENTE AO SALÃO DO REINO DAS TESTMUNHAS DE JEOVÁ;PINA;;SUBURBIO;COLISÃO FRONTAL;0;2;0;0;0;0;0;0;0;1;0;;;;;;;;;;;;;
2023-03-29;quarta-feira ;08:21:00;COM VÍTIMA;ENCRUZILHADA;AVENIDA;AVENIDA BEBERIBE;RUA;RUA PROFESSOR MIRANDA CURIO;PRÓX A AUTOESCOLA BELÉM;ENCRUZILHADA;;;COLISÃO LATERAL;1;1;0;0;0;0;0;0;0;1;0;;;;;;;;;;;;;
2023-03-29;quarta-feira ;09:13:00;COM VÍTIMA;ESTANCIA;AVENIDA;AVENIDA RECIFE;;;E/F A HÉLIO SOM, E PRÓX  AO ANTIGO CIROL ROIAL;ESTÂNCIA;;;COLISÃO LATERAL;1;1;0;0;0;0;0;0;0;1;0;;;;;;;;;;;;;
2023-03-29;quarta-feira ;09:43:00;COM VÍTIMA;CAMPO GRANDE;RUA;RUA PROFESSOR FRANCISCO DA TRINDADE;;;EM FRENTE A IGREJA PENTECOSTAL, E PRÓX AO CLUBE DAS PAZ;CAMPO GRANDE;;;COLISÃO LATERAL;1;1;0;0;0;0;0;0;0;1;0;;;;;;;;;;;;;
2023-03-29;quarta-feira ;12:09:00;COM VÍTIMA;PINA;AVENIDA;AVENIDA ANTONIO DE GOES;AVENIDA;AVENIDA CONSELHEIRO AGUIAR;EM FRENTE A LOJA CASA DE BATERIA/ PROX A HONDA;PINA;;;COLISÃO COM CICLISTA;0;1;0;1;0;0;0;0;0;1;0;;;;;;;;;;;;;
2023-03-29;quarta-feira ;01:22:00;SEM VÍTIMA;IMBIRIBEIRA;RUA;RUA ARQUITETO LUIZ NUNES;;;;IMBIRIBEIRA;;SUBURBIO;COLISÃO TRASEIRA;1;1;0;0;0;0;0;0;0;0;0;;;;;;;;;;;;;
2023-03-29;quarta-feira ;01:40:00;COM VÍTIMA;IMBIRIBEIRA;RUA;RUA PINTOR LULA CARDOSO AYRES;;;PROX. A ENTRADA DE CARGA E DESCARGAS DO AEROPORTO;IMBIRIBEIRA;;;COLISÃO LATERAL;1;1;0;0;0;0;0;0;0;1;0;;;;;;;;;;;;;
2023-03-29;quarta-feira ;02:46:00;COM VÍTIMA;CORREGO DO JENIPAPO;RUA;RUA CORREGO JOSE APRIGIO;;;NA ENTRADA DO CORREGO DO  JENIPAPO  PROX A BR;CÓRREGO DO JENIPAPO;;;COLISÃO LATERAL;1;1;0;0;0;0;0;0;0;1;0;;;;;;;;;;;;;
2023-03-29;quarta-feira ;03:18:00;COM VÍTIMA;PINA;AVENIDA;AVENIDA HERCULANO BANDEIRA;RUA;RUA ARQUITETO AUGUSTO REINALDO;AO LADO DO ATACADO DOS PRESENTES;PINA;660;;COLISÃO LATERAL;2;0;0;0;0;0;0;0;0;1;0;;;;;;;;;;;;;
2023-03-29;quarta-feira ;06:39:00;COM VÍTIMA;BOA VISTA;AVENIDA;AVENIDA GOVERNADOR AGAMENON MAGALHAES;AVENIDA;AVENIDA GOVERNADOR CARLOS DE LIMA CAVALCANTI;EM FRENTE AO MEC DONALDS;BOA VISTA;75;;COLISÃO LATERAL;1;1;0;0;0;0;0;0;0;1;0;;;;;;;;;;;;;
2023-03-29;quarta-feira ;07:16:00;SEM VÍTIMA;CABANGA;AVENIDA;AVENIDA SUL;;;CIA MOTO;CABANGA;;CIDADE;CHOQUE;1;0;0;0;0;0;0;0;0;0;0;;;;;;;;;;;;;
2023-03-29;quarta-feira ;10:05:00;COM VÍTIMA;BOA VIAGEM;AVENIDA;AVENIDA CELSO FURTADO (VIA MANGUE);;;POR TRÁS DO ASSAI ATACADISTA;BOA VIAGEM;;;COLISÃO TRASEIRA;1;1;0;0;0;0;0;0;0;1;0;;;;;;;;;;;;;
2023-03-30;quinta-feira ;06:49:00;COM VÍTIMA;ENGENHO DO MEIO;RUA;RUA DR FLAVIO FERREIRA DA SILVA MAROJO;;;FERRO VELHO IMPÉRIO DO PARACHOQUE;ENGENHO DO MEIO;;;COLISÃO LATERAL;0;2;0;0;0;0;0;0;0;1;0;;;;;;;;;;;;;
2023-03-30;quinta-feira ;10:06:00;COM VÍTIMA;BOA VISTA;RUA;RUA DO HOSPICIO;;;EM FRENTE AO COLEGIO JOAO BARBALHO;BOA VISTA;;;COLISÃO LATERAL;0;2;0;0;0;0;0;0;0;1;0;;;;;;;;;;;;;
2023-03-30;quinta-feira ;12:33:00;SEM VÍTIMA;BOA VIAGEM;AVENIDA;AVENIDA BOA VIAGEM;;;EM FRENTE AO EDFICIO BRIGADEIRO EDUARDO GOMES;BOA VIAGEM;;CIDADE;COLISÃO TRASEIRA;1;0;0;0;0;0;0;1;0;0;0;;;;;;;;;;;;;
2023-03-30;quinta-feira ;12:58:00;COM VÍTIMA;IMBIRIBEIRA;AVENIDA;AVENIDA MARECHAL MASCARENHAS DE MORAES;;;EM FRENTE A FIAT ITALIANA;IMBIRIBEIRA;;;COLISÃO COM CICLISTA;0;0;0;1;0;1;0;0;0;1;0;;;;;;;;;;;;;
2023-03-30;quinta-feira ;04:02:00;COM VÍTIMA;BOA VIAGEM;RUA;RUA VISCONDE DE JEQUITINHONHA;;;DEPOIS DO ESPETINHO DO SEU DANIEL / PROX. AO PARQUE DONA LINDU / PRÉDIO SHALON;BOA VIAGEM;;;COLISÃO LATERAL;1;1;0;0;0;0;0;0;0;1;0;;;;;;;;;;;;;
2023-03-30;quinta-feira ;05:20:00;COM VÍTIMA;IMBIRIBEIRA;AVENIDA;AVENIDA RECIFE;;;PROX. AO SAL E E BRASA, SOB;IMBIRIBEIRA;393;;ATROPELAMENTO DE PESSOA;0;1;0;0;1;0;0;0;0;1;0;;;;;;;;;;;;;
2023-03-30;quinta-feira ;08:52:00;COM VÍTIMA;ENCRUZILHADA;AVENIDA;AVENIDA BEBERIBE;;;PRÓXIMO AO BANCO DO BRASIL;ENCRUZILHADA;;;COLISÃO TRANSVERSAL;1;0;0;0;0;0;1;0;0;1;0;;;;;;;;;;;;;
2023-03-31;sexta-feira ;07:08:00;COM VÍTIMA;CAXANGA;AVENIDA;AVENIDA CAXANGA;;;EM FRENTE A NISSAN E CAXANGÁ VEÍCULOS;CAXANGÁ;;;COLISÃO FRONTAL;1;1;0;0;0;0;0;0;0;1;0;;;;;;;;;;;;;
2023-03-31;sexta-feira ;10:23:00;COM VÍTIMA;TEJIPIO;AVENIDA;AVENIDA DR JOSE RUFINO;;;ESCOLA HUMBERTO CASTELO BRANCO;TEJIPIÓ;;;COLISÃO LATERAL;1;1;0;0;0;0;0;0;0;3;0;;;;;;;;;;;;;
2023-03-31;sexta-feira ;11:58:00;COM VÍTIMA;DERBY;AVENIDA;AVENIDA GOVERNADOR AGAMENON MAGALHAES;;;EM FRENTE A PETZ NO SENTIDO OLINDA;DERBY;;SUBURBIO;COLISÃO TRASEIRA;1;1;0;0;0;0;0;0;0;1;0;;;;;;;;;;;;;
2023-03-31;sexta-feira ;01:31:00;COM VÍTIMA;AGUA FRIA;AVENIDA;AVENIDA BEBERIBE;;;NA FRENTE AZEVEDO PESCADO;ÁGUA FRIA;;;COLISÃO LATERAL;1;1;0;0;0;0;0;0;0;2;0;;;;;;;;;;;;;
2023-03-31;sexta-feira ;03:54:00;SEM VÍTIMA;DERBY;RUA;RUA HENRIQUE DIAS;;;EM FRENTE A FUNDAÇÃO JOAQUIM NABUCO;DERBY;;;COLISÃO LATERAL;1;0;0;0;0;0;0;1;0;0;0;;;;;;;;;;;;;
2023-03-31;sexta-feira ;06:15:00;COM VÍTIMA;BOA VIAGEM;RUA;RUA MINISTRO NELSON HUNGRIA;;;NO EDIFICIO VALE DO TAKUANE;BOA VIAGEM;;;CHOQUE;1;0;0;0;0;0;0;0;1;1;0;;;;;;;;;;;;;
2023-04-01;sábado ;12:09:00;COM VÍTIMA;ESPINHEIRO;RUA;RUA DA HORA;;;PRÓX. À PIZZARIA PALERMO;ESPINHEIRO;;;COLISÃO TRASEIRA;1;1;0;0;0;0;0;0;0;1;0;;;;;;;;;;;;;
2023-04-01;sábado ;02:50:00;COM VÍTIMA;ESPINHEIRO;AVENIDA;AVENIDA JOAO DE BARROS;RUA;RUA DA HORA;PROX.  AO RESTAURANTE HIPORIO;ESPINHEIRO;;;COLISÃO TRANSVERSAL;1;1;0;0;0;0;0;0;0;2;0;;;;;;;;;;;;;
2023-04-01;sábado ;12:06:00;COM VÍTIMA;AGUA FRIA;AVENIDA;AVENIDA BEBERIBE;RUA;RUA ZEFERINO AGRA;PROX AO LOJÃO DO PETROLEO;ÁGUA FRIA;;;COLISÃO LATERAL;1;1;0;0;0;0;0;0;0;1;0;;;;;;;;;;;;;
2023-04-01;sábado ;12:41:00;COM VÍTIMA;JIQUIA;RUA;RUA SAO MIGUEL;;;E/F AO CONSUTORIO CERPE PROX AO CHARQUE NA BRASA;JIQUIÁ;;;COLISÃO FRONTAL;1;1;0;0;0;0;0;0;0;2;0;;;;;;;;;;;;;
2023-04-01;sábado ;01:14:00;COM VÍTIMA;NOVA DESCOBERTA;RUA;RUA CORREGO DA AREIA;;;E/F A CASAA DAS EMBALAGENS;NOVA DESCOBERTA;;;COLISÃO FRONTAL;0;2;0;0;0;0;0;0;0;2;0;;;;;;;;;;;;;
2023-04-01;sábado ;06:43:00;COM VÍTIMA;SANTO AMARO;AVENIDA;AVENIDA CRUZ CABUGA;;;EM FRENTE AO HOSPITAL DA MARINHA;SANTO AMARO;;;COLISÃO TRASEIRA;2;0;0;0;0;0;0;0;0;1;0;;;;;;;;;;;;;
2023-04-01;sábado ;10:32:00;COM VÍTIMA;IBURA;RUA;RUA VALE DO ITAJAI;;;EM FRENTE A UPA;IBURA;;;COLISÃO FRONTAL;0;1;0;1;0;0;0;0;0;2;0;;;;;;;;;;;;;
2023-04-01;sábado ;11:11:00;SEM VÍTIMA;BOA VIAGEM;RUA;RUA DEZ DE JULHO;;;;BOA VIAGEM;;;COLISÃO LATERAL;1;1;0;0;0;0;0;0;0;0;0;;;;;;;;;;;;;
2023-04-02;domingo ;07:13:00;VÍTIMA FATAL;PINA;AVENIDA;AVENIDA CELSO FURTADO (VIA MANGUE);;;SENTIDO BOA VIAGEM, PROX, AO AERO CLUBE;PINA;;;CHOQUE;0;1;0;0;0;0;0;0;0;1;1;;;;;;;;;;;;;
2023-04-02;domingo ;02:16:00;SEM VÍTIMA;IBURA;RUA;RUA DR OTAVIO DE MORAES VASCONCELOS;;;EM FRENTE AO SUPERMERCADO TREVO;IBURA;;;COLISÃO LATERAL;1;0;0;0;0;0;1;0;0;0;0;;;;;;;;;;;;;
2023-04-02;domingo ;05:36:00;SEM VÍTIMA;VASCO DA GAMA;RUA;RUA FREDERICO OZANAN;;;PROXIMO AO LAR DE ITA;VASCO DA GAMA;;;COLISÃO LATERAL;0;0;0;0;0;0;0;2;0;0;0;;;;;;;;;;;;;