data;dia_semana;hora;natureza;bairro;logradouro_endereco;endereco;logradouro_detalhe_endereço;detalhe_endereco_acidente;complemento;bairro_cruzamento;num_semaforo;sentido_via;tipo;auto;moto;ciclom;ciclista;pedestre;onibus;caminhao;viatura;outros;vitimas;vitimasfatais;acidente_verificado;tempo_clima;situacao_semaforo;sinalizacao;condicao_via;conservacao_via;ponto_controle;situacao_placa;velocidade_max_via;mao_direcao;divisao_via1;divisao_via2;divisao_via3
2023-04-02;domingo ;07:03:00;COM VÍTIMA;JARDIM SAO PAULO;RUA;RUA LEANDRO BARRETO;;;ASSEMBLEIA DE DEUS;JARDIM SÃO PAULO;;;COLISÃO TRANSVERSAL;1;1;0;0;0;0;0;0;0;1;0;;;;;;;;;;;;;
2023-04-03;segunda-feira ;12:47:00;COM VÍTIMA;JOANA BEZERRA;PTE;PTE JOSE DE BARROS LIMA;;;SENTIDO  BOA VIAGEM;JOANA BEZERRA;;;ATROPELAMENTO DE PESSOA;1;0;0;0;1;0;0;0;0;1;0;;;;;;;;;;;;;
2023-04-03;segunda-feira ;01:24:00;COM VÍTIMA;PORTO DA MADEIRA;AVENIDA;AVENIDA BEBERIBE;;;EM FRENTE  ARENA SHOW BAR;PORTO DA MADEIRA;;;COLISÃO TRANSVERSAL;1;1;0;0;0;0;0;0;0;1;0;;;;;;;;;;;;;
2023-04-03;segunda-feira ;03:56:00;COM VÍTIMA;TORROES;AVENIDA;AVENIDA ENGENHEIRO ABDIAS DE CARVALHO;;;"EM FRENTE AO COMPAZ "" ARIANO SUASSUNA""";TORRÕES;;;CHOQUE;1;0;0;0;0;0;0;0;0;1;0;;;;;;;;;;;;;
2023-04-03;segunda-feira ;08:00:00;COM VÍTIMA;BAIRRO DO RECIFE;RUA;RUA AURORA;AVENIDA;AVENIDA NORTE MIGUEL ARRAES DE ALENCAR;INICIO DA PONTE DO LIMOEIRO;BAIRRO DO RECIFE;;;COLISÃO TRASEIRA;1;0;0;1;0;0;0;0;0;1;0;;;;;;;;;;;;;
2023-04-03;segunda-feira ;08:04:00;COM VÍTIMA;SAO JOSE;AVENIDA;AVENIDA DANTAS BARRETO;RUA;RUA SAO JOAO;PRÓX. AO TERMINAL DA LINHA 1002 / PRÓX. À CAIXA;SÃO JOSÉ;54;;COLISÃO LATERAL;0;1;0;0;0;1;0;0;0;2;0;;;;;;;;;;;;;
2023-04-03;segunda-feira ;09:07:00;COM VÍTIMA;IBURA;AVENIDA;AVENIDA RECIFE;;;EM FRENTE AO  MAIS VISTORIAS;IBURA;;;COLISÃO LATERAL;1;1;0;0;0;0;0;0;0;1;0;;;;;;;;;;;;;
2023-04-03;segunda-feira ;10:08:00;COM VÍTIMA;IBURA;AVENIDA;AVENIDA RECIFE;RUA;RUA ROSA MAGALHAES;LADO OPOSTO AO ARMAZÉM CORAL;IBURA;;;ATROPELAMENTO DE PESSOA;1;0;0;0;1;0;0;0;0;1;0;;;;;;;;;;;;;
2023-04-03;segunda-feira ;11:02:00;COM VÍTIMA;IMBIRIBEIRA;RUA;RUA BARAO DE AGUA BRANCA;;;PRÓX. AO COLÉGIO COGNITIVO;IMBIRIBEIRA;;;COLISÃO FRONTAL;3;0;0;0;0;0;0;0;0;2;0;;;;;;;;;;;;;
2023-03-30;quinta-feira ;03:10:00;COM VÍTIMA;IBURA;RUA;RUA EMILIO MONTEIRO FONSECA;RUA;RUA VIRGINOPOLIS;;IBURA;;SUBURBIO;COLISÃO TRASEIRA;1;1;0;0;0;0;0;0;0;1;0;;;;;;;;;;;;;
2023-04-03;segunda-feira ;02:40:00;SEM VÍTIMA;SAO JOSE;RUA;RUA DA CONCORDIA;RUA;RUA DO PEIXOTO;;SÃO JOSÉ;182;CIDADE;;2;0;0;0;0;0;0;0;0;0;0;;;;;;;;;;;;;
2023-04-03;segunda-feira ;04:26:00;COM VÍTIMA;BOA VISTA;RUA;RUA DOM BOSCO;RUA;RUA HENRIQUE DIAS;EM FRENTE DA CNBB;BOA VISTA;294;;COLISÃO LATERAL;1;1;0;0;0;0;0;0;0;1;0;;;;;;;;;;;;;
2023-04-03;segunda-feira ;05:49:00;COM VÍTIMA;JARDIM SAO PAULO;RUA;RUA GERSON MONTEIRO DE LIMA;;;PROX AO ANTIGO COLEGIO BETEL;JARDIM SÃO PAULO;;;CHOQUE;1;0;0;0;0;0;0;0;1;1;0;;;;;;;;;;;;;
2023-04-03;segunda-feira ;08:47:00;COM VÍTIMA;AREIAS;RUA;RUA CAPITAO GREGORIO DE ALBUQUERQUE;;;PRÓXIMO A RUA DO INSPETOR BOSCO;AREIAS;;;ATROPELAMENTO DE PESSOA;1;0;0;0;1;0;0;0;0;1;0;;;;;;;;;;;;;
2023-04-03;segunda-feira ;09:02:00;COM VÍTIMA;CORDEIRO;AVENIDA;AVENIDA CAXANGA;;;PRÓXIMO AO COLEGIO PIO XII;CORDEIRO;;;COLISÃO TRASEIRA;1;1;0;0;0;0;0;0;0;1;0;;;;;;;;;;;;;
2023-04-04;terça-feira ;07:16:00;SEM VÍTIMA;CAXANGA;AVENIDA;AVENIDA JOAQUIM RIBEIRO;RUA;RUA GASTAO VIDIGAL;LADO OPOSTO AO POSTO SHELL;CAXANGÁ;281;CIDADE;;1;0;0;0;0;1;0;0;0;0;0;;;;;;;;;;;;;
2023-04-04;terça-feira ;08:03:00;COM VÍTIMA;IMBIRIBEIRA;AVENIDA;AVENIDA MARECHAL MASCARENHAS DE MORAES;;;Concessionária CAOA Chery;IMBIRIBEIRA;;;COLISÃO LATERAL;1;1;0;0;0;0;0;0;0;1;0;;;;;;;;;;;;;
2023-04-04;terça-feira ;08:29:00;COM VÍTIMA;ENCRUZILHADA;AVENIDA;AVENIDA BEBERIBE;;;AUTO ESCOLA BELEM;ENCRUZILHADA;;;COLISÃO LATERAL;1;1;0;0;0;0;0;0;0;1;0;;;;;;;;;;;;;
2023-04-04;terça-feira ;09:01:00;COM VÍTIMA;PAISSANDU;AVENIDA;AVENIDA GOVERNADOR AGAMENON MAGALHAES;;;EM FRENTE AO HOSPITAL PORTUGUÊS;PAISSANDU;69;;COLISÃO FRONTAL;1;1;0;0;0;0;0;0;0;2;0;;;;;;;;;;;;;
2023-04-04;terça-feira ;09:23:00;COM VÍTIMA;IPUTINGA;AVENIDA;AVENIDA MAURICIO DE NASSAU;AVENIDA;AVENIDA CAXANGA;PROXIMO A FUNDAÇÃO ALTINO VENTURA;IPUTINGA;;;COLISÃO LATERAL;0;0;0;0;0;0;0;0;0;1;0;;;;;;;;;;;;;
2023-04-04;terça-feira ;01:02:00;COM VÍTIMA;MADALENA;RUA;RUA BENFICA;;;EM FRENTE AO MARTELINHO DE OURO;MADALENA;;;COLISÃO COM CICLISTA;0;0;0;1;0;1;0;0;0;1;0;;;;;;;;;;;;;
2023-04-04;terça-feira ;01:02:00;COM VÍTIMA;AGUA FRIA;RUA;RUA DR EUDES COSTA;;;E/F AO MERCADINHO MAIS VOCE TEM;ÁGUA FRIA;;;COLISÃO LATERAL;1;1;0;0;0;0;0;0;0;1;0;;;;;;;;;;;;;
2023-04-04;terça-feira ;01:11:00;SEM VÍTIMA;SAO JOSE;CAIS;CAIS SANTA RITA;VIADUTO;VIADUTO DAS CINCO PONTAS;OPOSTO AO 16º BATALHÃO DA POLÍCIA MILITAR;SÃO JOSÉ;;CIDADE;;1;0;0;0;0;0;0;1;0;0;0;;;;;;;;;;;;;
2023-04-04;terça-feira ;01:33:00;COM VÍTIMA;JORDAO;RUA;RUA DR ALVARO FERRAZ;;;PROX AO TERMINAL DE JORDÃO BAIXO;JORDÃO;;;COLISÃO LATERAL;1;1;0;0;0;0;0;0;0;1;0;;;;;;;;;;;;;
2023-04-04;terça-feira ;02:59:00;COM VÍTIMA;BOA VIAGEM;RUA;RUA SA E SOUZA;;;PROXIMO A PADARIA SANTA ROSA;BOA VIAGEM;;;COLISÃO LATERAL;0;1;0;0;0;0;0;0;0;1;0;;;;;;;;;;;;;
2023-04-05;quarta-feira ;01:48:00;COM VÍTIMA;BOA VIAGEM;AVENIDA;AVENIDA BOA VIAGEM;;;PRÓX. À PRACINHA DE BOA VIAGEM;BOA VIAGEM;;;COLISÃO TRASEIRA;1;1;0;0;0;0;0;0;0;1;0;;;;;;;;;;;;;
2023-04-05;quarta-feira ;08:00:00;COM VÍTIMA;DERBY;RUA;RUA FELICIANO GOMES;;;CERPE;DERBY;;;COLISÃO FRONTAL;1;1;0;0;0;0;0;0;0;2;0;;;;;;;;;;;;;
2023-04-05;quarta-feira ;01:47:00;COM VÍTIMA;ARRUDA;AVENIDA;AVENIDA BEBERIBE;;;EM FRENTE AO BOMPREÇO DO ARRUDA;ARRUDA;;;COLISÃO LATERAL;1;1;0;0;0;0;0;0;0;1;0;;;;;;;;;;;;;
2023-04-05;quarta-feira ;02:27:00;SEM VÍTIMA;ESPINHEIRO;AVENIDA;AVENIDA GOVERNADOR AGAMENON MAGALHAES;;;CREA - PE;ESPINHEIRO;;CIDADE;COLISÃO TRANSVERSAL;2;0;0;0;0;0;0;0;0;0;0;;;;;;;;;;;;;
2023-04-05;quarta-feira ;03:00:00;COM VÍTIMA;DERBY;AVENIDA;AVENIDA GOVERNADOR AGAMENON MAGALHAES;;;E/F AO BRADESCO S, /T OLINDA;DERBY;;;COLISÃO TRASEIRA;0;2;0;0;0;0;0;0;0;2;0;;;;;;;;;;;;;
2023-04-05;quarta-feira ;03:05:00;COM VÍTIMA;ESTANCIA;AVENIDA;AVENIDA RECIFE;;;LADO OPOSTO AO ATACADÃO/ SENTIDO CAXANGA;ESTÂNCIA;;;COLISÃO LATERAL;0;2;0;0;0;0;0;0;0;1;0;;;;;;;;;;;;;
2023-04-05;quarta-feira ;03:24:00;SEM VÍTIMA;AREIAS;RUA;RUA JOSE NATARIO;;;PROX A ESTAÇÃO DO WERNECK;AREIAS;;;COLISÃO LATERAL;0;1;0;0;0;1;0;0;0;0;0;;;;;;;;;;;;;
2023-04-05;quarta-feira ;05:51:00;COM VÍTIMA;AFOGADOS;AVENIDA;AVENIDA SUL;;;POLICLÍNICA AGAMENON MAGALHÃES;AFOGADOS;;;COLISÃO LATERAL;0;2;0;0;0;0;0;0;0;2;0;;;;;;;;;;;;;
2023-04-05;quarta-feira ;05:53:00;COM VÍTIMA;IMBIRIBEIRA;AVENIDA;AVENIDA ANTONIO TORRES GALVAO;RUA;RUA ALFREDO MARCONDES;;IMBIRIBEIRA;;;COLISÃO TRANSVERSAL;0;1;0;0;0;0;1;0;0;1;0;;;;;;;;;;;;;
2023-04-05;quarta-feira ;07:27:00;COM VÍTIMA;BOA VIAGEM;AVENIDA;AVENIDA CELSO FURTADO (VIA MANGUE);;;ANTES DO HIBER BOMPREÇO, NO VIADUTO;BOA VIAGEM;;SUBURBIO;COLISÃO TRASEIRA;1;1;0;0;0;0;0;0;0;1;0;;;;;;;;;;;;;
2023-04-05;quarta-feira ;09:19:00;COM VÍTIMA;CORREGO DO JENIPAPO;RUA;RUA DAS FLORES;;;PRÓXIMO A UPINHA DO CORREGO DO JENIPAPO;CÓRREGO DO JENIPAPO;;;COLISÃO FRONTAL;1;1;0;0;0;0;0;0;0;2;0;;;;;;;;;;;;;
2023-04-05;quarta-feira ;09:28:00;COM VÍTIMA;BOA VIAGEM;AVENIDA;AVENIDA ARMINDO MOURA;RUA;RUA VISCONDE DE JEQUITINHONHA;;BOA VIAGEM;;CIDADE;COLISÃO LATERAL;1;1;0;0;0;0;0;0;0;1;0;;;;;;;;;;;;;
2023-04-06;quinta-feira ;01:21:00;SEM VÍTIMA;SANTO AMARO;AVENIDA;AVENIDA GOVERNADOR AGAMENON MAGALHAES;;;SOB O VIADUTO  ENGº ROBERTO PEREIRA DE CARVALHO;SANTO AMARO;;;CHOQUE;0;0;0;0;0;0;0;1;0;0;0;;;;;;;;;;;;;
2023-04-06;quinta-feira ;06:46:00;COM VÍTIMA;BAIRRO DO RECIFE;AVENIDA;AVENIDA RIO BRANCO;CAIS;CAIS DO APOLO;AO LADO DO BANCO DO BRASIL - SENT. SUBÚRBIO;BAIRRO DO RECIFE;19;;COLISÃO TRASEIRA;1;1;0;0;0;0;0;0;0;1;0;;;;;;;;;;;;;
2023-04-06;quinta-feira ;10:05:00;COM VÍTIMA;AREIAS;AVENIDA;AVENIDA RECIFE;;;EM FRENTE AO ATACADÃO SENT. BR-101;AREIAS;;;COLISÃO FRONTAL;1;1;0;0;0;0;0;0;0;1;0;;;;;;;;;;;;;
2023-04-06;quinta-feira ;10:14:00;COM VÍTIMA;BOA VIAGEM;AVENIDA;AVENIDA CELSO FURTADO (VIA MANGUE);;;POR TRÁS DO ANTIGO EXTRA;BOA VIAGEM;;CIDADE;COLISÃO LATERAL;0;0;0;0;0;0;0;0;0;1;0;;;;;;;;;;;;;
2023-04-06;quinta-feira ;10:55:00;COM VÍTIMA;CORDEIRO;RUA;RUA XAVIER DE BRITO;;;;CORDEIRO;;;COLISÃO LATERAL;0;0;0;0;0;0;0;0;0;1;0;;;;;;;;;;;;;
2023-04-06;quinta-feira ;11:22:00;COM VÍTIMA;AFOGADOS;RUA;RUA VINTE E UM DE ABRIL;;;;AFOGADOS;;;ATROPELAMENTO DE PESSOA;1;0;0;0;1;0;0;0;0;1;0;;;;;;;;;;;;;
2023-04-06;quinta-feira ;11:48:00;COM VÍTIMA;CORDEIRO;RUA;RUA DR MIGUEL VIEIRA FERREIRA;RUA;RUA PROFESSOR JOAQUIM XAVIER DE BRITO;;CORDEIRO;;;COLISÃO COM CICLISTA;0;1;0;1;0;0;0;0;0;2;0;;;;;;;;;;;;;
2023-04-06;quinta-feira ;01:18:00;COM VÍTIMA;LINHA DO TIRO;RUA;RUA ALTO DOS COQUEIROS;;;;LINHA DO TIRO;;;TOMBAMENTO;1;0;0;0;0;0;1;0;0;1;0;;;;;;;;;;;;;
2023-04-07;sexta-feira ;08:29:00;SEM VÍTIMA;AFOGADOS;EST;EST DOS REMEDIOS;;;EM FRENTE À OFICINA CORSEL;AFOGADOS;;;COLISÃO FRONTAL;0;1;0;0;0;0;0;0;0;0;0;;;;;;;;;;;;;
2023-04-08;sábado ;03:54:00;SEM VÍTIMA;ILHA DO RETIRO;AVENIDA;AVENIDA ENGENHEIRO ABDIAS DE CARVALHO;;;EM FRENTE AO SPORT;ILHA DO RETIRO;;;COLISÃO LATERAL;0;0;0;0;0;0;0;0;0;0;0;;;;;;;;;;;;;
2023-04-08;sábado ;07:02:00;SEM VÍTIMA;VARZEA;RUA;RUA TORRES HOMEM;;;;VÁRZEA;;;APOIO CELPE;0;0;0;0;0;0;0;0;0;0;0;;;;;;;;;;;;;
2023-04-08;sábado ;09:04:00;SEM VÍTIMA;VARZEA;RUA;RUA TORRES HOMEM;;;;VÁRZEA;;;APOIO CELPE;0;0;0;0;0;0;0;0;0;0;0;;;;;;;;;;;;;
2023-04-08;sábado ;10:59:00;COM VÍTIMA;SANTO ANTONIO;PTE;PTE BUARQUE DE MACEDO;AVENIDA;AVENIDA MARTINS DE BARROS;;SANTO ANTÔNIO;;;COLISÃO TRASEIRA;1;1;0;0;0;0;0;0;0;2;0;;;;;;;;;;;;;
2023-04-08;sábado ;12:42:00;COM VÍTIMA;BEBERIBE;AVENIDA;AVENIDA BEBERIBE;;;;BEBERIBE;;;COLISÃO LATERAL;1;1;0;0;0;0;0;0;0;1;0;;;;;;;;;;;;;
2023-04-08;sábado ;09:45:00;COM VÍTIMA;AREIAS;AVENIDA;AVENIDA DR JOSE RUFINO;;;PRÓXIMO À IGREJA PRESBITERIANA;AREIAS;;;COLISÃO LATERAL;1;1;0;0;0;0;0;0;0;1;0;;;;;;;;;;;;;
2023-04-09;domingo ;09:43:00;SEM VÍTIMA;SANTO ANTONIO;RUA;RUA NOSSA SRA DO CARMO;RUA;RUA DO RANGEL;SEMÁFORO Nº 017;SANTO ANTÔNIO;17;CIDADE;;1;0;0;0;0;0;0;0;0;0;0;;;;;;;;;;;;;
2023-04-09;domingo ;04:40:00;COM VÍTIMA;TAMARINEIRA;RUA;RUA SEBASTIAO MALTA ARCOVERDE;;;EM FRENTE AO FAACA BURGUER;TAMARINEIRA;;;COLISÃO LATERAL;1;1;0;0;0;0;0;0;0;1;0;;;;;;;;;;;;;
2023-04-09;domingo ;07:30:00;COM VÍTIMA;BOA VIAGEM;AVENIDA;AVENIDA ENGENHEIRO DOMINGOS FERREIRA;;;EM FRENTE AO SPETTUS;BOA VIAGEM;;;COLISÃO LATERAL;1;1;0;0;0;0;0;0;0;1;0;;;;;;;;;;;;;
2023-04-09;domingo ;09:46:00;COM VÍTIMA;IBURA;AVENIDA;AVENIDA DOIS RIOS;;;PRÓXIMO A LADEIRA DA COHAB;IBURA;;;COLISÃO LATERAL;1;1;0;0;0;0;0;0;0;2;0;;;;;;;;;;;;;
2023-04-10;segunda-feira ;12:07:00;COM VÍTIMA;PORTO DA MADEIRA;AVENIDA;AVENIDA BEBERIBE;;;EM FRENTE AO SEST SENAT;;;;COLISÃO TRANSVERSAL;0;0;0;0;0;0;0;0;0;1;0;;;;;;;;;;;;;
2023-04-10;segunda-feira ;04:55:00;VÍTIMA FATAL;BOA VIAGEM;AVENIDA;AVENIDA BOA VIAGEM;;;EM FRENTE AO EDF. MARIA LEOPOLDINA;BOA VIAGEM;152;;TOMBAMENTO;1;0;0;0;0;0;0;0;0;1;1;;;;;;;;;;;;;
2023-04-10;segunda-feira ;10:02:00;COM VÍTIMA;PINA;RUA;RUA MANOEL DE BRITO;;;INÍCIO DO TÚNEL JOSUÉ DE CASTRO;PINA;;;COLISÃO LATERAL;3;1;0;0;0;0;0;0;0;1;0;;;;;;;;;;;;;
2023-04-10;segunda-feira ;10:14:00;COM VÍTIMA;MADALENA;AVENIDA;AVENIDA BEIRA RIO;;;EM FRENTE AO EDF. RIVER TOWER RESIDENCE;MADALENA;;;COLISÃO LATERAL;1;1;0;0;0;0;0;0;0;1;0;;;;;;;;;;;;;
2023-04-10;segunda-feira ;02:41:00;COM VÍTIMA;TORRE;RUA;RUA REAL DA TORRE;;;EM FRENTE A ESCOLA DESPERTAR;TORRE;;;COLISÃO LATERAL;1;1;0;0;0;0;0;0;0;2;0;;;;;;;;;;;;;
2023-04-10;segunda-feira ;02:56:00;COM VÍTIMA;BOA VISTA;AVENIDA;AVENIDA MANOEL BORBA;;;EM FRENTE AO VAREJÃO;BOA VISTA;;;COLISÃO LATERAL;1;1;0;0;0;0;0;0;0;1;0;;;;;;;;;;;;;
2023-04-10;segunda-feira ;03:47:00;COM VÍTIMA;GRACAS;AVENIDA;AVENIDA RUI BARBOSA;;;EM FRENTE AO RESTAURANTE PAPA CAPIM E COLEGIO DAMAS;GRAÇAS;;;COLISÃO COM CICLISTA;1;0;0;1;0;0;0;0;0;1;0;;;;;;;;;;;;;
2023-04-10;segunda-feira ;05:50:00;COM VÍTIMA;SANTO AMARO;RUA;RUA FRANCISCO JACINTO;;;PROX A DELEGACIA DA MULHER;SANTO AMARO;;;COLISÃO LATERAL;1;1;0;0;0;0;0;0;0;1;0;;;;;;;;;;;;;
2023-04-10;segunda-feira ;06:24:00;SEM VÍTIMA;SANTO ANTONIO;RUA;RUA SIQUEIRA CAMPOS;AVENIDA;AVENIDA DANTAS BARRETO;PROX A SICREDE;SANTO ANTÔNIO;;;COLISÃO LATERAL;2;0;0;0;0;0;0;0;0;0;0;;;;;;;;;;;;;
2023-04-10;segunda-feira ;06:36:00;COM VÍTIMA;CAXANGA;AVENIDA;AVENIDA CAXANGA;;;EM FRENTE A PRAÇA ESTEVÃO DE SÁ;CAXANGÁ;;;COLISÃO TRASEIRA;1;1;0;0;0;0;0;0;0;2;0;;;;;;;;;;;;;
2023-04-10;segunda-feira ;07:22:00;COM VÍTIMA;GUABIRABA;AVENIDA;AVENIDA DA RECUPERACAO;;;PROXIMO  UPA DE GUABIRABA;GUABIRABA;;;COLISÃO FRONTAL;0;2;0;0;0;0;0;0;0;2;0;;;;;;;;;;;;;
2023-04-10;segunda-feira ;07:31:00;COM VÍTIMA;DERBY;AVENIDA;AVENIDA GOVERNADOR AGAMENON MAGALHAES;;;EM FRENTE AO HOSPITAL MEMORIAL SÃO JOSÉ;DERBY;;;COLISÃO LATERAL;0;1;0;1;0;0;0;0;0;1;0;;;;;;;;;;;;;
2023-04-10;segunda-feira ;09:19:00;SEM VÍTIMA;IPSEP;AVENIDA;AVENIDA RECIFE;;;RODK AUTO;IPSEP;;;;1;0;0;0;0;0;1;0;0;0;0;;;;;;;;;;;;;
2023-04-11;terça-feira ;10:25:00;COM VÍTIMA;IMBIRIBEIRA;RUA;RUA ARQUITETO LUIZ NUNES;;;PRÓX. AO ATACAREJO NOVO TEMPO;IMBIRIBEIRA;;;COLISÃO TRASEIRA;1;1;0;0;0;0;0;0;0;1;0;;;;;;;;;;;;;
2023-04-11;terça-feira ;12:11:00;SEM VÍTIMA;IMBIRIBEIRA;AVENIDA;AVENIDA MARECHAL MASCARENHAS DE MORAES;;;EM FRENTE À FERREIRA COSTA;IMBIRIBEIRA;386;CIDADE;;0;1;0;0;0;0;1;0;0;0;0;;;;;;;;;;;;;
2023-04-11;terça-feira ;02:05:00;COM VÍTIMA;APIPUCOS;RUA;RUA DE APIPUCOS;;;CONDOMINIO RESERVA DE APIPUCOS;APIPUCOS;;;COLISÃO FRONTAL;1;1;0;0;0;0;0;0;0;2;0;;;;;;;;;;;;;
2023-04-11;terça-feira ;02:52:00;SEM VÍTIMA;TORRE;RUA;RUA CANTORA CLARA NUNES;;;AO LADO DA IGREJA CAPELINHA;TORRE;;;COLISÃO TRASEIRA;2;0;0;0;0;0;0;0;0;0;0;;;;;;;;;;;;;
2023-04-11;terça-feira ;06:06:00;COM VÍTIMA;MACAXEIRA;AVENIDA;AVENIDA NORTE MIGUEL ARRAES DE ALENCAR;;;EM FRENTE AO HOTEL NEXOS;MACAXEIRA;;;COLISÃO LATERAL;0;2;0;0;0;0;0;0;0;2;0;;;;;;;;;;;;;
2023-04-11;terça-feira ;07:19:00;COM VÍTIMA;SAO JOSE;RUA;RUA DO FORTE;;;AO LADO DO FORTE DAS CINCO PONTAS;SÃO JOSÉ;;;ATROPELAMENTO DE PESSOA;1;0;0;0;0;0;0;0;0;1;0;;;;;;;;;;;;;
2023-04-11;terça-feira ;08:18:00;COM VÍTIMA;ARRUDA;RUA;RUA SETE PECADOS;;;ARMAZEM CORAL;ARRUDA;;;COLISÃO LATERAL;1;1;0;0;0;0;0;0;0;1;0;;;;;;;;;;;;;
2023-04-11;terça-feira ;11:08:00;COM VÍTIMA;GRACAS;RUA;RUA JOAO RAMOS;;;PIZZARIA ATLÂNTICO;GRAÇAS;;;COLISÃO TRASEIRA;1;1;0;0;0;0;0;0;0;1;0;;;;;;;;;;;;;
2023-04-12;quarta-feira ;05:59:00;SEM VÍTIMA;BOA VIAGEM;RUA;RUA JOSE ADERVAL CHAVES;;;;BOA VIAGEM;;;APOIO CELPE;0;0;0;0;0;0;0;0;0;0;0;;;;;;;;;;;;;
2023-04-12;quarta-feira ;07:35:00;SEM VÍTIMA;TORROES;RUA;RUA DES CAPISTRANO DE MORAES E SILVA;;;AO LADO DA PRAÇA JARDIM DO FORTE DO BOM JESUS;TORRÕES;;CIDADE;COLISÃO TRANSVERSAL;2;0;0;0;0;0;0;0;0;0;0;;;;;;;;;;;;;
2023-04-12;quarta-feira ;08:31:00;COM VÍTIMA;SANTO AMARO;AVENIDA;AVENIDA GOVERNADOR AGAMENON MAGALHAES;;;EM FRENTE AO POSTO BR, SENT. BOA VIAGEM;SANTO AMARO;;;COLISÃO LATERAL;1;1;0;0;0;0;0;0;0;1;0;;;;;;;;;;;;;
2023-04-12;quarta-feira ;08:51:00;COM VÍTIMA;SAN MARTIN;AVENIDA;AVENIDA JOAO CABRAL DE MELO NETO;;;PRÓX. AO LAVA A JATO DO BRUNO;SAN MARTIN;;;ATROPELAMENTO DE PESSOA;0;1;0;0;1;0;0;0;0;1;0;;;;;;;;;;;;;
2023-04-11;terça-feira ;12:06:00;COM VÍTIMA;CASA AMARELA;AVENIDA;AVENIDA NORTE MIGUEL ARRAES DE ALENCAR;;;;CASA AMARELA;;CIDADE;TOMBAMENTO;0;1;0;0;0;0;0;0;0;1;0;;;;;;;;;;;;;
2023-04-12;quarta-feira ;12:11:00;COM VÍTIMA;ESPINHEIRO;AVENIDA;AVENIDA GOVERNADOR AGAMENON MAGALHAES;;;EM FRENTE À MEDICAL;ESPINHEIRO;;;COLISÃO LATERAL;1;1;0;0;0;0;0;0;0;1;0;;;;;;;;;;;;;
2023-04-12;quarta-feira ;01:36:00;COM VÍTIMA;IMBIRIBEIRA;AVENIDA;AVENIDA MARECHAL MASCARENHAS DE MORAES;;;ESQUINA DO GERALDAO S/T AEROPORTO;IMBIRIBEIRA;;;ENGAVETAMENTO;3;0;0;0;0;0;0;0;0;1;0;;;;;;;;;;;;;
2023-04-12;quarta-feira ;03:37:00;COM VÍTIMA;CAMPINA DO BARRETO;RUA;RUA CORONEL URBANO RIBEIRO DE SENA;;;PROX ACADEMIA DA CIDADE;CAMPINA DO BARRETO;;;COLISÃO COM CICLISTA;1;0;0;1;0;0;0;0;0;1;0;;;;;;;;;;;;;
2023-04-12;quarta-feira ;05:38:00;COM VÍTIMA;SANTO AMARO;AVENIDA;AVENIDA NORTE MIGUEL ARRAES DE ALENCAR;;;PROX AO SENAI;SANTO AMARO;;;ATROPELAMENTO DE PESSOA;0;1;0;0;1;0;0;0;0;1;0;;;;;;;;;;;;;
2023-04-12;quarta-feira ;06:11:00;SEM VÍTIMA;ILHA JOANA BEZERRA;AVENIDA;AVENIDA MARTIN LUTHER KING;;;ACADEMIA DA CIDADE DE JOANA BEZERRA;ILHA JOANA BEZERRA;;;ATROPELAMENTO DE ANIMAL;0;0;0;0;0;0;0;1;0;0;0;;;;;;;;;;;;;
2023-04-13;quinta-feira ;07:53:00;COM VÍTIMA;PRADO;AVENIDA;AVENIDA ENGENHEIRO ABDIAS DE CARVALHO;;;;PRADO;;;COLISÃO TRASEIRA;1;1;0;0;0;0;0;0;0;1;0;;;;;;;;;;;;;
2023-04-13;quinta-feira ;10:43:00;COM VÍTIMA;AFOGADOS;RUA;RUA AUGUSTO CALHEIROS;;;EM FRENTE A IMPORT PNEUS;AFOGADOS;;;COLISÃO LATERAL;1;1;0;0;0;0;0;0;0;1;0;;;;;;;;;;;;;
2023-04-13;quinta-feira ;11:43:00;COM VÍTIMA;PINA;RUA;RUA NOGUEIRA DE SOUZA;;;PRÓX. AO CALDINHO DO NENÊ E DO SHOPPING RIO MAR;PINA;;;COLISÃO LATERAL;1;1;0;0;0;0;0;0;0;1;0;;;;;;;;;;;;;
2023-04-13;quinta-feira ;02:39:00;SEM VÍTIMA;GRACAS;RUA;RUA CARDEAL ARCOVERDE;;;LANCHONETE PARADA OBRIGATORIA;GRAÇAS;;;COLISÃO LATERAL;1;1;0;0;0;0;0;0;0;0;0;;;;;;;;;;;;;
2023-04-13;quinta-feira ;03:28:00;SEM VÍTIMA;ILHA JOANA BEZERRA;PTE;PTE JOSE DE BARROS LIMA;;;;ILHA JOANA BEZERRA;;;COLISÃO LATERAL;2;0;0;0;0;0;0;0;0;0;0;;;;;;;;;;;;;
2023-04-13;quinta-feira ;03:47:00;SEM VÍTIMA;BOA VISTA;RUA;RUA DO PRINCIPE;;;RUA AFONSO PENA;BOA VISTA;;CIDADE;;1;0;0;0;0;1;0;0;0;0;0;;;;;;;;;;;;;