data;dia_semana;hora;natureza;bairro;logradouro_endereco;endereco;logradouro_detalhe_endereço;detalhe_endereco_acidente;complemento;bairro_cruzamento;num_semaforo;sentido_via;tipo;auto;moto;ciclom;ciclista;pedestre;onibus;caminhao;viatura;outros;vitimas;vitimasfatais;acidente_verificado;tempo_clima;situacao_semaforo;sinalizacao;condicao_via;conservacao_via;ponto_controle;situacao_placa;velocidade_max_via;mao_direcao;divisao_via1;divisao_via2;divisao_via3
2023-04-13;quinta-feira ;04:59:00;COM VÍTIMA;ILHA JOANA BEZERRA;PTE;PTE JOSE DE BARROS LIMA;;;SENTIDO DERBY;ILHA JOANA BEZERRA;;;ATROPELAMENTO DE PESSOA;0;0;0;0;1;0;0;0;0;1;0;;;;;;;;;;;;;
2023-04-13;quinta-feira ;10:22:00;COM VÍTIMA;IMBIRIBEIRA;RUA;RUA SARGENTO SILVINO DE MACEDO;RUA;RUA JOSE DA SILVA LUCENA;PRÓXIMO AO CAMPO;IMBIRIBEIRA;;;COLISÃO TRANSVERSAL;1;1;0;0;0;0;0;0;0;1;0;;;;;;;;;;;;;
2023-04-14;sexta-feira ;11:21:00;COM VÍTIMA;BOA VIAGEM;AVENIDA;AVENIDA CELSO FURTADO (VIA MANGUE);;;ACESSO A ANTONIO FALCÃO;BOA VIAGEM;;;CHOQUE;1;0;0;0;0;0;0;0;0;1;0;;;;;;;;;;;;;
2023-04-14;sexta-feira ;11:38:00;COM VÍTIMA;VARZEA;RUA;RUA PROFESSOR ANTONIO COELHO;RUA;RUA EMILIANO BRAGA;PRÓX. AO COLÉGIO E CURSO DESAFIO;VÁRZEA;;;COLISÃO LATERAL;1;1;0;0;0;0;0;0;0;1;0;;;;;;;;;;;;;
2023-04-14;sexta-feira ;11:38:00;SEM VÍTIMA;ESTANCIA;AVENIDA;AVENIDA DR JOSE RUFINO;;;;ESTÂNCIA;;CIDADE;COLISÃO LATERAL;1;0;0;0;0;0;1;0;0;0;0;;;;;;;;;;;;;
2023-04-14;sexta-feira ;11:42:00;SEM VÍTIMA;PASSARINHO;AVENIDA;AVENIDA CONCRIS;;;E/F ESCOLA MUNICIPAL MARLUCE SANTIAGO DA SILVA;PASSARINHO;;SUBURBIO;COLISÃO TRANSVERSAL;1;0;0;0;0;0;0;1;0;0;0;;;;;;;;;;;;;
2023-04-14;sexta-feira ;01:19:00;COM VÍTIMA;APIPUCOS;RUA;RUA DE APIPUCOS;;;EM FRENTE AO PARQUE APIPUCOS;APIPUCOS;;;COLISÃO TRASEIRA;1;1;0;0;0;0;0;0;0;1;0;;;;;;;;;;;;;
2023-04-14;sexta-feira ;08:23:00;COM VÍTIMA;DOIS IRMAOS;RUA;RUA MANUEL DE MEDEIROS;;;EM FRENTE AO BAR DA CURVA;DOIS IRMÃOS;;SUBURBIO;COLISÃO LATERAL;0;1;0;0;0;0;1;0;0;1;0;;;;;;;;;;;;;
2023-04-15;sábado ;11:24:00;COM VÍTIMA;ROSARINHO;AVENIDA;AVENIDA SANTOS DUMONT;RUA;RUA CAIO PEREIRA;PROX. AO EDF. ARTEMIS;ROSARINHO;;;COLISÃO LATERAL;1;1;0;0;0;0;0;0;0;1;0;;;;;;;;;;;;;
2023-04-15;sábado ;11:46:00;COM VÍTIMA;AFOGADOS;RUA;RUA SAO MIGUEL;;;PROX AO POSTO DE GASOLINA JOÃO DIAS;AFOGADOS;;;COLISÃO LATERAL;1;1;0;0;0;0;0;0;0;1;0;;;;;;;;;;;;;
2023-04-15;sábado ;01:52:00;COM VÍTIMA;JOANA BEZERRA;AVENIDA;AVENIDA SUL;;;ENFRENTE AO POSTO BR;JOANA BEZERRA;;;COLISÃO LATERAL;0;1;0;0;0;1;0;0;0;1;0;;;;;;;;;;;;;
2023-04-15;sábado ;07:51:00;COM VÍTIMA;PINA;AVENIDA;AVENIDA CELSO FURTADO (VIA MANGUE);;;POR TRÁS DO AÇAÍ ATACADISTA;PINA;;;COLISÃO TRASEIRA;1;1;0;0;0;0;0;0;0;1;0;;;;;;;;;;;;;
2023-04-15;sábado ;10:01:00;COM VÍTIMA;BOA VIAGEM;RUA;RUA DEZ DE JULHO;RUA;RUA CAMBOIM;PRÓXIMO A ESTAÇÃO DO AEROPORTO;BOA VIAGEM;;;COLISÃO TRANSVERSAL;1;1;0;0;0;0;0;0;0;2;0;;;;;;;;;;;;;
2023-04-16;domingo ;01:02:00;SEM VÍTIMA;IMBIRIBEIRA;AVENIDA;AVENIDA MARECHAL MASCARENHAS DE MORAES;AVENIDA;AVENIDA PINHEIROS;GRILLO HOME CENTER;IMBIRIBEIRA;396;CIDADE;COLISÃO TRANSVERSAL;1;0;0;0;0;1;0;0;0;0;0;;;;;;;;;;;;;
2023-04-16;domingo ;08:31:00;COM VÍTIMA;IPUTINGA;AVENIDA;AVENIDA CAXANGA;;;EM FRENTE A FACULDADE IMACULADA CONCEIÇÃO DO RECIFE;IPUTINGA;;;COLISÃO TRASEIRA;1;1;0;0;0;0;0;0;0;2;0;;;;;;;;;;;;;
2023-04-16;domingo ;01:36:00;COM VÍTIMA;IMBIRIBEIRA;AVENIDA;AVENIDA MARECHAL MASCARENHAS DE MORAES;;;FLOR ARTE;IMBIRIBEIRA;;;COLISÃO TRASEIRA;1;1;0;0;0;0;0;0;0;1;0;;;;;;;;;;;;;
2023-04-16;domingo ;03:07:00;COM VÍTIMA;IBURA;AVENIDA;AVENIDA JORNALISTA COSTA PORTO;;;EM FRENTE A ASSEMBLEIA DE DEUS CAMPOS JORDÃO;IBURA;;;COLISÃO FRONTAL;0;1;0;0;0;1;0;0;0;1;0;;;;;;;;;;;;;
2023-04-16;domingo ;03:20:00;SEM VÍTIMA;DERBY;AVENIDA;AVENIDA GOVERNADOR AGAMENON MAGALHAES;;;ORTODENTE / PRAÇA DO DERBY;DERBY;;SUBURBIO;COLISÃO TRASEIRA;2;0;0;0;0;0;0;0;0;0;0;;;;;;;;;;;;;
2023-04-16;domingo ;05:30:00;SEM VÍTIMA;BOA VIAGEM;AVENIDA;AVENIDA CONSELHEIRO AGUIAR;;;PANIFICADORA DELICATESSEN CARMEM;BOA VIAGEM;;;COLISÃO LATERAL;1;0;0;0;0;1;0;0;0;0;0;;;;;;;;;;;;;
2023-04-16;domingo ;05:56:00;COM VÍTIMA;VARZEA;RUA;RUA MARIO CAMPELO;;;RUA RESIDENCIAL;VÁRZEA;;;COLISÃO FRONTAL;1;1;0;0;0;0;0;0;0;2;0;;;;;;;;;;;;;
2023-04-16;domingo ;10:55:00;SEM VÍTIMA;IPUTINGA;RUA;RUA LEAL DE BARROS;;;PRÓX. À PIZZARIA PAULIYNE;IPUTINGA;;;COLISÃO TRASEIRA;2;1;0;0;0;0;0;0;0;0;0;;;;;;;;;;;;;
2023-04-16;domingo ;11:38:00;SEM VÍTIMA;BOA VIAGEM;AVENIDA;AVENIDA ANTONIO DE GOES;;;EM CIMA DA PONTE;BOA VIAGEM;;;COLISÃO LATERAL;2;0;0;0;0;0;0;0;0;0;0;;;;;;;;;;;;;
2023-04-17;segunda-feira ;06:55:00;COM VÍTIMA;IPSEP;RUA;RUA JEAN EMILE FAVRE;;;EM FRENTE A UNIFBV;IPSEP;;;COLISÃO LATERAL;1;1;0;0;0;0;0;0;0;1;0;;;;;;;;;;;;;
2023-04-17;segunda-feira ;07:32:00;COM VÍTIMA;IPSEP;AVENIDA;AVENIDA RECIFE;;;EM CIMA DO VIADUTO, APOS O ARMAZEM CORAL, SENT. AEROPORTO;IPSEP;;;COLISÃO TRASEIRA;1;1;0;0;0;0;0;0;0;1;0;;;;;;;;;;;;;
2023-04-17;segunda-feira ;08:02:00;COM VÍTIMA;ESTANCIA;AVENIDA;AVENIDA DR JOSE RUFINO;VIADUTO;VIADUTO ULYSSES GUIMARAES;LOCAL DO SINISTRO VIADUTO ULYSSES GUIMARAES - REF. AO LADO DO ARMAZEM CORAL;ESTÂNCIA;;;COLISÃO TRASEIRA;1;1;0;0;0;0;0;0;0;1;0;;;;;;;;;;;;;
2023-04-17;segunda-feira ;08:26:00;SEM VÍTIMA;BOA VIAGEM;AVENIDA;AVENIDA CONSELHEIRO AGUIAR;;;EM FRENTE  A PADARIA;BOA VIAGEM;;;COLISÃO LATERAL;2;0;0;0;0;0;0;0;0;0;0;;;;;;;;;;;;;
2023-04-17;segunda-feira ;11:11:00;COM VÍTIMA;ENCRUZILHADA;EST;EST DE BELEM;;;EM FRENTE À QUITANDARIA;ENCRUZILHADA;;;COLISÃO LATERAL;1;1;0;0;0;0;0;0;0;1;0;;;;;;;;;;;;;
2023-04-17;segunda-feira ;12:14:00;COM VÍTIMA;SANTO AMARO;AVENIDA;AVENIDA GOVERNADOR AGAMENON MAGALHAES;VIADUTO;VIADUTO INDEPENDENCIA;VIADUTO SOBRE À AV. JOÃO DE BARROS;SANTO AMARO;;;COLISÃO TRASEIRA;1;1;0;0;0;0;0;0;0;2;0;;;;;;;;;;;;;
2023-04-17;segunda-feira ;01:18:00;COM VÍTIMA;IMBIRIBEIRA;VIADUTO;VIADUTO TANCREDO NEVES;;;SOBRE O VIADUTO: SENTIDO BOA VIAGEM;IMBIRIBEIRA;;;QUEDA;1;1;0;0;0;0;0;0;0;1;0;;;;;;;;;;;;;
2023-04-17;segunda-feira ;04:35:00;SEM VÍTIMA;SAO JOSE;RUA;RUA CORACAO DE MARIA;;;16º BPM;SÃO JOSÉ;;SUBURBIO;;1;0;0;0;0;0;0;1;0;0;0;;;;;;;;;;;;;
2023-04-17;segunda-feira ;06:43:00;COM VÍTIMA;BOA VISTA;AVENIDA;AVENIDA MANOEL BORBA;;;POSTO BR MANIA;BOA VISTA;;;COLISÃO TRASEIRA;1;1;0;0;0;0;0;0;0;1;0;;;;;;;;;;;;;
2023-04-17;segunda-feira ;07:31:00;COM VÍTIMA;IPSEP;RUA;RUA HELIO BRANDAO;RUA;RUA ARISTIDES LOBO;COLÉGIO JOSÉ VICENTE;IPSEP;;;COLISÃO LATERAL;1;1;0;0;0;0;0;0;0;1;0;;;;;;;;;;;;;
2023-04-18;terça-feira ;07:12:00;COM VÍTIMA;ENCRUZILHADA;AVENIDA;AVENIDA BEBERIBE;;;PROX AO BANCO DO BRAZIL;ENCRUZILHADA;;;QUEDA;0;1;0;0;0;0;0;0;0;1;0;;;;;;;;;;;;;
2023-04-18;terça-feira ;09:16:00;COM VÍTIMA;CORDEIRO;EST;EST DO FORTE DO ARRAIAL N. DO B. JESUS;;;PROX. AO COLEGIO ANGLO;CORDEIRO;;;COLISÃO LATERAL;1;1;0;0;0;0;0;0;0;1;0;;;;;;;;;;;;;
2023-04-18;terça-feira ;04:30:00;COM VÍTIMA;BOA VISTA;AVENIDA;AVENIDA CONDE DA BOA VISTA;RUA;RUA DA SOLEDADE;NO SEMAFORO 025;BOA VISTA;;;COLISÃO FRONTAL;1;1;0;0;0;0;0;0;0;1;0;;;;;;;;;;;;;
2023-04-19;quarta-feira ;07:05:00;COM VÍTIMA;BOA VIAGEM;RUA;RUA DES JOAO PAES;RUA;RUA CORONEL ANIZIO RODRIGUES COELHO;POR TRAS DO RESTAURANTE ESCRITORIO ZONA SUL;BOA VIAGEM;;;COLISÃO FRONTAL;1;1;0;0;0;0;0;0;0;2;0;;;;;;;;;;;;;
2023-04-19;quarta-feira ;10:57:00;COM VÍTIMA;IMBIRIBEIRA;AVENIDA;AVENIDA PRESIDENTE DUTRA;;;SOBRE O VD TANCREDO NEVES;IMBIRIBEIRA;;;QUEDA;0;1;0;0;0;0;0;0;0;1;0;;;;;;;;;;;;;
2023-04-19;quarta-feira ;11:10:00;COM VÍTIMA;IPSEP;AVENIDA;AVENIDA RECIFE;;;EM FRENTE A CALOS EQUIPADORA;IPSEP;319;;COLISÃO TRASEIRA;1;1;0;0;0;0;0;0;0;1;0;;;;;;;;;;;;;
2023-04-19;quarta-feira ;12:37:00;COM VÍTIMA;MONTEIRO;AVENIDA;AVENIDA DEZESSETE DE AGOSTO;;;EM FRENTE AO HOSPITAL HERMINIO DE MORAES Q;MONTEIRO;;;COLISÃO LATERAL;1;1;0;0;0;0;0;0;0;1;0;;;;;;;;;;;;;
2023-04-19;quarta-feira ;02:36:00;COM VÍTIMA;DERBY;AVENIDA;AVENIDA GOVERNADOR AGAMENON MAGALHAES;;;E/F AO INSTITUTO JOSE ROCHA DE SÁ  S/T  BOA VIAGEM;DERBY;;;COLISÃO LATERAL;2;1;0;0;0;0;0;0;0;1;0;;;;;;;;;;;;;
2023-04-19;quarta-feira ;02:36:00;COM VÍTIMA;IMBIRIBEIRA;AVENIDA;AVENIDA MARECHAL MASCARENHAS DE MORAES;;;LADO OPOSTO A FERREIRA COSTA E PROXIMO AO BANCO DO BRASIL/ SENTIDO AEROPORTO;IMBIRIBEIRA;;;COLISÃO TRASEIRA;1;0;0;0;0;0;0;1;0;1;0;;;;;;;;;;;;;
2023-04-19;quarta-feira ;05:05:00;COM VÍTIMA;DERBY;AVENIDA;AVENIDA GOVERNADOR AGAMENON MAGALHAES;RUA;RUA HENRIQUE DIAS;O VEÍCULO SE EVADIU DO LOCAL;DERBY;;;COLISÃO TRASEIRA;1;1;0;0;0;0;0;0;0;1;0;;;;;;;;;;;;;
2023-04-19;quarta-feira ;05:28:00;COM VÍTIMA;IMBIRIBEIRA;AVENIDA;AVENIDA MARECHAL MASCARENHAS DE MORAES;;;LADO OPOSTO AO GERALDÃO;IMBIRIBEIRA;;;QUEDA;0;0;0;0;0;0;0;0;0;1;0;;;;;;;;;;;;;
2023-04-19;quarta-feira ;05:43:00;SEM VÍTIMA;ILHA JOANA BEZERRA;AVENIDA;AVENIDA BEIRA RIO;;;ACADEMIA DA CIDADE;ILHA JOANA BEZERRA;;SUBURBIO;;1;1;0;0;0;0;0;0;0;0;0;;;;;;;;;;;;;
2023-04-19;quarta-feira ;05:48:00;COM VÍTIMA;PINA;AVENIDA;AVENIDA ENGENHEIRO DOMINGOS FERREIRA;;;EM FRENTE A GLOBAL ASSINTENCIA TECNICA;PINA;;;COLISÃO LATERAL;1;1;0;0;0;0;0;0;0;1;0;;;;;;;;;;;;;
2023-04-19;quarta-feira ;08:06:00;COM VÍTIMA;VASCO DA GAMA;RUA;RUA ALTO DO EUCALIPTO;;;;VASCO DA GAMA;;;COLISÃO LATERAL;1;1;0;0;0;0;0;0;0;2;0;;;;;;;;;;;;;
2023-04-20;quinta-feira ;06:45:00;COM VÍTIMA;SANTO AMARO;AVENIDA;AVENIDA GOVERNADOR AGAMENON MAGALHAES;;;AO LADO DO TACARUNA APOS A CURVA;SANTO AMARO;;;COLISÃO LATERAL;0;1;0;0;0;1;0;0;0;2;0;;;;;;;;;;;;;
2023-04-20;quinta-feira ;07:19:00;COM VÍTIMA;BONGI;AVENIDA;AVENIDA ENGENHEIRO ABDIAS DE CARVALHO;;;EM FRENTE A AUTO PEÇAS FR;BONGI;;CIDADE;CHOQUE;1;0;0;0;0;1;0;0;0;1;0;;;;;;;;;;;;;
2023-04-20;quinta-feira ;07:57:00;COM VÍTIMA;TAMARINEIRA;AVENIDA;AVENIDA CONS ROSA E SILVA;;;EM FRENTE AO POSTO DE GASOLINA SHELL;TAMARINEIRA;;;COLISÃO FRONTAL;1;1;0;0;0;0;0;0;0;1;0;;;;;;;;;;;;;
2023-04-20;quinta-feira ;09:32:00;SEM VÍTIMA;TOTO;RUA;RUA APRIGIO GUIMARAES;;;HOSPITAL OTÁVIO DE FREITAS;TOTÓ;;;COLISÃO FRONTAL;0;1;0;0;0;0;0;1;0;0;0;;;;;;;;;;;;;
2023-04-20;quinta-feira ;11:59:00;COM VÍTIMA;SAN MARTIN;AVENIDA;AVENIDA ENGENHEIRO ABDIAS DE CARVALHO;AVENIDA;AVENIDA GENERAL SAN MARTIN;AO LADO DO COMPAZ;SAN MARTIN;;;COLISÃO LATERAL;1;1;0;0;0;0;0;0;0;1;0;;;;;;;;;;;;;
2023-04-20;quinta-feira ;02:30:00;SEM VÍTIMA;TAMARINEIRA;RUA;RUA CONEGO BARATA;;;EM FRENTE PARA A ANTIGA PADARIA MANAR, SENTIDO ÁGUA FRIA;TAMARINEIRA;;;COLISÃO TRASEIRA;1;0;0;0;0;0;0;1;0;0;0;;;;;;;;;;;;;
2023-04-20;quinta-feira ;04:33:00;COM VÍTIMA;JARDIM SAO PAULO;AVENIDA;AVENIDA RECIFE;;;DE FRENTE AO AÇAI ATACADISTA;JARDIM SÃO PAULO;;;COLISÃO LATERAL;1;1;0;0;0;0;0;0;0;1;0;;;;;;;;;;;;;
2023-04-20;quinta-feira ;04:45:00;COM VÍTIMA;CORDEIRO;AVENIDA;AVENIDA CAXANGA;;;EM FRENTE A  PAJEÚ VEICULOS, SEMAFORO 267.;CORDEIRO;;SUBURBIO;COLISÃO TRASEIRA;0;2;0;0;0;0;0;0;0;2;0;;;;;;;;;;;;;
2023-04-20;quinta-feira ;05:29:00;COM VÍTIMA;BOA VIAGEM;AVENIDA;AVENIDA DES JOSE NEVES;RUA;RUA DES JOAO PAES;PROXIMO AO SEMÁFORO 567 E A FERREIRA PINTO;BOA VIAGEM;567;;ATROPELAMENTO DE PESSOA;1;0;0;0;1;0;0;0;0;1;0;;;;;;;;;;;;;
2023-04-20;quinta-feira ;06:16:00;SEM VÍTIMA;DERBY;PRC;PRC DO DERBY;;;AO LADO DO QUARTEL DA POLICIA MILITAR;DERBY;;;COLISÃO LATERAL;0;0;0;0;0;0;0;0;0;0;0;;;;;;;;;;;;;
2023-04-20;quinta-feira ;06:18:00;COM VÍTIMA;AREIAS;AVENIDA;AVENIDA DR JOSE RUFINO;;;ESCOLA JOSÉ MARIANO;AREIAS;;;COLISÃO LATERAL;0;2;0;0;0;0;0;0;0;2;0;;;;;;;;;;;;;
2023-04-21;sexta-feira ;01:47:00;COM VÍTIMA;CAMPO GRANDE;RUA;RUA JERONIMO VILELA;RUA;RUA FRANKLIN TAVORA;COM A RUA FRANKLIN TÁVORA;CAMPO GRANDE;;;COLISÃO FRONTAL;0;1;0;0;0;1;0;0;0;1;0;;;;;;;;;;;;;
2023-04-21;sexta-feira ;12:54:00;COM VÍTIMA;MADALENA;RUA;RUA ARLINDO GOUVEIA;;;EDF SANTA MARIA;MADALENA;;;COLISÃO FRONTAL;1;1;0;0;0;0;0;0;0;1;0;;;;;;;;;;;;;
2023-04-21;sexta-feira ;02:06:00;COM VÍTIMA;CAXANGA;AVENIDA;AVENIDA CAXANGA;;;EM FRENTE AO CITRO CAR;CAXANGÁ;;;COLISÃO LATERAL;1;1;0;0;0;0;0;0;0;1;0;;;;;;;;;;;;;
2023-04-21;sexta-feira ;02:49:00;COM VÍTIMA;CAXANGA;AVENIDA;AVENIDA CAXANGA;;;EM FRENTE AO BANCO ITAU;CAXANGÁ;;;COLISÃO LATERAL;0;2;0;0;0;0;0;0;0;1;0;;;;;;;;;;;;;
2023-04-21;sexta-feira ;08:23:00;COM VÍTIMA;CORDEIRO;AVENIDA;AVENIDA GENERAL SAN MARTIN;;;PRÓXIMO AO HOSPITAL GETÚLIO VARGAS;CORDEIRO;;;COLISÃO LATERAL;1;2;0;0;0;0;0;0;0;3;0;;;;;;;;;;;;;
2023-04-22;sábado ;09:39:00;COM VÍTIMA;SANTO ANTONIO;AVENIDA;AVENIDA GUARARAPES;AVENIDA;AVENIDA DANTAS BARRETO;PROX A PRAÇA DO DIARIO;SANTO ANTÔNIO;;;COLISÃO FRONTAL;1;1;0;0;0;0;0;0;0;1;0;;;;;;;;;;;;;
2023-04-22;sábado ;10:43:00;COM VÍTIMA;ILHA DO LEITE;RUA;RUA GENERAL JOAQUIM INACIO;;;ENTRE O BANCO SAFRA E ITAU;ILHA DO LEITE;;;COLISÃO LATERAL;1;1;0;0;0;0;0;0;0;1;0;;;;;;;;;;;;;
2023-04-22;sábado ;04:03:00;COM VÍTIMA;AGUA FRIA;EST;EST VELHA DE AGUA FRIA;;;DENOCS / FIAT;ÁGUA FRIA;;;COLISÃO LATERAL;1;0;0;0;0;0;0;0;0;1;0;;;;;;;;;;;;;
2023-04-22;sábado ;04:20:00;COM VÍTIMA;ESPINHEIRO;RUA;RUA QUARENTA E OITO;;;POSTO BR;ESPINHEIRO;;;COLISÃO LATERAL;1;2;0;0;0;0;0;0;0;1;0;;;;;;;;;;;;;
2023-04-22;sábado ;04:51:00;SEM VÍTIMA;MADALENA;AVENIDA;AVENIDA ENGENHEIRO ABDIAS DE CARVALHO;;;;MADALENA;;CIDADE;;0;1;0;0;0;0;0;1;0;0;0;;;;;;;;;;;;;
2023-04-22;sábado ;05:18:00;COM VÍTIMA;IMBIRIBEIRA;RUA;RUA JOSE DA SILVA LUCENA;RUA;RUA SARGENTO SILVINO DE MACEDO;LITIGIO / 1 TELECOM;IMBIRIBEIRA;;;COLISÃO FRONTAL;2;0;0;0;0;0;0;0;0;1;0;;;;;;;;;;;;;
2023-04-22;sábado ;05:21:00;COM VÍTIMA;PINA;RUA;RUA MANOEL DE BRITO;;;NA ENTRADA DO TUNEL E SAIDA DO RIO MAR;PINA;;;QUEDA;0;1;0;0;0;0;0;0;0;1;0;;;;;;;;;;;;;
2023-04-22;sábado ;08:42:00;SEM VÍTIMA;MANGUEIRA;AVENIDA;AVENIDA CENTRAL;;;ESTAÇÃO MANGUEIRA;MANGUEIRA;;CIDADE;CHOQUE;0;0;0;0;0;0;0;1;0;0;0;;;;;;;;;;;;;
2023-04-22;sábado ;10:50:00;COM VÍTIMA;IPSEP;RUA;RUA JEAN EMILE FAVRE;;;EM FRENTE A DELEGACIA;IPSEP;70;;COLISÃO TRASEIRA;1;0;0;1;0;1;0;0;0;1;0;;;;;;;;;;;;;
2023-04-23;domingo ;12:07:00;COM VÍTIMA;AREIAS;AVENIDA;AVENIDA TAPAJOS;AVENIDA;AVENIDA RECIFE;PRÓXIMO AO POSTO BR;AREIAS;620;;COLISÃO FRONTAL;0;2;0;0;0;0;0;0;0;3;0;;;;;;;;;;;;;
2023-04-23;domingo ;01:33:00;COM VÍTIMA;JARDIM SAO PAULO;AVENIDA;AVENIDA RECIFE;;;EM FRENTE AO BARATÃO DAS EMBALAGEM;JARDIM SÃO PAULO;;;COLISÃO LATERAL;1;1;0;0;0;0;0;0;0;1;0;;;;;;;;;;;;;
2023-04-23;domingo ;02:05:00;COM VÍTIMA;IBURA;RUA;RUA VALE DO ITAJAI;;;NO TERMINAL DO UR5;IBURA;;;COLISÃO LATERAL;1;1;0;0;0;0;0;0;0;1;0;;;;;;;;;;;;;
2023-04-23;domingo ;03:03:00;COM VÍTIMA;DOIS IRMAOS;RUA;RUA DOIS IRMAOS;;;EM FRENTE AO SEMAFORO;DOIS IRMÃOS;535;;COLISÃO COM CICLISTA;1;0;0;1;0;0;0;0;0;1;0;;;;;;;;;;;;;
2023-04-24;segunda-feira ;05:31:00;COM VÍTIMA;AFOGADOS;PTE;PTE DO MOTOCOLOMBO;;;;AFOGADOS;;CIDADE;COLISÃO FRONTAL;0;0;0;0;0;0;0;0;0;1;0;;;;;;;;;;;;;
2023-04-24;segunda-feira ;05:44:00;SEM VÍTIMA;AREIAS;RUA;RUA DOS PRAZERES;;;;AREIAS;;;APOIO CELPE;0;0;0;0;0;0;0;0;0;0;0;;;;;;;;;;;;;
2023-04-24;segunda-feira ;06:22:00;SEM VÍTIMA;DERBY;RUA;RUA JENER DE SOUZA;PRC;PRC DO DERBY;;DERBY;;;;1;0;0;0;0;1;0;0;0;0;0;;;;;;;;;;;;;
2023-04-24;segunda-feira ;07:55:00;COM VÍTIMA;PINA;RUA;RUA MANOEL DE BRITO;;;TÚNEL JOSUE DE CASTRO;PINA;;;QUEDA;0;1;0;0;0;0;0;0;0;1;0;;;;;;;;;;;;;
2023-04-24;segunda-feira ;09:08:00;COM VÍTIMA;TORROES;AVENIDA;AVENIDA ENGENHEIRO ABDIAS DE CARVALHO;;;PROXIMO A DLP BEDIDAS;TORRÕES;;;COLISÃO FRONTAL;2;1;0;0;0;0;0;0;0;2;0;;;;;;;;;;;;;
2023-04-24;segunda-feira ;12:48:00;COM VÍTIMA;IMBIRIBEIRA;RUA;RUA ARQUITETO LUIZ NUNES;;;ESCOLA DE ENFERMAGEM SÃO CAETANO;IMBIRIBEIRA;;;COLISÃO LATERAL;0;1;0;0;0;0;1;0;0;1;0;;;;;;;;;;;;;
2023-04-24;segunda-feira ;02:02:00;COM VÍTIMA;ILHA DO LEITE;RUA;RUA MARQUES AMORIM;RUA;RUA ESPERANTO;POR TRAS DA UNIMED 3;ILHA DO LEITE;;;COLISÃO FRONTAL;1;1;0;0;0;0;0;0;0;2;0;;;;;;;;;;;;;
2023-04-24;segunda-feira ;02:58:00;COM VÍTIMA;IMBIRIBEIRA;AVENIDA;AVENIDA MARECHAL MASCARENHAS DE MORAES;;;E/F AO GERALDÃO S/T CID;IMBIRIBEIRA;290;;CHOQUE;0;0;0;0;0;0;0;0;0;1;0;;;;;;;;;;;;;
2023-04-24;segunda-feira ;04:05:00;COM VÍTIMA;JOANA BEZERRA;AVENIDA;AVENIDA GOVERNADOR AGAMENON MAGALHAES;;;EM FRENTE AO FORUM JOANA BEZERRA;JOANA BEZERRA;;OLINDA;QUEDA;0;1;0;0;0;0;0;0;0;2;0;;;;;;;;;;;;;
2023-04-24;segunda-feira ;04:46:00;COM VÍTIMA;AREIAS;AVENIDA;AVENIDA RECIFE;;;EM FRENTE AO HOPSITAL DO IDOSO/ SENTIDO AEROPORTO;AREIAS;;;COLISÃO TRASEIRA;0;1;0;0;0;1;0;0;0;1;0;;;;;;;;;;;;;
2023-04-24;segunda-feira ;04:53:00;COM VÍTIMA;IMBIRIBEIRA;AVENIDA;AVENIDA MARECHAL MASCARENHAS DE MORAES;;;EM FRENTE A FLOR ARTE;IMBIRIBEIRA;;;COLISÃO LATERAL;1;1;0;0;0;0;0;0;0;1;0;;;;;;;;;;;;;
2023-04-24;segunda-feira ;05:32:00;COM VÍTIMA;BOA VIAGEM;AVENIDA;AVENIDA BOA VIAGEM;;;PROX AO HOTEL PLAZA  E/F AO EDF PRINCIPE DE MARSALA;BOA VIAGEM;;;COLISÃO TRASEIRA;1;1;0;0;0;0;0;0;0;1;0;;;;;;;;;;;;;
2023-04-24;segunda-feira ;05:40:00;COM VÍTIMA;DERBY;RUA;RUA FELICIANO GOMES;RUA;RUA DA BAIXA VERDE;ESQUINA DA CLINICA ORAL SIN E O BORIS BERENSTEIN;DERBY;;;COLISÃO LATERAL;1;1;0;0;0;0;0;0;0;1;0;;;;;;;;;;;;;
2023-04-24;segunda-feira ;05:52:00;COM VÍTIMA;DOIS IRMAOS;RUA;RUA DOIS IRMAOS;;;AO LADO DO MOTEL SENZALA;DOIS IRMÃOS;;;COLISÃO LATERAL;0;1;0;0;0;0;1;0;0;1;0;;;;;;;;;;;;;
2023-04-24;segunda-feira ;06:37:00;COM VÍTIMA;TAMARINEIRA;RUA;RUA CONEGO BARATA;RUA;RUA SILVEIRA LIRA;PROX AO RESTAURANTE AROMAS;TAMARINEIRA;;SUBURBIO;ATROPELAMENTO DE PESSOA;0;0;0;0;1;1;0;0;0;1;0;;;;;;;;;;;;;
2023-04-25;terça-feira ;06:33:00;COM VÍTIMA;JARDIM SAO PAULO;AVENIDA;AVENIDA CENTRAL;;;EM FRENTE A ESTAÇÃO WERNECK;JARDIM SÃO PAULO;;;COLISÃO COM CICLISTA;0;0;0;1;0;1;0;0;0;1;0;;;;;;;;;;;;;