data;dia_semana;hora;natureza;bairro;logradouro_endereco;endereco;logradouro_detalhe_endereço;detalhe_endereco_acidente;complemento;bairro_cruzamento;num_semaforo;sentido_via;tipo;auto;moto;ciclom;ciclista;pedestre;onibus;caminhao;viatura;outros;vitimas;vitimasfatais;acidente_verificado;tempo_clima;situacao_semaforo;sinalizacao;condicao_via;conservacao_via;ponto_controle;situacao_placa;velocidade_max_via;mao_direcao;divisao_via1;divisao_via2;divisao_via3
2023-04-25;terça-feira ;07:29:00;SEM VÍTIMA;BOMBA DO HEMETERIO;RUA;RUA PROFESSOR JOSE AMARINO DOS REIS;;;PROX AO CORREGO DO TIRO;BOMBA DO HEMETÉRIO;;;CAPOTAMENTO;1;0;0;0;0;0;0;0;0;0;0;;;;;;;;;;;;;
2023-04-25;terça-feira ;07:20:00;COM VÍTIMA;ILHA JOANA BEZERRA;RUA;RUA IBIPORA;;;DENTRO DO TERMINAL DE JOANA BEZERRA;ILHA JOANA BEZERRA;;;ATROPELAMENTO DE PESSOA;0;0;0;0;1;1;0;0;0;1;0;;;;;;;;;;;;;
2023-04-25;terça-feira ;08:33:00;COM VÍTIMA;ESTANCIA;AVENIDA;AVENIDA DR JOSE RUFINO;;;PROX A GALARIA MARGARIDA;ESTÂNCIA;;;COLISÃO LATERAL;1;1;0;0;0;0;0;0;0;1;0;;;;;;;;;;;;;
2023-04-25;terça-feira ;08:59:00;SEM VÍTIMA;GRACAS;AVENIDA;AVENIDA RUI BARBOSA;;;PROX AO COLEGIO DAMAS;GRAÇAS;;;;1;0;0;0;0;0;0;1;0;0;0;;;;;;;;;;;;;
2023-04-25;terça-feira ;09:42:00;SEM VÍTIMA;SANTO AMARO;RUA;RUA VINTE E QUATRO DE AGOSTO;AVENIDA;AVENIDA CRUZ CABUGA;;SANTO AMARO;;;;2;0;0;0;0;0;0;0;0;0;0;;;;;;;;;;;;;
2023-04-25;terça-feira ;09:44:00;COM VÍTIMA;TORROES;AVENIDA;AVENIDA ENGENHEIRO ABDIAS DE CARVALHO;;;UPA;TORRÕES;;;COLISÃO TRASEIRA;1;1;0;0;0;0;0;0;0;1;0;;;;;;;;;;;;;
2023-04-25;terça-feira ;11:03:00;COM VÍTIMA;CASA AMARELA;AVENIDA;AVENIDA NORTE MIGUEL ARRAES DE ALENCAR;;;IRMÃO FERRAGENS;CASA AMARELA;;;ATROPELAMENTO DE PESSOA;1;0;0;0;1;0;0;0;0;1;0;;;;;;;;;;;;;
2023-04-25;terça-feira ;03:56:00;COM VÍTIMA;SANTO AMARO;AVENIDA;AVENIDA NORTE MIGUEL ARRAES DE ALENCAR;AVENIDA;AVENIDA CRUZ CABUGA;NA FRENTE DO CEMITERIO DOS INGLESES;SANTO AMARO;;;COLISÃO COM CICLISTA;1;0;0;1;0;0;0;0;0;1;0;;;;;;;;;;;;;
2023-04-25;terça-feira ;04:12:00;SEM VÍTIMA;SANTO AMARO;AVENIDA;AVENIDA JOAO DE BARROS;;;CLÍNICA ALERGOLOGIA;SANTO AMARO;;CIDADE;;0;1;0;0;0;0;0;1;0;0;0;;;;;;;;;;;;;
2023-04-25;terça-feira ;05:18:00;COM VÍTIMA;BONGI;AVENIDA;AVENIDA ENGENHEIRO ABDIAS DE CARVALHO;;;DE FRENTE A CHESF;BONGI;;;COLISÃO LATERAL;1;1;0;0;0;0;0;0;0;2;0;;;;;;;;;;;;;
2023-04-25;terça-feira ;07:32:00;COM VÍTIMA;APIPUCOS;RUA;RUA DE APIPUCOS;;;EM FRENTE A MORADA APIPUCOS;APIPUCOS;;;COLISÃO LATERAL;1;1;0;0;0;0;0;0;0;1;0;;;;;;;;;;;;;
2023-04-26;quarta-feira ;05:42:00;SEM VÍTIMA;AREIAS;RUA;RUA DOS PRAZERES;;;;AREIAS;;;APOIO CELPE;0;0;0;0;0;0;0;0;0;0;0;;;;;;;;;;;;;
2023-04-26;quarta-feira ;07:37:00;COM VÍTIMA;SAO JOSE;AVENIDA;AVENIDA SUL;;;PROX. A PRAÇA DO GALO E HIDRAUPEÇAS;SÃO JOSÉ;;;COLISÃO TRASEIRA;1;1;0;0;0;0;0;0;0;1;0;;;;;;;;;;;;;
2023-04-26;quarta-feira ;08:31:00;SEM VÍTIMA;VARZEA;RUA;RUA DONA MARIA LACERDA;RUA;RUA MENDES MARTINS;PRÓXIMO AO 12º BATALHÃO PMPE;VÁRZEA;;SUBURBIO;COLISÃO TRANSVERSAL;2;0;0;0;0;0;0;0;0;0;0;;;;;;;;;;;;;
2023-04-26;quarta-feira ;09:20:00;COM VÍTIMA;IMBIRIBEIRA;AVENIDA;AVENIDA MARECHAL MASCARENHAS DE MORAES;RUA;RUA OLIVIA MENELAU;EM FRENTE À LOJA GRILO FLORES;IMBIRIBEIRA;396;;COLISÃO LATERAL;1;1;0;0;0;0;0;0;0;1;0;;;;;;;;;;;;;
2023-04-26;quarta-feira ;09:50:00;COM VÍTIMA;AFOGADOS;RUA;RUA SAO MIGUEL;;;MATERNIDADE BANDEIRA FILHO;AFOGADOS;;;COLISÃO LATERAL;1;1;0;0;0;0;0;0;0;1;0;;;;;;;;;;;;;
2023-04-26;quarta-feira ;12:57:00;COM VÍTIMA;TORRE;RUA;RUA EMILIANO BRAGA;;;ENTRADA DO CDU, AO LADO DO VIADUTO  / INTEGRAÇÃO CDU;TORRE;;;COLISÃO LATERAL;0;1;0;0;0;1;0;0;0;1;0;;;;;;;;;;;;;
2023-04-26;quarta-feira ;12:57:00;COM VÍTIMA;TORRE;RUA;RUA SOUZA BANDEIRA;;;PROX AO BAR DO LORENZO;TORRE;448;;COLISÃO LATERAL;1;1;0;0;0;0;0;0;0;2;0;;;;;;;;;;;;;
2023-04-26;quarta-feira ;01:04:00;COM VÍTIMA;TORRE;RUA;RUA SOUZA BANDEIRA;;;AO LADO DA ESCOLA LUBIESCKA;TORRE;;;COLISÃO LATERAL;1;1;0;0;0;0;0;0;0;1;0;;;;;;;;;;;;;
2023-04-26;quarta-feira ;02:53:00;COM VÍTIMA;BOA VIAGEM;RUA;RUA CAMBOIM;RUA;RUA DEZ DE JULHO;E/F A MAISON CHRISTAL RECEPÇOES;BOA VIAGEM;;;COLISÃO FRONTAL;2;0;0;0;0;0;0;0;0;1;0;;;;;;;;;;;;;
2023-04-26;quarta-feira ;03:44:00;SEM VÍTIMA;SANTO AMARO;RUA;RUA TREZE DE MAIO;RUA;RUA PEDRO AFONSO;PRÓXIMO AO ESTABELECIMENTO SOCIEDADE BÍBLICA DO BRASIL;SANTO AMARO;427;SUBURBIO;COLISÃO TRANSVERSAL;1;0;0;0;0;0;0;1;0;0;0;;;;;;;;;;;;;
2023-04-26;quarta-feira ;04:10:00;SEM VÍTIMA;BOA VIAGEM;AVENIDA;AVENIDA VINTE E TRES DE OUTUBRO;;;;BOA VIAGEM;;CIDADE;COLISÃO TRANSVERSAL;2;0;0;0;0;0;0;0;0;0;0;;;;;;;;;;;;;
2023-04-26;quarta-feira ;07:38:00;SEM VÍTIMA;MADALENA;EST;EST DOS REMEDIOS;AVENIDA;AVENIDA JOSE GONCALVES DE MEDEIROS;AV JOSE GONCALVES DE MEDEIROS;MADALENA;353;CIDADE;COLISÃO TRASEIRA;0;0;0;0;0;1;0;1;0;0;0;;;;;;;;;;;;;
2023-04-26;quarta-feira ;09:43:00;COM VÍTIMA;BOA VISTA;RUA;RUA DOM BOSCO;;;PRÓX. À PRAÇA CHORA MENINO;BOA VISTA;;;COLISÃO FRONTAL;1;1;0;0;0;0;0;0;0;1;0;;;;;;;;;;;;;
2023-04-27;quinta-feira ;07:48:00;COM VÍTIMA;JOANA BEZERRA;AVENIDA;AVENIDA BEIRA RIO;;;APOS A ACADEMIA DA CIDADE NA SUBIDA PONTE GREGORIO BEZERRA;JOANA BEZERRA;;;COLISÃO LATERAL;1;1;0;0;0;0;0;0;0;1;0;;;;;;;;;;;;;
2023-04-27;quinta-feira ;09:59:00;COM VÍTIMA;VARZEA;RUA;RUA TAMBIA;;;COLÉGIO ERMINIO DE MORAIS;VÁRZEA;;;CHOQUE;0;0;0;0;1;0;1;0;0;1;0;;;;;;;;;;;;;
2023-04-27;quinta-feira ;10:13:00;COM VÍTIMA;BAIRRO DO RECIFE;RUA;RUA MADRE DEUS;RUA;RUA ALVARES CABRAL;PROX AO EDIFICIO CORREIO CULTURAL / PONTO DIGITAL;BAIRRO DO RECIFE;;;COLISÃO LATERAL;1;2;0;0;0;0;0;0;0;2;0;;;;;;;;;;;;;
2023-04-27;quinta-feira ;10:49:00;COM VÍTIMA;PARNAMIRIM;RUA;RUA PADRE ROMA;RUA;RUA SEBASTIAO MALTA ARCOVERDE;SEMÁFORO 695;PARNAMIRIM;;;COLISÃO LATERAL;1;1;0;0;0;0;0;0;0;1;0;;;;;;;;;;;;;
2023-04-27;quinta-feira ;01:55:00;COM VÍTIMA;CAMPO GRANDE;RUA;RUA JERONIMO VILELA;RUA;RUA FRANKLIN TAVORA;PROXIMO PADARIA SANTO ANTONIO;CAMPO GRANDE;282;;COLISÃO COM CICLISTA;0;1;0;1;0;0;0;0;0;1;0;;;;;;;;;;;;;
2023-04-27;quinta-feira ;04:57:00;COM VÍTIMA;ENCRUZILHADA;AVENIDA;AVENIDA BEBERIBE;;;PROX AO BANCO DO BRASIL;ENCRUZILHADA;;;COLISÃO TRASEIRA;1;1;0;0;0;0;0;0;0;1;0;;;;;;;;;;;;;
2023-04-27;quinta-feira ;05:35:00;COM VÍTIMA;VASCO DA GAMA;RUA;RUA VASCO DA GAMA;RUA;RUA DOIS DE FEVEREIRO;PROX FARMA SAULO;VASCO DA GAMA;;;COLISÃO FRONTAL;1;2;0;0;0;0;0;0;0;2;0;;;;;;;;;;;;;
2023-04-27;quinta-feira ;10:19:00;COM VÍTIMA;IBURA;RUA;RUA EXP FRANCISCO VITORIANO;;;PRÓXIMO AO MERCADO TREVO;IBURA;;;COLISÃO LATERAL;1;1;0;1;0;0;0;0;0;1;0;;;;;;;;;;;;;
2023-04-28;sexta-feira ;08:51:00;COM VÍTIMA;TORREAO;AVENIDA;AVENIDA GOVERNADOR AGAMENON MAGALHAES;;;ANTES DO VIADUTO DA JOÃO DE BARROS;TORREÃO;;BOA VIAGEM;COLISÃO LATERAL;2;1;0;0;0;0;0;0;0;1;0;;;;;;;;;;;;;
2023-04-28;sexta-feira ;08:53:00;COM VÍTIMA;APIPUCOS;AVENIDA;AVENIDA DEZESSETE DE AGOSTO;;;EM FRENTE A POLICLINICA CENTRO MEDICO JOSÉ EMIRIO DE MORAES;APIPUCOS;251;;COLISÃO COM CICLISTA;1;0;0;1;0;0;0;0;0;1;0;;;;;;;;;;;;;
2023-04-28;sexta-feira ;09:26:00;COM VÍTIMA;TAMARINEIRA;EST;EST DO ARRAIAL;;;;TAMARINEIRA;;;;0;1;0;0;0;0;0;0;0;1;0;;;;;;;;;;;;;
2023-04-28;sexta-feira ;09:27:00;COM VÍTIMA;SAN MARTIN;AVENIDA;AVENIDA GENERAL SAN MARTIN;AVENIDA;AVENIDA ENGENHEIRO ABDIAS DE CARVALHO;;SAN MARTIN;85;;COLISÃO TRANSVERSAL;1;1;0;0;0;0;0;0;1;1;0;;;;;;;;;;;;;
2023-04-28;sexta-feira ;11:02:00;COM VÍTIMA;AREIAS;AVENIDA;AVENIDA RECIFE;;;;AREIAS;;;COLISÃO LATERAL;1;1;0;0;0;0;0;0;0;1;0;;;;;;;;;;;;;
2023-04-28;sexta-feira ;11:11:00;COM VÍTIMA;IPUTINGA;AVENIDA;AVENIDA CAXANGA;;;APÓS O VIADUTO DA CAXANGÁ, SENTIDO CAMARAGIBE EM FRENTE AO POSTO SHELL. LADO OPOSTO AO Nº 4507;IPUTINGA;;SUBURBIO;;0;1;0;0;0;0;0;0;0;1;0;;;;;;;;;;;;;
2023-04-28;sexta-feira ;02:32:00;COM VÍTIMA;BOA VIAGEM;RUA;RUA PADRE BERNADINO PESSOA;RUA;RUA MINISTRO NELSON HUNGRIA;COLEGIO SANTA MARIA E ESTETICA BUCAL;BOA VIAGEM;;;COLISÃO FRONTAL;1;1;0;0;0;0;0;0;0;1;0;;;;;;;;;;;;;
2023-04-28;sexta-feira ;02:54:00;COM VÍTIMA;IMBIRIBEIRA;AVENIDA;AVENIDA MARECHAL MASCARENHAS DE MORAES;;;EM FRENTE A NISSAN;IMBIRIBEIRA;;;COLISÃO LATERAL;1;1;0;0;0;0;0;0;0;1;0;;;;;;;;;;;;;
2023-04-28;sexta-feira ;03:06:00;COM VÍTIMA;BOA VISTA;RUA;RUA PADRE INGLES;;;;BOA VISTA;;;;0;1;0;0;0;0;0;0;0;1;0;;;;;;;;;;;;;
2023-04-19;quarta-feira ;01:30:00;COM VÍTIMA;DERBY;AVENIDA;AVENIDA GOVERNADOR AGAMENON MAGALHAES;;;;DERBY;;SUBURBIO;COLISÃO LATERAL;0;1;0;0;0;0;0;0;0;1;0;;;;;;;;;;;;;
2023-04-28;sexta-feira ;04:31:00;COM VÍTIMA;CAJUEIRO;AVENIDA;AVENIDA SEBASTIAO SALAZAR;;;PROX AO BAR DA FAVA / PASTEL DA TIA, SENTIDO AV BEBERIBE;CAJUEIRO;;;;0;1;0;0;0;0;0;0;0;2;0;;;;;;;;;;;;;
2023-04-28;sexta-feira ;05:57:00;COM VÍTIMA;TAMARINEIRA;RUA;RUA VISCONDE DE ABAETE;RUA;RUA CANAPOLIS;EM FRENTE AO BAR LANTERNA VERDE;TAMARINEIRA;;;COLISÃO FRONTAL;2;0;0;0;0;0;0;0;0;1;0;;;;;;;;;;;;;
2023-04-28;sexta-feira ;06:09:00;COM VÍTIMA;IBURA;AVENIDA;AVENIDA DOIS RIOS;RUA;RUA RIO XINGU;;IBURA;;;COLISÃO LATERAL;1;1;0;0;0;0;0;0;0;1;0;;;;;;;;;;;;;
2023-04-28;sexta-feira ;06:56:00;COM VÍTIMA;BOA VISTA;RUA;RUA DA AURORA;;;EM  FRENTE AO HOTEL PLAZA;BOA VISTA;;;COLISÃO TRASEIRA;1;1;0;0;0;0;0;0;0;1;0;;;;;;;;;;;;;
2023-04-28;sexta-feira ;10:58:00;COM VÍTIMA;PORTO DA MADEIRA;AVENIDA;AVENIDA BEBERIBE;;;EM FRENTE A GALERIA TERRAÇO;PORTO DA MADEIRA;;;CHOQUE;0;0;0;0;0;0;0;0;0;1;0;;;;;;;;;;;;;
2023-04-28;sexta-feira ;11:23:00;COM VÍTIMA;SANCHO;AVENIDA;AVENIDA LIBERDADE;;;AO LADO DO CEMITERIO PARQUE DAS FLORES;SANCHO;;;COLISÃO FRONTAL;1;1;0;0;0;0;0;0;0;1;0;;;;;;;;;;;;;
2023-04-29;sábado ;06:35:00;SEM VÍTIMA;PRADO;AVENIDA;AVENIDA ENGENHEIRO ABDIAS DE CARVALHO;RUA;RUA JOAO IVO DA SILVA;LOJAS DE CARROS KATAN;PRADO;132;CIDADE;COLISÃO TRANSVERSAL;3;0;0;0;0;0;0;0;0;0;0;;;;;;;;;;;;;
2023-04-29;sábado ;07:56:00;COM VÍTIMA;JAQUEIRA;AVENIDA;AVENIDA CONS ROSA E SILVA;;;NA ESQUINA DA SMAT FIT;JAQUEIRA;;;CHOQUE;2;0;0;0;0;0;0;0;0;1;0;;;;;;;;;;;;;
2023-04-29;sábado ;07:58:00;COM VÍTIMA;ILHA DO LEITE;AVENIDA;AVENIDA FREI MATIAS TEVES;RUA;RUA SENADOR JOSE HENRIQUE;PROX. A CLINICA DE ESTETICA HILANA;ILHA DO LEITE;;;COLISÃO LATERAL;1;1;0;0;0;0;0;0;0;2;0;;;;;;;;;;;;;
2023-04-29;sábado ;11:43:00;COM VÍTIMA;CORDEIRO;RUA;RUA AMBROSIO MACHADO;;;EM FRENTE AO EDF. LORENA NUNES;CORDEIRO;;;COLISÃO LATERAL;1;1;0;0;0;0;0;0;0;2;0;;;;;;;;;;;;;
2023-04-29;sábado ;01:05:00;COM VÍTIMA;BOA VIAGEM;RUA;RUA GENERAL EDSON AMANCIO RAMALHO;RUA;RUA FAUSTINO PORTO;AO LADO DO BIG BOMPREÇO;BOA VIAGEM;;;COLISÃO TRASEIRA;1;1;0;0;0;0;0;0;0;1;0;;;;;;;;;;;;;
2023-04-29;sábado ;02:54:00;COM VÍTIMA;ARRUDA;AVENIDA;AVENIDA PROFESSOR JOSE DOS ANJOS;;;AO LADO DO BOMPREÇO;ARRUDA;;;COLISÃO LATERAL;1;1;0;0;0;0;0;0;0;1;0;;;;;;;;;;;;;
2023-04-29;sábado ;04:35:00;SEM VÍTIMA;TORREAO;RUA;RUA DOM JOAO COSTA;;;DE FRENTE A PRAÇA DO TORREÃO;TORREÃO;;;COLISÃO LATERAL;1;1;0;0;0;0;0;0;0;0;0;;;;;;;;;;;;;
2023-04-30;domingo ;06:53:00;COM VÍTIMA;CASA AMARELA;EST;EST DO ARRAIAL;;;PROXIMO A  ESCOLA MUNICIPAL;CASA AMARELA;;;CHOQUE;0;1;0;0;0;0;0;0;0;2;0;;;;;;;;;;;;;
2023-04-30;domingo ;10:07:00;COM VÍTIMA;BOA VIAGEM;AVENIDA;AVENIDA ENGENHEIRO DOMINGOS FERREIRA;RUA;RUA CORONEL BENEDITO CHAVES;;BOA VIAGEM;;;COLISÃO TRANSVERSAL;1;1;0;0;0;0;0;0;0;1;0;;;;;;;;;;;;;
2023-04-30;domingo ;11:25:00;COM VÍTIMA;SAN MARTIN;AVENIDA;AVENIDA GENERAL SAN MARTIN;;;EM FRENTE O CORREIOS;SAN MARTIN;;;COLISÃO TRASEIRA;1;1;0;0;0;0;0;0;0;1;0;;;;;;;;;;;;;
2023-04-30;domingo ;11:42:00;COM VÍTIMA;BOA VIAGEM;AVENIDA;AVENIDA CELSO FURTADO (VIA MANGUE);;;PROX AO MERCADO AÇAI;BOA VIAGEM;;;COLISÃO LATERAL;2;0;0;0;0;0;0;0;0;1;0;;;;;;;;;;;;;
2023-05-01;segunda-feira ;11:21:00;SEM VÍTIMA;DOIS UNIDOS;AVENIDA;AVENIDA HILDEBRANDO DE VASCONCELOS;;;PROX AO TERMINAL DE ONIBUS EM FRENTE A RESIDENCIA 29;DOIS UNIDOS;;;COLISÃO FRONTAL;1;1;0;0;0;0;0;0;0;0;0;;;;;;;;;;;;;
2023-05-01;segunda-feira ;12:51:00;COM VÍTIMA;TORRE;RUA;RUA CONDE DE IRAJA;AVENIDA;AVENIDA BEIRA RIO;;TORRE;;;CHOQUE;2;0;0;0;0;0;0;0;0;1;0;;;;;;;;;;;;;
2023-05-01;segunda-feira ;05:07:00;COM VÍTIMA;IBURA;RUA;RUA VALE DO ITAJAI;;;UPA DA LAGOA ENCANTADA;IBURA;;;ATROPELAMENTO DE PESSOA;1;0;0;0;1;0;0;0;0;2;0;;;;;;;;;;;;;
2023-05-01;segunda-feira ;05:32:00;COM VÍTIMA;IMBIRIBEIRA;AVENIDA;AVENIDA MARECHAL MASCARENHAS DE MORAES;;;EM FRENTE AO AEROPORTO;IMBIRIBEIRA;;;ATROPELAMENTO DE PESSOA;1;0;0;0;1;0;0;0;0;1;0;;;;;;;;;;;;;
2023-05-01;segunda-feira ;06:01:00;COM VÍTIMA;IPUTINGA;AVENIDA;AVENIDA MAURICIO DE NASSAU;RUA;RUA SAO MATEUS;EM FRENTE COXINHA DO NOBRE;IPUTINGA;;;COLISÃO LATERAL;1;1;0;0;0;0;0;0;0;2;0;;;;;;;;;;;;;
2023-05-01;segunda-feira ;11:07:00;COM VÍTIMA;MADALENA;AVENIDA;AVENIDA VISCONDE DE ALBUQUERQUE;RUA;RUA JOSE OSORIO;EM FRENTE A FARMACIA DO TRABALHADOR;MADALENA;;;COLISÃO TRANSVERSAL;1;1;0;0;0;0;0;0;0;2;0;;;;;;;;;;;;;
2023-05-02;terça-feira ;08:24:00;COM VÍTIMA;IMBIRIBEIRA;AVENIDA;AVENIDA GENERAL MAC ARTHUR;;;EM FRENTE AO LE PARC;IMBIRIBEIRA;;;QUEDA;0;1;0;0;0;0;0;0;0;1;0;;;;;;;;;;;;;
2023-05-02;terça-feira ;08:58:00;COM VÍTIMA;DOIS IRMAOS;RUA;RUA PROF CLAUDIO SELVA;;;ANTES DO VALE DO AMANHECER EM FRENTE AO N179;DOIS IRMÃOS;;;COLISÃO LATERAL;1;1;0;0;0;0;0;0;0;1;0;;;;;;;;;;;;;
2023-05-02;terça-feira ;10:19:00;SEM VÍTIMA;DOIS IRMAOS;RUA;RUA DOIS IRMAOS;;;SEMÁFORO 416;DOIS IRMÃOS;;;APOIO CELPE;0;0;0;0;0;0;0;0;0;0;0;;;;;;;;;;;;;
2023-05-02;terça-feira ;10:23:00;COM VÍTIMA;GRACAS;RUA;RUA ALBERTO PAIVA;;;A OCORRÊNCIA FICA NA RUA Senador Alberto Paiva / SEMÁFORO 360;GRAÇAS;;;COLISÃO TRASEIRA;1;1;0;0;0;0;0;0;0;1;0;;;;;;;;;;;;;
2023-05-02;terça-feira ;04:31:00;COM VÍTIMA;AFOGADOS;RUA;RUA DA PAZ;;;PROX A ESTAÇAO DO LARGO DA PAZ;AFOGADOS;;;COLISÃO LATERAL;0;1;0;0;0;0;1;0;0;1;0;;;;;;;;;;;;;
2023-05-02;terça-feira ;05:01:00;COM VÍTIMA;BOA VIAGEM;AVENIDA;AVENIDA CONSELHEIRO AGUIAR;;;E/F AO BANCO SAFRA;BOA VIAGEM;;;COLISÃO LATERAL;1;1;0;0;0;0;0;0;0;2;0;;;;;;;;;;;;;
2023-05-02;terça-feira ;05:11:00;COM VÍTIMA;BOA VIAGEM;AVENIDA;AVENIDA DES JOSE NEVES;TUNEL;TUNEL AUGUSTO LUCENA;;BOA VIAGEM;;SUBURBIO;COLISÃO LATERAL;0;2;0;0;0;0;0;0;0;1;0;;;;;;;;;;;;;
2023-05-02;terça-feira ;06:18:00;COM VÍTIMA;SANTO AMARO;RUA;RUA TREZE DE MAIO;;;PRÓXIMO À AVENIDA NORTE;SANTO AMARO;;;COLISÃO LATERAL;0;0;0;0;0;0;0;0;0;1;0;;;;;;;;;;;;;
2023-05-02;terça-feira ;06:19:00;COM VÍTIMA;IBURA;AVENIDA;AVENIDA DOIS RIOS;RUA;RUA RIO XINGU;;IBURA;;;ATROPELAMENTO DE PESSOA;1;0;0;0;1;0;0;0;0;1;0;;;;;;;;;;;;;
2023-05-02;terça-feira ;07:31:00;COM VÍTIMA;CAXANGA;AVENIDA;AVENIDA CAXANGA;;;APÓS O VIADUTO DA CAXANGÁ SENTIDO  CAMARAGIBE;CAXANGÁ;;;COLISÃO COM CICLISTA;1;0;0;1;0;0;0;0;0;1;0;;;;;;;;;;;;;
2023-05-02;terça-feira ;07:47:00;COM VÍTIMA;CAMPO GRANDE;EST;EST DE BELEM;;;PRÓX. À FARMÁCIA DROGASIL;CAMPO GRANDE;;;COLISÃO TRASEIRA;0;1;0;0;0;0;0;0;1;1;0;;;;;;;;;;;;;
2023-05-02;terça-feira ;09:05:00;SEM VÍTIMA;PAISSANDU;AVENIDA;AVENIDA GOVERNADOR AGAMENON MAGALHAES;RUA;RUA PAISSANDU;PRÓXIMO AO BURG KING PAISSANDU;PAISSANDU;;SUBURBIO;;1;0;0;0;0;0;1;0;0;0;0;;;;;;;;;;;;;
2023-05-03;quarta-feira ;08:23:00;COM VÍTIMA;ENCRUZILHADA;EST;EST DE BELEM;;;EM FRENTE AO EDF. AQUILES E PROX AO SEFAZ;ENCRUZILHADA;;;COLISÃO TRASEIRA;1;1;0;0;0;0;0;0;0;1;0;;;;;;;;;;;;;
2023-05-03;quarta-feira ;09:26:00;COM VÍTIMA;SANTO AMARO;AVENIDA;AVENIDA NORTE MIGUEL ARRAES DE ALENCAR;;;APOS A PRAÇA DA PICANHA, EM CIMA DO VIADUTO SENT. CIDADE;SANTO AMARO;;;COLISÃO FRONTAL;1;1;0;0;0;0;0;0;0;1;0;;;;;;;;;;;;;
2023-05-03;quarta-feira ;09:29:00;COM VÍTIMA;MADALENA;EST;EST DOS REMEDIOS;AVENIDA;AVENIDA ENGENHEIRO ABDIAS DE CARVALHO;EM FRENTE A FARMACIA INDEPENDENTE;MADALENA;;;COLISÃO LATERAL;0;2;0;0;0;0;0;0;0;2;0;;;;;;;;;;;;;
2023-05-03;quarta-feira ;11:40:00;SEM VÍTIMA;IMBIRIBEIRA;AVENIDA;AVENIDA MARECHAL MASCARENHAS DE MORAES;;;EM FRENTE AO NÚMERO 1043;IMBIRIBEIRA;;CIDADE;;2;0;0;0;0;0;0;0;0;0;0;;;;;;;;;;;;;
2023-05-03;quarta-feira ;12:10:00;COM VÍTIMA;BONGI;AVENIDA;AVENIDA ENGENHEIRO ABDIAS DE CARVALHO;;;CENTRO DE TREINAMENTO DOS CORREIOS;BONGI;;;COLISÃO TRASEIRA;1;1;0;0;0;0;0;0;0;1;0;;;;;;;;;;;;;
2023-05-03;quarta-feira ;01:12:00;COM VÍTIMA;IPSEP;AVENIDA;AVENIDA RECIFE;;;E/F A CHURRASCARIA E PETISCARIA PAJUÇARA  S/T BOA VIAGEM;IPSEP;;;COLISÃO TRASEIRA;1;1;0;0;0;0;0;0;0;1;0;;;;;;;;;;;;;
2023-05-03;quarta-feira ;03:03:00;COM VÍTIMA;TEJIPIO;AVENIDA;AVENIDA DR JOSE RUFINO;;;EM FRENTE À ESTAÇÃO TEJIPIÓ;TEJIPIÓ;;SUB0;COLISÃO TRASEIRA;0;0;0;0;0;0;0;0;0;1;0;;;;;;;;;;;;;
2023-05-03;quarta-feira ;03:58:00;COM VÍTIMA;TEJIPIO;RUA;RUA PAPA JOAO VINTE E TRES;RUA;RUA FALCAO DE LACERDA;E/F A FABRICA DE PADARIA;TEJIPIÓ;;;COLISÃO LATERAL;1;1;0;0;0;0;0;0;0;1;0;;;;;;;;;;;;;
2023-05-03;quarta-feira ;04:16:00;COM VÍTIMA;NOVA DESCOBERTA;AVENIDA;AVENIDA VEREADOR OTACILIO AZEVEDO;;;;NOVA DESCOBERTA;;;COLISÃO FRONTAL;0;0;0;0;0;0;0;0;0;1;0;;;;;;;;;;;;;
2023-05-03;quarta-feira ;10:02:00;COM VÍTIMA;AREIAS;AVENIDA;AVENIDA DR JOSE RUFINO;;;EM FRENTE AO CONDOMÍNIO MORADA DO BARRO;AREIAS;;;COLISÃO FRONTAL;1;1;0;0;0;0;0;0;0;1;0;;;;;;;;;;;;;
2023-05-04;quinta-feira ;06:26:00;SEM VÍTIMA;BOA VIAGEM;RUA;RUA WALDEMAR NERY CARNEIRO MONTEIRO;;;PROX A GALERIA CLARK E EM FRENTE AO EDF TANGARA N265;BOA VIAGEM;;;COLISÃO LATERAL;2;0;0;0;0;0;0;0;0;0;0;;;;;;;;;;;;;
2023-05-04;quinta-feira ;07:08:00;COM VÍTIMA;SANTO AMARO;AVENIDA;AVENIDA CRUZ CABUGA;;;DE FRENTE AO HOSP. SANTA CASA;SANTO AMARO;;;COLISÃO LATERAL;1;1;0;0;0;0;0;0;0;1;0;;;;;;;;;;;;;
2023-05-04;quinta-feira ;08:05:00;COM VÍTIMA;CAMPO GRANDE;RUA;RUA ESBERARD;RUA;RUA ODORICO MENDES;PRÓXIMO A CLUBE DAS PAZ;CAMPO GRANDE;;CIDADE;COLISÃO LATERAL;2;0;0;0;0;0;0;0;0;2;0;;;;;;;;;;;;;