data;dia_semana;hora;natureza;bairro;logradouro_endereco;endereco;logradouro_detalhe_endereço;detalhe_endereco_acidente;complemento;bairro_cruzamento;num_semaforo;sentido_via;tipo;auto;moto;ciclom;ciclista;pedestre;onibus;caminhao;viatura;outros;vitimas;vitimasfatais;acidente_verificado;tempo_clima;situacao_semaforo;sinalizacao;condicao_via;conservacao_via;ponto_controle;situacao_placa;velocidade_max_via;mao_direcao;divisao_via1;divisao_via2;divisao_via3
2023-05-14;domingo ;04:44:00;COM VÍTIMA;VARZEA;AVENIDA;AVENIDA CAXANGA;RUA;RUA GENERAL POLIDORO;EM FRENTE A FIAT ITALIANA;VARZEA;231;CIDADE;COLISÃO TRASEIRA;1;2;0;0;0;0;0;0;0;1;0;;;;;;;;;;;;;
2023-05-14;domingo ;06:10:00;COM VÍTIMA;ESTANCIA;AVENIDA;AVENIDA TAPAJOS;;;PROX A O POSTO DE GASOLINA PETROBRAS;ESTANCIA;;;COLISÃO FRONTAL;1;1;0;0;0;0;0;0;0;1;0;;;;;;;;;;;;;
2023-05-14;domingo ;07:48:00;SEM VÍTIMA;BEBERIBE;AVENIDA;AVENIDA BEBERIBE;;;EM FRENTE DA ACADEMIA DA CIDADE;BEBERIBE;388;SUBURBIO;COLISÃO TRANSVERSAL;2;0;0;0;0;0;0;0;0;0;0;;;;;;;;;;;;;
2023-05-15;segunda-feira ;09:45:00;SEM VÍTIMA;BOA VISTA;RUA;RUA DA AURORA;RUA;RUA DR SEBASTIAO LINS;AO LADO DO CINEMA SÃO LUIZ;BOA VISTA;;SUBURBIO;;1;1;0;0;0;0;0;0;0;0;0;;;;;;;;;;;;;
2023-05-15;segunda-feira ;09:59:00;COM VÍTIMA;IPSEP;AVENIDA;AVENIDA RECIFE;;;EM FRENTE A CARLOS EQUIPADORA;IPSEP;;;COLISÃO FRONTAL;1;1;0;0;0;0;0;0;0;1;0;;;;;;;;;;;;;
2023-05-15;segunda-feira ;11:56:00;SEM VÍTIMA;AFOGADOS;RUA;RUA COSME VIANA;;;EM FRENTE AO JP BIKE;AFOGADOS;;SUBURBIO;COLISÃO TRASEIRA;2;0;0;0;0;0;0;0;0;0;0;;;;;;;;;;;;;
2023-05-15;segunda-feira ;12:06:00;SEM VÍTIMA;SANTO AMARO;RUA;RUA AURORA;RUA;RUA DOIS DE JULHO;;SANTO AMARO;;CIDADE;;1;0;0;0;0;0;1;0;0;0;0;;;;;;;;;;;;;
2023-05-16;terça-feira ;09:28:00;COM VÍTIMA;ROSARINHO;AVENIDA;AVENIDA NORTE MIGUEL ARRAES DE ALENCAR;;;EM FRENTE A PRAÇA DO ROSARINHO, SENT. MACAXEIRA;ROSARINHO;;;QUEDA;0;1;0;0;0;0;0;0;0;1;0;;;;;;;;;;;;;
2023-05-16;terça-feira ;09:58:00;COM VÍTIMA;PINA;AVENIDA;AVENIDA HERCULANO BANDEIRA;;;AO LADO A IGREJA DO PINA;PINA;;;COLISÃO LATERAL;1;1;0;0;0;0;0;0;0;1;0;;;;;;;;;;;;;
2023-05-16;terça-feira ;01:54:00;COM VÍTIMA;CASA FORTE;RUA;RUA IRMA MARIA DAVID;EST;EST DAS UBAIAS;;CASA FORTE;;;COLISÃO TRANSVERSAL;1;1;0;0;0;0;0;0;0;1;0;;;;;;;;;;;;;
2023-05-16;terça-feira ;02:04:00;SEM VÍTIMA;BOA VISTA;RUA;RUA HENRIQUE DIAS;AVENIDA;AVENIDA GOVERNADOR AGAMENON MAGALHAES;SOB O SEMÁFORO;BOA VISTA;68;;;1;0;0;0;0;1;0;0;0;0;0;;;;;;;;;;;;;
2023-05-16;terça-feira ;02:45:00;SEM VÍTIMA;SAO JOSE;AVENIDA;AVENIDA SUL;;;PRÓXIMO A PRAÇA FREI CANECA;SAO JOSE;;CIDADE;COLISÃO TRASEIRA;2;0;0;0;0;0;0;0;0;0;0;;;;;;;;;;;;;
2023-05-16;terça-feira ;05:13:00;COM VÍTIMA;BOA VIAGEM;RUA;RUA DEZ DE JULHO;;;ALUGUEL BRASIL;BOA VIAGEM;;;COLISÃO FRONTAL;1;1;0;0;0;0;0;0;0;1;0;;;;;;;;;;;;;
2023-05-16;terça-feira ;05:26:00;COM VÍTIMA;IPSEP;AVENIDA;AVENIDA RECIFE;;;PROX AO ARMAZEM CORAL / NA ENTRADA DO IBURA;IPSEP;;;COLISÃO LATERAL;1;1;0;0;0;0;0;0;0;1;0;;;;;;;;;;;;;
2023-05-16;terça-feira ;11:25:00;COM VÍTIMA;TORRE;RUA;RUA REAL DA TORRE;;;EM CIMA DO VIADUTO DA TORRE;TORRE;;;ATROPELAMENTO DE PESSOA;1;0;0;0;1;0;0;0;0;1;0;;;;;;;;;;;;;
2023-05-17;quarta-feira ;10:19:00;COM VÍTIMA;PINA;AVENIDA;AVENIDA CELSO FURTADO (VIA MANGUE);RUA;RUA TOME GIBSON;;PINA;;;COLISÃO TRASEIRA;1;1;0;0;0;0;0;0;0;1;0;;;;;;;;;;;;;
2023-05-17;quarta-feira ;01:24:00;COM VÍTIMA;AFOGADOS;RUA;RUA SAO MIGUEL;;;E/F AO DEPATRI;AFOGADOS;;;COLISÃO FRONTAL;1;1;0;0;0;0;0;0;0;1;0;;;;;;;;;;;;;
2023-05-17;quarta-feira ;02:15:00;SEM VÍTIMA;DOIS IRMAOS;RUA;RUA DOIS IRMAOS;;;REF: SEMÁFORO;DOIS IRMAOS;416;;COLISÃO TRANSVERSAL;1;0;0;0;0;0;1;0;0;0;0;;;;;;;;;;;;;
2023-05-17;quarta-feira ;03:36:00;COM VÍTIMA;IPSEP;AVENIDA;AVENIDA RECIFE;;;ENFRENTE AO ARMAZEM;IPSEP;;;COLISÃO LATERAL;1;1;0;0;0;0;0;0;0;1;0;;;;;;;;;;;;;
2023-05-17;quarta-feira ;05:48:00;COM VÍTIMA;IPSEP;AVENIDA;AVENIDA PRESIDENTE DUTRA;;;LADO OPOSTO AO RESTAURANTE SAL E BRASA;IPSEP;;;COLISÃO COM CICLISTA;0;1;0;1;0;0;0;0;0;2;0;;;;;;;;;;;;;
2023-05-17;quarta-feira ;09:41:00;COM VÍTIMA;CASA FORTE;AVENIDA;AVENIDA DEZESSETE DE AGOSTO;;;EM FRENTE AO CENTRO MEDICO JOSÉ HERLIO DE MORAES;CASA FORTE;;;COLISÃO LATERAL;1;1;0;0;0;0;0;0;0;1;0;;;;;;;;;;;;;
2023-05-18;quinta-feira ;06:54:00;COM VÍTIMA;PINA;AVENIDA;AVENIDA HERCULANO BANDEIRA;RUA;RUA NOGUEIRA DE SOUZA;APOS O ATACADÃO DA CONSTRUÇÃO;PINA;;;COLISÃO LATERAL;0;0;0;0;0;0;0;0;0;1;0;;;;;;;;;;;;;
2023-05-18;quinta-feira ;08:43:00;COM VÍTIMA;BONGI;RUA;RUA ISAAC MARKMAN;;;PROX. A CELPE;BONGI;;;COLISÃO COM CICLISTA;1;0;0;1;0;0;0;0;0;1;0;;;;;;;;;;;;;
2023-05-18;quinta-feira ;09:40:00;COM VÍTIMA;BOA VIAGEM;AVENIDA;AVENIDA ENGENHEIRO DOMINGOS FERREIRA;RUA;RUA PADRE BERNADINO PESSOA;PROX A TORRE MADRI RESIDENCIAL;BOA VIAGEM;;;COLISÃO FRONTAL;2;0;0;0;0;0;0;0;0;1;0;;;;;;;;;;;;;
2023-05-18;quinta-feira ;11:34:00;SEM VÍTIMA;IPSEP;RUA;RUA BLUMENAU;;;PROXIMO LOJA DONA ENI;IPSEP;;;COLISÃO TRASEIRA;1;1;0;0;0;0;0;0;0;0;0;;;;;;;;;;;;;
2023-05-18;quinta-feira ;12:39:00;COM VÍTIMA;VARZEA;RUA;RUA MARECHAL MANOEL LUIS OSORIO;;;DE FRENTE AO HAPVIDA DA BR;VARZEA;;;COLISÃO LATERAL;1;1;0;0;0;0;0;0;0;2;0;;;;;;;;;;;;;
2023-05-18;quinta-feira ;02:09:00;COM VÍTIMA;IBURA;AVENIDA;AVENIDA QUEIXARAMOBIM;;;EM FRENTE A IGREJA BATISTA REMIDO DO SENHOR;IBURA;;;ATROPELAMENTO DE PESSOA;1;0;0;0;1;0;0;0;0;1;0;;;;;;;;;;;;;
2023-05-18;quinta-feira ;02:17:00;SEM VÍTIMA;ENCRUZILHADA;RUA;RUA DR JOSE MARIA;;;EM FRENTE AO MERCADO DA ENCRUZILHADA;ENCRUZILHADA;;CIDADE;;1;0;0;0;0;0;0;1;0;0;0;;;;;;;;;;;;;
2023-05-18;quinta-feira ;08:00:00;COM VÍTIMA;CASA AMARELA;RUA;RUA DA HARMONIA;;;AO LADO DA IGREJA DA HARMONIA;CASA AMARELA;;;COLISÃO LATERAL;1;1;0;0;0;0;0;0;0;1;0;;;;;;;;;;;;;
2023-05-18;quinta-feira ;08:04:00;COM VÍTIMA;MANGUEIRA;RUA;RUA VINTE E UM DE ABRIL;;;PROX A CENTRO MUNICIPAL DE EDUCAÇÃO INFANTIL DA MANGUEIRA;MANGUEIRA;;;COLISÃO FRONTAL;1;1;0;0;0;0;0;0;0;1;0;;;;;;;;;;;;;
2023-05-19;sexta-feira ;06:12:00;COM VÍTIMA;AFOGADOS;RUA;RUA SAO MIGUEL;;;EM FRENTE AO CARTORIO;AFOGADOS;;;COLISÃO LATERAL;0;1;0;0;0;1;0;0;0;2;0;;;;;;;;;;;;;
2023-05-19;sexta-feira ;06:43:00;VÍTIMA FATAL;CAXANGA;AVENIDA;AVENIDA AFONSO OLINDENSE;;;APOS A INTEGRAÇÃO DA CAXANGA, SENT. CAMARAGIBE;CAXANGA;;;ATROPELAMENTO DE PESSOA;0;0;0;0;1;1;0;0;0;0;1;;;;;;;;;;;;;
2023-05-19;sexta-feira ;08:58:00;SEM VÍTIMA;DERBY;AVENIDA;AVENIDA GOVERNADOR AGAMENON MAGALHAES;;;SOB O SEMÁFORO Nº  075;DERBY;;SUBURBIO;CHOQUE;0;0;0;0;0;0;1;0;0;0;0;;;;;;;;;;;;;
2023-05-19;sexta-feira ;10:49:00;COM VÍTIMA;IMBIRIBEIRA;RUA;RUA ARQUITETO LUIZ NUNES;;;EM FRENTE ESCOLA ANITA GARIBALDA;IMBIRIBEIRA;;;COLISÃO LATERAL;1;1;0;0;0;0;0;0;0;1;0;;;;;;;;;;;;;
2023-05-19;sexta-feira ;11:34:00;COM VÍTIMA;MADALENA;RUA;RUA JOSE OSORIO;;;PONTE DA CAPUMGA;MADALENA;;;COLISÃO LATERAL;1;1;0;0;0;0;0;0;0;2;0;;;;;;;;;;;;;
2023-05-19;sexta-feira ;11:47:00;COM VÍTIMA;IBURA;AVENIDA;AVENIDA RECIFE;;;ENTRADA DO IBURA;IBURA;;;COLISÃO FRONTAL;1;1;0;0;0;0;0;0;0;2;0;;;;;;;;;;;;;
2023-05-19;sexta-feira ;04:20:00;SEM VÍTIMA;APIPUCOS;AVENIDA;AVENIDA DEZESSETE DE AGOSTO;PRC;PRC MONTEIRO;OPOSTO PRAÇA MONTEIRO;APIPUCOS;370;SUBURBIO;COLISÃO TRASEIRA;1;0;0;0;0;1;0;0;0;0;0;;;;;;;;;;;;;
2023-05-19;sexta-feira ;04:58:00;COM VÍTIMA;SAN MARTIN;AVENIDA;AVENIDA GENERAL SAN MARTIN;;;APOS O SEMAFORO 067  AO LADO DA ACADEMIA GYM FIT;SAN MARTIN;;;COLISÃO LATERAL;1;1;0;0;0;0;0;0;0;1;0;;;;;;;;;;;;;
2023-05-20;sábado ;12:44:00;COM VÍTIMA;IMBIRIBEIRA;AVENIDA;AVENIDA MARECHAL MASCARENHAS DE MORAES;;;EM FRENTE A HONDA E O JUIZADO CÍVIL;IMBIRIBEIRA;;SUBURBIO;COLISÃO FRONTAL;0;1;0;0;0;0;1;0;0;1;0;;;;;;;;;;;;;
2023-05-20;sábado ;04:32:00;COM VÍTIMA;MADALENA;AVENIDA;AVENIDA VISCONDE DE ALBUQUERQUE;;;CASA DA BATERIA MOURA;MADALENA;51;;COLISÃO LATERAL;2;0;0;0;0;0;0;0;0;1;0;;;;;;;;;;;;;
2023-05-20;sábado ;08:28:00;COM VÍTIMA;FUNDAO;AVENIDA;AVENIDA BEBERIBE;RUA;RUA CORONEL URBANO RIBEIRO DE SENA;LADO OPOSTO AO N 2666;FUNDAO;;;ATROPELAMENTO DE PESSOA;1;0;0;0;1;0;0;0;0;1;0;;;;;;;;;;;;;
2023-05-20;sábado ;04:05:00;COM VÍTIMA;GRACAS;AVENIDA;AVENIDA CONS ROSA E SILVA;;;EM FRENTE AO CLUBE PORTUGUÊS;GRACAS;;;COLISÃO TRASEIRA;2;0;0;0;0;0;0;0;0;1;0;;;;;;;;;;;;;
2023-05-20;sábado ;05:16:00;COM VÍTIMA;CAMPO GRANDE;RUA;RUA ODORICO MENDES;;;EM FRENTE À CENTRAL DE FLAGRANTES;CAMPO GRANDE;;;COLISÃO COM CICLISTA;0;1;0;1;0;0;0;0;0;1;0;;;;;;;;;;;;;
2023-05-20;sábado ;05:19:00;COM VÍTIMA;AFOGADOS;AVENIDA;AVENIDA CENTRAL;;;EM FRENTE A ESTAÇÃO DE AFOGADOS;AFOGADOS;;;ATROPELAMENTO DE PESSOA;0;1;0;0;1;0;0;0;0;1;0;;;;;;;;;;;;;
2023-05-20;sábado ;05:49:00;COM VÍTIMA;IMBIRIBEIRA;AVENIDA;AVENIDA GENERAL MAC ARTHUR;;;EM FRENTE AO CONDOMINIO LE PARC;IMBIRIBEIRA;;;COLISÃO TRASEIRA;1;1;0;0;0;0;0;0;0;1;0;;;;;;;;;;;;;
2023-05-20;sábado ;11:38:00;COM VÍTIMA;CASA FORTE;AVENIDA;AVENIDA FLOR DE SANTANA;;;PRÓX. AO BUTECO 878;CASA FORTE;;;COLISÃO TRASEIRA;1;1;0;0;0;0;0;0;0;1;0;;;;;;;;;;;;;
2023-05-21;domingo ;01:26:00;COM VÍTIMA;ESPINHEIRO;RUA;RUA AMELIA;;;CACHAÇARIA TRADIÇÃO;ESPINHEIRO;;;COLISÃO TRANSVERSAL;2;0;0;0;0;0;0;0;0;1;0;;;;;;;;;;;;;
2023-05-21;domingo ;05:43:00;SEM VÍTIMA;ILHA DO RETIRO;AVENIDA;AVENIDA ENGENHEIRO ABDIAS DE CARVALHO;EST;EST DOS REMEDIOS;SOB SEMÁFORO Nº 052;;52;SUBURBIO;CHOQUE;1;0;0;0;0;0;0;0;0;0;0;;;;;;;;;;;;;
2023-05-21;domingo ;09:28:00;COM VÍTIMA;CASA AMARELA;AVENIDA;AVENIDA NORTE MIGUEL ARRAES DE ALENCAR;RUA;RUA GUIMARAES PEIXOTO;ENTRADA DA MANGABEIRA;CASA AMARELA;;;QUEDA;0;1;0;0;0;0;0;0;0;2;0;;;;;;;;;;;;;
2023-05-21;domingo ;06:06:00;COM VÍTIMA;SAO JOSE;AVENIDA;AVENIDA SUL;;;PROX AO QUARTEL DO CABAMGA;SAO JOSE;;;COLISÃO COM CICLISTA;0;0;0;1;0;1;0;0;0;1;0;;;;;;;;;;;;;
2023-05-21;domingo ;10:26:00;COM VÍTIMA;CAMPO GRANDE;RUA;RUA JERONIMO VILELA;;;AO LADO DO BAR DO ZÉ;CAMPO GRANDE;;;COLISÃO LATERAL;1;1;0;0;0;0;0;0;0;1;0;;;;;;;;;;;;;
2023-05-22;segunda-feira ;12:19:00;COM VÍTIMA;SANTO ANTONIO;AVENIDA;AVENIDA MARTINS DE BARROS;;;EM FRENTE A ESTAÇÃO DO BRT MAURICIO DE NASSAU;SANTO ANTONIO;;;ATROPELAMENTO DE PESSOA;0;0;0;0;1;1;0;0;0;1;0;;;;;;;;;;;;;
2023-05-22;segunda-feira ;06:15:00;COM VÍTIMA;SAO JOSE;AVENIDA;AVENIDA SUL;RUA;RUA IMPERIAL;PROXIMO AO GALPÃO DO GALO DA MADRUGADA  NO SENTIDO SUB/CID.;SAO JOSE;;CIDADE;COLISÃO COM CICLISTA;0;0;1;1;0;0;0;0;0;1;0;;;;;;;;;;;;;
2023-05-22;segunda-feira ;08:29:00;COM VÍTIMA;ILHA JOANA BEZERRA;VIADUTO;VIADUTO PAPA JOAO PAULO II;;;EM CIMA DO VIADUTO, SENT. BOA VIAGEM;ILHA JOANA BEZERRA;;;COLISÃO TRASEIRA;0;2;0;0;0;0;0;0;0;2;0;;;;;;;;;;;;;
2023-05-22;segunda-feira ;08:35:00;COM VÍTIMA;ESPINHEIRO;AVENIDA;AVENIDA GOVERNADOR AGAMENON MAGALHAES;;;EM FRENTE AO CREA;ESPINHEIRO;;;COLISÃO LATERAL;1;1;0;0;0;0;0;0;0;1;0;;;;;;;;;;;;;
2023-05-22;segunda-feira ;09:38:00;COM VÍTIMA;BOA VIAGEM;AVENIDA;AVENIDA BOA VIAGEM;;;APOS O HOSPITAL DA AERONAUTICA;BOA VIAGEM;;;COLISÃO TRASEIRA;1;1;0;0;0;0;0;0;0;1;0;;;;;;;;;;;;;
2023-05-22;segunda-feira ;10:41:00;COM VÍTIMA;VARZEA;RUA;RUA PROFESSOR ANTONIO COELHO;;;RUA DO COLEGIO E CURSO DESAFIO;VARZEA;;;COLISÃO LATERAL;1;1;0;0;0;0;0;0;0;2;0;;;;;;;;;;;;;
2023-05-22;segunda-feira ;01:03:00;SEM VÍTIMA;AFOGADOS;RUA;RUA SAO MIGUEL;;;EM FRENTE AO POSTO DISLUB;AFOGADOS;;;COLISÃO TRASEIRA;2;0;0;0;0;0;0;1;0;0;0;;;;;;;;;;;;;
2023-05-22;segunda-feira ;01:17:00;SEM VÍTIMA;GRACAS;PTE;PTE RIVALDO DE CARVALHO;;;SOB O SEMÁFORO;GRACAS;173;SUBURBIO;COLISÃO TRASEIRA;1;0;0;0;0;1;0;0;0;0;0;;;;;;;;;;;;;
2023-05-22;segunda-feira ;01:26:00;COM VÍTIMA;BOA VIAGEM;AVENIDA;AVENIDA CONSELHEIRO AGUIAR;;;EM FRENTE A PADARIA CARMEM / ACADEMIA SANTÉ;BOA VIAGEM;;;COLISÃO LATERAL;1;1;0;0;0;0;0;0;0;1;0;;;;;;;;;;;;;
2023-05-22;segunda-feira ;03:34:00;SEM VÍTIMA;IPSEP;RUA;RUA VIRGINIA HERACLIO;;;PROX POSTO DE SAUDE  NÃO TEM NUMERO;IPSEP;;;COLISÃO TRASEIRA;2;0;0;0;0;0;0;0;0;0;0;;;;;;;;;;;;;
2023-05-22;segunda-feira ;04:39:00;COM VÍTIMA;SAO JOSE;RUA;RUA SAO JOAO;;;EM FRENTE AO EDIFICIO SÃO RAFAEL / TERCEIRO MODULO DO CAMELODROMO;SAO JOSE;;;COLISÃO FRONTAL;1;1;0;0;0;0;0;0;0;1;0;;;;;;;;;;;;;
2023-05-22;segunda-feira ;07:10:00;COM VÍTIMA;AGUA FRIA;EST;EST VELHA DE AGUA FRIA;AVENIDA;AVENIDA PROFESSOR JOSE DOS ANJOS;EM FRENTE AO DNOX;AGUA FRIA;;;COLISÃO FRONTAL;0;2;0;0;0;0;0;0;0;2;0;;;;;;;;;;;;;
2023-05-22;segunda-feira ;07:57:00;COM VÍTIMA;TORRE;RUA;RUA PADRE ANCHIETA;;;PROX COMFRARIA DO SANDUBA;TORRE;;;COLISÃO LATERAL;1;1;0;0;0;0;0;0;0;1;0;;;;;;;;;;;;;
2023-05-23;terça-feira ;06:52:00;COM VÍTIMA;AREIAS;AVENIDA;AVENIDA RECIFE;;;EM FRENTE AO SUPERMERCADO ATACADÃO, EM FRENTE AO SEMÁFORO 461;AREIAS;;;COLISÃO TRASEIRA;1;0;0;0;0;0;1;0;0;1;0;;;;;;;;;;;;;
2023-05-23;terça-feira ;07:25:00;COM VÍTIMA;PARNAMIRIM;RUA;RUA ABRAHAM LINCOLN;;;PROXIMO A GALERIA VIA ROMA E LADO DO COLEGIO GGE DO PARNAMIRIM;PARNAMIRIM;;;COLISÃO TRASEIRA;1;1;0;0;0;0;0;0;0;2;0;;;;;;;;;;;;;
2023-05-23;terça-feira ;08:13:00;COM VÍTIMA;MADALENA;RUA;RUA MENEZES DRUMOND;;;EM FRENTE A UNIDADE DA SAUDE DA FAMILIA SITIO DO CARDOSO;MADALENA;;;COLISÃO LATERAL;1;1;0;0;0;0;0;0;0;1;0;;;;;;;;;;;;;
2023-05-23;terça-feira ;11:17:00;SEM VÍTIMA;IMBIRIBEIRA;AVENIDA;AVENIDA MARECHAL MASCARENHAS DE MORAES;;;ASA VEÍCULOS;IMBIRIBEIRA;;;COLISÃO LATERAL;2;0;0;0;0;0;1;0;0;0;0;;;;;;;;;;;;;
2023-05-23;terça-feira ;11:46:00;COM VÍTIMA;BOA VIAGEM;RUA;RUA DONA MAGINA PONTUAL;RUA;RUA JOAO DIAS MARTINS;RUA QUE DE FRENTE DROGARIA SÃO PAULO;BOA VIAGEM;;;COLISÃO LATERAL;1;1;0;0;0;0;0;0;0;1;0;;;;;;;;;;;;;
2023-05-23;terça-feira ;11:59:00;COM VÍTIMA;GRACAS;RUA;RUA GUILHERME PINTO;;;PROXIMO AO MAURICIO DE NASSAU;GRACAS;;;COLISÃO LATERAL;1;1;0;0;0;0;0;0;0;1;0;;;;;;;;;;;;;
2023-05-23;terça-feira ;02:30:00;COM VÍTIMA;IMBIRIBEIRA;AVENIDA;AVENIDA MARECHAL MASCARENHAS DE MORAES;;;LADO OPOSTO A FERREIRA COSTA E EM FRENTE A CASAS BAHIA/ SENTIDO PRAZERES;IMBIRIBEIRA;;;COLISÃO TRASEIRA;1;0;0;0;0;0;1;0;0;1;0;;;;;;;;;;;;;
2023-05-23;terça-feira ;02:56:00;COM VÍTIMA;ARRUDA;RUA;RUA RAMIZ GALVAO;;;E/F AO BAR MISTUREBA;ARRUDA;;;COLISÃO LATERAL;2;0;0;0;0;0;0;0;0;1;0;;;;;;;;;;;;;
2023-05-23;terça-feira ;03:09:00;COM VÍTIMA;TORRE;AVENIDA;AVENIDA BEIRA RIO;RUA;RUA CONDE DE IRAJA;COLISAO SOBRE A  PONTE  VT 03 NO LOCAL;TORRE;;;COLISÃO FRONTAL;2;1;0;0;0;0;0;0;0;1;0;;;;;;;;;;;;;
2023-05-23;terça-feira ;03:36:00;COM VÍTIMA;MACAXEIRA;AVENIDA;AVENIDA NORTE MIGUEL ARRAES DE ALENCAR;;;;MACAXEIRA;296;;QUEDA;0;1;0;0;0;0;0;0;0;1;0;;;;;;;;;;;;;
2023-05-23;terça-feira ;04:22:00;COM VÍTIMA;CAXANGA;AVENIDA;AVENIDA CAXANGA;RUA;RUA GREGORIO JUNIOR;;CAXANGA;;;QUEDA;0;0;0;0;0;0;0;0;0;1;0;;;;;;;;;;;;;
2023-05-23;terça-feira ;06:02:00;SEM VÍTIMA;CASA AMARELA;RUA;RUA CONS NABUCO;;;COLÉGIO APOIO;CASA AMARELA;;;COLISÃO LATERAL;2;0;0;0;0;0;0;0;0;0;0;;;;;;;;;;;;;
2023-05-23;terça-feira ;06:04:00;COM VÍTIMA;IMBIRIBEIRA;RUA;RUA ARQUITETO LUIZ NUNES;;;NA FRENTE DO COLEGIO ANITA GARIBALDE;IMBIRIBEIRA;;;COLISÃO FRONTAL;1;1;0;0;0;0;0;0;0;1;0;;;;;;;;;;;;;
2023-05-23;terça-feira ;09:02:00;SEM VÍTIMA;GRACAS;RUA;RUA DAS GRACAS;AVENIDA;AVENIDA RUI BARBOSA;EM FRENTE A FARMÁCIA DROGASIL;GRACAS;562;CIDADE;COLISÃO TRASEIRA;2;0;0;0;0;0;0;0;0;0;0;;;;;;;;;;;;;
2023-05-23;terça-feira ;10:51:00;COM VÍTIMA;JARDIM SAO PAULO;PRC;PRC DO JARDIM SAO PAULO;;;PRAÇA DE JARDIM SÃO PAULO;JARDIM SAO PAULO;;;CHOQUE;1;0;0;0;0;0;0;0;0;2;0;;;;;;;;;;;;;
2023-05-24;quarta-feira ;09:30:00;COM VÍTIMA;BAIRRO DO RECIFE;AVENIDA;AVENIDA NORTE MIGUEL ARRAES DE ALENCAR;PTE;PTE DO LIMOEIRO;NA DESCIDA DA PONTE;BAIRRO DO RECIFE;;;COLISÃO FRONTAL;1;1;0;0;0;0;0;0;0;1;0;;;;;;;;;;;;;
2023-05-24;quarta-feira ;03:25:00;COM VÍTIMA;TORRE;RUA;RUA MARCOS ANDRE;RUA;RUA JOSE BONIFACIO;EM FRENTE AO SUPERMERCADO CARREFOUR;TORRE;;;COLISÃO LATERAL;1;1;0;0;0;0;0;0;0;2;0;;;;;;;;;;;;;
2023-05-24;quarta-feira ;05:36:00;SEM VÍTIMA;GRACAS;RUA;RUA JORNALISTA PAULO BITTENCOURT;RUA;RUA AMARO BEZERRA;;GRACAS;;;;0;1;0;0;0;0;0;1;0;0;0;;;;;;;;;;;;;
2023-05-24;quarta-feira ;07:44:00;SEM VÍTIMA;MANGABEIRA;AVENIDA;AVENIDA NORTE MIGUEL ARRAES DE ALENCAR;AVENIDA;AVENIDA PROFESSOR JOSE DOS ANJOS;SEMÁFORO 364;MANGABEIRA;364;CIDADE;;1;0;0;0;0;0;1;0;0;0;0;;;;;;;;;;;;;
2023-05-25;quinta-feira ;08:10:00;COM VÍTIMA;AGUA FRIA;RUA;RUA ALTO SANTA TEREZA;;;PROX. AO MERCADINHO LEMOS;AGUA FRIA;;;COLISÃO FRONTAL;1;1;0;0;0;0;0;0;0;2;0;;;;;;;;;;;;;
2023-05-25;quinta-feira ;09:51:00;SEM VÍTIMA;MADALENA;EST;EST DOS REMEDIOS;AVENIDA;AVENIDA VISCONDE DE ALBUQUERQUE;;MADALENA;;;COLISÃO TRASEIRA;1;0;0;0;0;0;1;0;0;0;0;;;;;;;;;;;;;
2023-05-25;quinta-feira ;11:06:00;COM VÍTIMA;SANTO AMARO;AVENIDA;AVENIDA CRUZ CABUGA;;;EM FRENTE A UNIVERSAL;SANTO AMARO;;;COLISÃO LATERAL;1;1;0;0;0;0;0;0;0;1;0;;;;;;;;;;;;;
2023-05-25;quinta-feira ;01:17:00;COM VÍTIMA;VARZEA;RUA;RUA VALE DO SIRIJI;;;APOS A PRAÇA DO PM  E/F AO RESTAURANTE SABOR DA VILA;VARZEA;;;COLISÃO FRONTAL;2;0;0;0;0;0;0;0;0;2;0;;;;;;;;;;;;;
2023-05-25;quinta-feira ;02:18:00;COM VÍTIMA;IMBIRIBEIRA;RUA;RUA ARQUITETO LUIZ NUNES;AVENIDA;AVENIDA ENGENHEIRO ALVES DE SOUZA;PROX AO RESTAURANTE JULIETTOS   E/F A DROGASIL;IMBIRIBEIRA;;;COLISÃO LATERAL;1;1;0;0;0;0;0;0;0;1;0;;;;;;;;;;;;;
2023-05-25;quinta-feira ;02:43:00;VÍTIMA FATAL;AREIAS;RUA;RUA IPOJUCA;;;PRAÇA DO HEROI;AREIAS;;;COLISÃO FRONTAL;0;1;0;0;0;0;1;0;0;0;1;;;;;;;;;;;;;
2023-05-25;quinta-feira ;04:06:00;SEM VÍTIMA;PINA;AVENIDA;AVENIDA ANTONIO DE GOES;AVENIDA;AVENIDA CONSELHEIRO AGUIAR;LADO OPOSTO A CASA DA BATERIA;PINA;;CIDADE;COLISÃO TRANSVERSAL;1;0;0;0;0;1;0;0;0;0;0;;;;;;;;;;;;;
2023-05-25;quinta-feira ;06:09:00;COM VÍTIMA;TORREAO;RUA;RUA FREI MIGUELINHO;RUA;RUA DJALMA FARIAS;PROX AO RESTAURANTE ARGO;TORREAO;;;COLISÃO LATERAL;3;0;0;0;0;0;0;0;0;1;0;;;;;;;;;;;;;