data;dia_semana;hora;natureza;bairro;logradouro_endereco;endereco;logradouro_detalhe_endereço;detalhe_endereco_acidente;complemento;bairro_cruzamento;num_semaforo;sentido_via;tipo;auto;moto;ciclom;ciclista;pedestre;onibus;caminhao;viatura;outros;vitimas;vitimasfatais;acidente_verificado;tempo_clima;situacao_semaforo;sinalizacao;condicao_via;conservacao_via;ponto_controle;situacao_placa;velocidade_max_via;mao_direcao;divisao_via1;divisao_via2;divisao_via3
2023-05-25;quinta-feira ;06:39:00;COM VÍTIMA;IMBIRIBEIRA;AVENIDA;AVENIDA MARECHAL MASCARENHAS DE MORAES;;;;IMBIRIBEIRA;;;QUEDA;0;0;0;0;0;0;0;0;0;1;0;;;;;;;;;;;;;
2023-05-25;quinta-feira ;08:12:00;COM VÍTIMA;GRACAS;RUA;RUA JOAO RAMOS;RUA;RUA BRUNO MAIA;AO LADO DA PIZZARIA ATLANTICO;GRACAS;;;COLISÃO LATERAL;1;1;0;0;0;0;0;0;0;2;0;;;;;;;;;;;;;
2023-05-25;quinta-feira ;10:07:00;COM VÍTIMA;CAXANGA;RUA;RUA RIBEIRO PESSOA;;;PRÓXIMO A UPA DA CAXANGÁ;CAXANGA;;;COLISÃO LATERAL;0;2;0;0;0;0;0;0;0;2;0;;;;;;;;;;;;;
2023-05-26;sexta-feira ;12:12:00;COM VÍTIMA;DOIS UNIDOS;AVENIDA;AVENIDA HILDEBRANDO DE VASCONCELOS;;;PRÓXIMO A SUBIDA DO ALTO DO MARACANÃ E AO CIPICÃES;DOIS UNIDOS;;;COLISÃO LATERAL;1;1;0;0;0;0;0;0;0;1;0;;;;;;;;;;;;;
2023-05-26;sexta-feira ;12:39:00;SEM VÍTIMA;TORRE;RUA;RUA JOAO TUDE DE MELO;;;SOBRE A PONTE, SENTIDO NORTE;TORRE;;;TOMBAMENTO;0;0;0;0;0;0;0;0;0;0;0;;;;;;;;;;;;;
2023-05-26;sexta-feira ;03:32:00;COM VÍTIMA;ROSARINHO;RUA;RUA DR JOSE MARIA;RUA;RUA REGUEIRA COSTA;;ROSARINHO;;;COLISÃO LATERAL;0;0;0;0;0;0;0;0;0;1;0;;;;;;;;;;;;;
2023-05-26;sexta-feira ;08:03:00;COM VÍTIMA;ARRUDA;RUA;RUA MARQUES DE BAIPENDI;;;PROX. A FABRICA DA COCA COLA;ARRUDA;495;;COLISÃO LATERAL;1;1;0;0;0;0;0;0;0;2;0;;;;;;;;;;;;;
2023-05-26;sexta-feira ;08:12:00;COM VÍTIMA;IPSEP;AVENIDA;AVENIDA RECIFE;;;APOS A PADARIA VILA DO PÃO;IPSEP;;;COLISÃO TRASEIRA;1;1;0;0;0;0;0;0;0;1;0;;;;;;;;;;;;;
2023-05-26;sexta-feira ;12:57:00;SEM VÍTIMA;VARZEA;AVENIDA;AVENIDA CAXANGA;;;EM FRENTE AO  RESTAURANTE BOI E BRASA;VARZEA;230;CIDADE;COLISÃO TRANSVERSAL;1;0;0;0;0;0;0;1;0;0;0;;;;;;;;;;;;;
2023-05-26;sexta-feira ;05:07:00;COM VÍTIMA;IMBIRIBEIRA;AVENIDA;AVENIDA MARECHAL MASCARENHAS DE MORAES;;;E/F AO AEROPORTO S/T  JABOATAO;IMBIRIBEIRA;;;COLISÃO LATERAL;1;1;0;0;0;0;0;0;0;1;0;;;;;;;;;;;;;
2023-05-26;sexta-feira ;05:20:00;COM VÍTIMA;BAIRRO DO RECIFE;AVENIDA;AVENIDA ALFREDO LISBOA;;;EM FRENTE AO ESTACIONAMENTO DO CAIS E AO POSTO PETROBRAS;BAIRRO DO RECIFE;;;COLISÃO LATERAL;1;1;0;0;0;0;0;0;0;1;0;;;;;;;;;;;;;
2023-05-26;sexta-feira ;09:36:00;SEM VÍTIMA;BAIRRO DO RECIFE;PTE;PTE CONDE MAURICIO DE NASSAU;;;PONTE MAURÍCIO DE NASSAU;BAIRRO DO RECIFE;;SUBURBIO;COLISÃO TRASEIRA;0;1;0;0;0;0;0;1;0;0;0;;;;;;;;;;;;;
2023-05-26;sexta-feira ;09:50:00;COM VÍTIMA;BOA VIAGEM;RUA;RUA PADRE LEANDRO CAMELO;;;;BOA VIAGEM;190;;COLISÃO LATERAL;0;2;0;0;0;0;0;0;0;1;0;;;;;;;;;;;;;
2023-05-27;sábado ;01:11:00;COM VÍTIMA;ARRUDA;RUA;RUA DA REGENERACAO;;;PROX. A FABRICA DA SKAVE ANTIGA COCACOLA;ARRUDA;;;COLISÃO LATERAL;1;1;0;0;0;0;0;0;0;1;0;;;;;;;;;;;;;
2023-05-27;sábado ;04:01:00;SEM VÍTIMA;DERBY;AVENIDA;AVENIDA GOVERNADOR AGAMENON MAGALHAES;;;EM FRENTE AO HOSPITAL MEMORIAL (SENTIDO OLINDA);DERBY;;;CAPOTAMENTO;1;0;0;0;0;0;0;0;0;0;0;;;;;;;;;;;;;
2023-05-27;sábado ;07:28:00;COM VÍTIMA;IMBIRIBEIRA;AVENIDA;AVENIDA MARECHAL MASCARENHAS DE MORAES;TRV;TRV DOUTOR SABINO PINHO;EM FRENTE A CONSERCIONARIA CHERY;IMBIRIBEIRA;;SUBURBIO;COLISÃO TRASEIRA;1;1;0;0;0;0;0;0;0;1;0;;;;;;;;;;;;;
2023-05-27;sábado ;07:49:00;COM VÍTIMA;SANTO AMARO;AVENIDA;AVENIDA CRUZ CABUGA;RUA;RUA VINTE E QUATRO DE AGOSTO;RUA DA CONTAX;SANTO AMARO;;SUBURBIO;COLISÃO LATERAL;1;1;0;0;0;0;0;0;0;1;0;;;;;;;;;;;;;
2023-05-27;sábado ;10:35:00;SEM VÍTIMA;IBURA;AVENIDA;AVENIDA RIO LARGO;;;APÓS O MERCADO PROAB;IBURA;;SUBURBIO;COLISÃO FRONTAL;2;0;0;0;0;0;0;0;0;0;0;;;;;;;;;;;;;
2023-05-28;domingo ;12:43:00;COM VÍTIMA;IBURA;AVENIDA;AVENIDA DOIS RIOS;;;EM FRENTE A POLICLINICA ARNALDO MARQUES;IBURA;;;COLISÃO FRONTAL;0;2;0;0;0;0;0;0;0;1;0;;;;;;;;;;;;;
2023-05-28;domingo ;02:08:00;COM VÍTIMA;BOA VIAGEM;RUA;RUA DEZ DE JULHO;RUA;RUA CAMBOIM;PROXIMO A ALUGUE BRASIL;BOA VIAGEM;;;COLISÃO LATERAL;1;1;0;0;0;0;0;0;0;1;0;;;;;;;;;;;;;
2023-05-28;domingo ;06:24:00;COM VÍTIMA;BOA VIAGEM;RUA;RUA VISCONDE DE JEQUITINHONHA;;;NA RUA POR TRÁS DO PARQUE DONA LINDU;BOA VIAGEM;;;ATROPELAMENTO DE PESSOA;1;0;0;0;1;0;0;0;0;1;0;;;;;;;;;;;;;
2023-05-28;domingo ;09:42:00;COM VÍTIMA;VASCO DA GAMA;RUA;RUA VASCO DA GAMA;;;EM FRENTE A PAULO ADESIVOS;VASCO DA GAMA;;;COLISÃO FRONTAL;1;1;0;0;0;0;0;0;0;1;0;;;;;;;;;;;;;
2023-05-28;domingo ;09:48:00;COM VÍTIMA;MANGABEIRA;AVENIDA;AVENIDA NORTE MIGUEL ARRAES DE ALENCAR;;;EM FRENTE A  CLINICA CÃO;MANGABEIRA;;;COLISÃO TRASEIRA;1;1;0;0;0;0;0;0;0;1;0;;;;;;;;;;;;;
2023-05-29;segunda-feira ;07:50:00;COM VÍTIMA;NOVA DESCOBERTA;AVENIDA;AVENIDA VEREADOR OTACILIO AZEVEDO;;;EM FRENTE A KINITOS;NOVA DESCOBERTA;;;COLISÃO FRONTAL;1;1;0;0;0;0;0;0;0;1;0;;;;;;;;;;;;;
2023-05-29;segunda-feira ;07:52:00;SEM VÍTIMA;ILHA DO RETIRO;RUA;RUA SENADOR FABIO DE BARROS;RUA;RUA DR JOAO MARQUES;EM FRENTE AO N° 100;ILHA DO RETIRO;;CIDADE;COLISÃO TRANSVERSAL;1;0;0;0;0;0;0;1;0;0;0;;;;;;;;;;;;;
2023-05-29;segunda-feira ;10:34:00;SEM VÍTIMA;BARRO;AVENIDA;AVENIDA DOM PEDRO I - IMPERADOR;;;;;;;COLISÃO TRASEIRA;2;0;0;0;0;0;0;0;0;0;0;;;;;;;;;;;;;
2023-05-29;segunda-feira ;02:18:00;SEM VÍTIMA;IPSEP;RUA;RUA ARGEMIRO MIRANDA;;;;IPSEP;;;;1;0;0;0;0;0;1;0;0;0;0;;;;;;;;;;;;;
2023-05-29;segunda-feira ;03:38:00;COM VÍTIMA;GRACAS;AVENIDA;AVENIDA RUI BARBOSA;;;EM FRENTE AO BANCO SANTANDER;GRACAS;;;COLISÃO TRASEIRA;1;1;0;0;0;0;0;0;0;2;0;;;;;;;;;;;;;
2023-05-29;segunda-feira ;04:39:00;SEM VÍTIMA;ESPINHEIRO;AVENIDA;AVENIDA GOVERNADOR AGAMENON MAGALHAES;PRC;PRC PARQUE AMORIM;SUPER BOM PREÇO;ESPINHEIRO;173;SUBURBIO;COLISÃO TRANSVERSAL;2;0;0;0;0;0;0;0;0;0;0;;;;;;;;;;;;;
2023-05-29;segunda-feira ;05:14:00;COM VÍTIMA;APIPUCOS;RUA;RUA DO MUSSU;;;PROX A ROSE BELTRÃO;APIPUCOS;;;COLISÃO FRONTAL;1;1;0;0;0;0;0;0;0;2;0;;;;;;;;;;;;;
2023-05-30;terça-feira ;12:22:00;SEM VÍTIMA;JARDIM SAO PAULO;RUA;RUA BRAGANCA;RUA;RUA LORENA;PRÓX A BR-101;JARDIM SAO PAULO;;;COLISÃO TRANSVERSAL;2;0;0;0;0;0;0;0;0;0;0;;;;;;;;;;;;;
2023-05-30;terça-feira ;08:36:00;COM VÍTIMA;IMBIRIBEIRA;AVENIDA;AVENIDA MARECHAL MASCARENHAS DE MORAES;;;EM FRENTE A LOJA VENEZA MATERIAL DE CONSTRUÇÃO;IMBIRIBEIRA;;;COLISÃO FRONTAL;0;2;0;0;0;0;0;0;0;2;0;;;;;;;;;;;;;
2023-05-30;terça-feira ;01:33:00;SEM VÍTIMA;PARNAMIRIM;RUA;RUA DES GOIS CAVALCANTE;EST;EST DO ARRAIAL;EM FRENTE AO HOSPITAL AGAMENON MAGALHÃES;PARNAMIRIM;295;SUBURBIO;;1;0;0;0;0;1;0;0;0;0;0;;;;;;;;;;;;;
2023-05-30;terça-feira ;04:10:00;COM VÍTIMA;SAO JOSE;RUA;RUA FLORIANO PEIXOTO;;;EM FRENTE A ESTAÇÃO RECIFE  E A EMPRESA SONYLON;SAO JOSE;;;COLISÃO LATERAL;0;2;0;0;0;0;0;0;0;1;0;;;;;;;;;;;;;
2023-05-30;terça-feira ;04:44:00;COM VÍTIMA;CAMPO GRANDE;RUA;RUA ODORICO MENDES;;;PROXIMO A DELEGACIA;CAMPO GRANDE;;;COLISÃO LATERAL;0;0;0;0;0;0;0;0;0;2;0;;;;;;;;;;;;;
2023-05-30;terça-feira ;05:47:00;COM VÍTIMA;ARRUDA;RUA;RUA RAUL POMPEIA;;;AO LADO DO CANAL DA CONSTRUÇÃO;ARRUDA;;;COLISÃO LATERAL;1;1;0;0;0;0;0;0;0;2;0;;;;;;;;;;;;;
2023-05-30;terça-feira ;06:22:00;COM VÍTIMA;BARRO;AVENIDA;AVENIDA CENTRAL;;;PROX AO BAR DO DEDA;BARRO;;;ATROPELAMENTO DE PESSOA;0;0;0;0;1;1;0;0;0;1;0;;;;;;;;;;;;;
2023-05-30;terça-feira ;07:59:00;COM VÍTIMA;JARDIM SAO PAULO;RUA;RUA MANOEL INACIO;;;DE FRENTE A RUA MANOEL INACIO / ANTES DE ACESSAR A BR-101 SENTIDO PRAZERES / SAÍDA DO TERMINAL DO BARRO EM DIREÇÃO A PRAZERES;JARDIM SAO PAULO;;;ATROPELAMENTO DE PESSOA;0;0;0;0;0;1;0;0;0;1;0;;;;;;;;;;;;;
2023-05-30;terça-feira ;08:04:00;COM VÍTIMA;BOA VIAGEM;RUA;RUA SA E SOUZA;;;EM FRENTE A DROGASIL;BOA VIAGEM;;;COLISÃO LATERAL;0;2;0;0;0;0;0;0;0;1;0;;;;;;;;;;;;;
2023-05-31;quarta-feira ;07:09:00;COM VÍTIMA;PINA;AVENIDA;AVENIDA CELSO FURTADO (VIA MANGUE);;;SENT. BOA VIAGEM NA LOMBADA ELETRNICA;PINA;;;COLISÃO LATERAL;1;1;0;0;0;0;0;0;0;1;0;;;;;;;;;;;;;
2023-05-31;quarta-feira ;07:16:00;COM VÍTIMA;PINA;AVENIDA;AVENIDA CELSO FURTADO (VIA MANGUE);;;SENT. BOA VIAGEM, ANTES DA LOMBADA ELETRONICA;PINA;;;CHOQUE;1;0;0;0;0;0;0;0;0;1;0;;;;;;;;;;;;;
2023-05-31;quarta-feira ;07:27:00;COM VÍTIMA;BEBERIBE;AVENIDA;AVENIDA BEBERIBE;;;EM FRENTE AO NÚMERO 3677,  EM FRENTE AO SESC SENAC;BEBERIBE;;;COLISÃO LATERAL;1;1;0;0;0;0;0;0;0;1;0;;;;;;;;;;;;;
2023-05-31;quarta-feira ;08:17:00;COM VÍTIMA;BOA VISTA;RUA;RUA DAS NINFAS;;;PROX. AO VEM GRANDE RECIFE;BOA VISTA;;;COLISÃO LATERAL;0;2;0;0;0;0;0;0;0;2;0;;;;;;;;;;;;;
2023-05-31;quarta-feira ;10:00:00;COM VÍTIMA;BOA VIAGEM;RUA;RUA ERNESTO DE PAULA SANTOS;;;;BOA VIAGEM;;;COLISÃO LATERAL;1;1;0;0;0;0;0;0;0;1;0;;;;;;;;;;;;;
2023-05-31;quarta-feira ;10:17:00;COM VÍTIMA;PINA;AVENIDA;AVENIDA CELSO FURTADO (VIA MANGUE);;;;PINA;;;QUEDA;0;1;0;0;0;0;0;0;0;1;0;;;;;;;;;;;;;
2023-05-31;quarta-feira ;03:54:00;COM VÍTIMA;SANTO AMARO;AVENIDA;AVENIDA VISCONDE DE SUASSUNA;;;NO SEMÁFORO 172;SANTO AMARO;172;;COLISÃO LATERAL;1;1;0;0;0;0;0;0;0;2;0;;;;;;;;;;;;;
2023-05-31;quarta-feira ;04:43:00;COM VÍTIMA;PINA;AVENIDA;AVENIDA CELSO FURTADO (VIA MANGUE);;;DEPOIS DO RIO MAR;PINA;;;COLISÃO TRASEIRA;1;1;0;0;0;0;0;0;0;1;0;;;;;;;;;;;;;
2023-05-31;quarta-feira ;11:18:00;COM VÍTIMA;CIDADE UNIVERSITARIA;RUA;RUA GENERAL POLIDORO;RUA;RUA AGRICOLANDIA;;CIDADE UNIVERSITARIA;;;COLISÃO LATERAL;1;1;0;0;0;0;0;0;0;2;0;;;;;;;;;;;;;
2023-06-01;quinta-feira ;07:19:00;COM VÍTIMA;BOA VIAGEM;AVENIDA;AVENIDA ENGENHEIRO DOMINGOS FERREIRA;;;AO LADO DO ASSAI, SENT. BOA VIAGEM;BOA VIAGEM;297;;COLISÃO FRONTAL;1;1;0;0;0;0;0;0;0;1;0;;;;;;;;;;;;;
2023-06-01;quinta-feira ;08:21:00;COM VÍTIMA;JORDAO;AVENIDA;AVENIDA MARIA IRENE;;;;JORDAO;;;ATROPELAMENTO DE PESSOA;0;1;0;0;1;0;0;0;0;1;0;;;;;;;;;;;;;
2023-06-01;quinta-feira ;09:26:00;COM VÍTIMA;AFOGADOS;RUA;RUA SAO MIGUEL;RUA;RUA DO DESPACHO;PROXIMO AO POSTO DE GASOLINA DISLUB;AFOGADOS;;;COLISÃO TRANSVERSAL;1;1;0;0;0;0;0;0;0;1;0;;;;;;;;;;;;;
2023-06-01;quinta-feira ;10:51:00;COM VÍTIMA;BOA VIAGEM;RUA;RUA BALTAZAR PASSOS;RUA;RUA VISCONDE DE JEQUITINHONHA;EM FRENTE AO EDF. MARIA GUILHERMINA;BOA VIAGEM;;;COLISÃO LATERAL;1;1;0;0;0;0;0;0;0;1;0;;;;;;;;;;;;;
2023-06-01;quinta-feira ;11:47:00;COM VÍTIMA;IMBIRIBEIRA;AVENIDA;AVENIDA CENTENARIO ALBERTO SANTOS DUMONT;;;ANTES DO TUNEL FELIPE CAMARAO NA ROTATORIA;IMBIRIBEIRA;;;COLISÃO FRONTAL;1;1;0;0;0;0;0;0;0;1;0;;;;;;;;;;;;;
2023-06-01;quinta-feira ;12:14:00;COM VÍTIMA;IBURA;AVENIDA;AVENIDA DOIS RIOS;;;PROX AO VAREJÃO ESTRELA;IBURA;;;COLISÃO LATERAL;1;1;0;0;0;0;0;0;0;1;0;;;;;;;;;;;;;
2023-06-01;quinta-feira ;12:21:00;COM VÍTIMA;BOA VIAGEM;AVENIDA;AVENIDA ENGENHEIRO DOMINGOS FERREIRA;;;EM FRENTE AO BANCO DAYCOVAL;BOA VIAGEM;;;COLISÃO TRASEIRA;0;2;0;0;0;0;0;0;0;1;0;;;;;;;;;;;;;
2023-06-01;quinta-feira ;01:53:00;COM VÍTIMA;SANTO AMARO;RUA;RUA AURORA;;;APOS AO TAVARES BURIL;SANTO AMARO;;;CHOQUE;0;1;0;0;0;0;0;0;0;1;0;;;;;;;;;;;;;
2023-06-01;quinta-feira ;02:16:00;COM VÍTIMA;SANTO AMARO;AVENIDA;AVENIDA PREFEITO ARTUR LIMA CAVALCANTI;;;;SANTO AMARO;;;COLISÃO LATERAL;0;0;0;0;0;0;0;0;0;1;0;;;;;;;;;;;;;
2023-06-01;quinta-feira ;02:16:00;COM VÍTIMA;AFOGADOS;RUA;RUA SAO MIGUEL;;;EM FRENTE AO BODE DO NÔ;AFOGADOS;;;COLISÃO TRASEIRA;1;1;0;0;0;0;0;0;0;1;0;;;;;;;;;;;;;
2023-06-01;quinta-feira ;05:34:00;COM VÍTIMA;JORDAO;RUA;RUA SAGRES;;;NA ESQUINA DO POSTO DE SAUDE  DO JORDAO  BAIXO;JORDAO;;;QUEDA;0;1;0;0;0;0;0;0;0;1;0;;;;;;;;;;;;;
2023-06-01;quinta-feira ;07:31:00;COM VÍTIMA;AFOGADOS;AVENIDA;AVENIDA SUL;;;EM FRENTE A LOJA MAÇONICA;AFOGADOS;;;COLISÃO FRONTAL;0;0;0;1;0;1;0;0;0;1;0;;;;;;;;;;;;;
2023-06-01;quinta-feira ;09:12:00;SEM VÍTIMA;TOTO;AVENIDA;AVENIDA LIBERDADE;;;EM FRENTE AO PRESIDIO;TOTO;;;COLISÃO LATERAL;0;1;0;0;0;0;0;1;0;0;0;;;;;;;;;;;;;
2023-06-01;quinta-feira ;11:36:00;SEM VÍTIMA;BOA VIAGEM;RUA;RUA DEZ DE JULHO;;;MANSÃO CRISTAL;BOA VIAGEM;;;COLISÃO FRONTAL;2;0;0;0;0;0;0;0;0;0;0;;;;;;;;;;;;;
2023-06-02;sexta-feira ;09:06:00;COM VÍTIMA;AREIAS;RUA;RUA CORONEL LAMENHA;;;PROX. AO SINDICATO DOS METROVIARIOS DE PE;AREIAS;;;COLISÃO LATERAL;0;1;0;0;0;0;0;0;0;1;0;;;;;;;;;;;;;
2023-06-02;sexta-feira ;09:19:00;COM VÍTIMA;MADALENA;AVENIDA;AVENIDA VISCONDE DE ALBUQUERQUE;;;PROX. A FARMACIA TRADIÇÃO;MADALENA;;;COLISÃO LATERAL;1;1;0;0;0;0;0;0;0;1;0;;;;;;;;;;;;;
2023-06-02;sexta-feira ;09:41:00;SEM VÍTIMA;MADALENA;EST;EST DOS REMEDIOS;RUA;RUA DR JOAO MARQUES;EM FRENTE A VIA TOTAL PNEUS;MADALENA;;;;1;0;0;0;0;0;0;1;0;0;0;;;;;;;;;;;;;
2023-06-02;sexta-feira ;10:30:00;COM VÍTIMA;TAMARINEIRA;RUA;RUA CONEGO BARATA;;;EM FRENTE A FERREIRA COSTA;TAMARINEIRA;;;COLISÃO LATERAL;0;0;0;0;0;0;0;0;0;1;0;;;;;;;;;;;;;
2023-06-02;sexta-feira ;10:44:00;COM VÍTIMA;MADALENA;AVENIDA;AVENIDA CAXANGA;;;PROX. A FARMACIA PAGUE MENOS E POSTO DE GASOLINA IPIRANGA;MADALENA;;;COLISÃO LATERAL;1;1;0;0;0;0;0;0;0;1;0;;;;;;;;;;;;;
2023-06-02;sexta-feira ;10:59:00;COM VÍTIMA;DERBY;AVENIDA;AVENIDA GOVERNADOR AGAMENON MAGALHAES;;;EM FRENTE AO BRADESCO;DERBY;;;ATROPELAMENTO DE PESSOA;1;0;0;0;1;0;0;0;0;1;0;;;;;;;;;;;;;
2023-06-02;sexta-feira ;12:11:00;COM VÍTIMA;BOA VISTA;AVENIDA;AVENIDA MONTEVIDEU;RUA;RUA TABIRA;PROX A CASA DE APOIO DOS MUNICIPIOS DE GRAVATA;BOA VISTA;;;COLISÃO LATERAL;1;1;0;0;0;0;0;0;0;1;0;;;;;;;;;;;;;
2023-06-02;sexta-feira ;01:22:00;COM VÍTIMA;BOA VIAGEM;AVENIDA;AVENIDA ENGENHEIRO DOMINGOS FERREIRA;;;;BOA VIAGEM;;;COLISÃO LATERAL;0;0;0;0;0;0;0;0;0;1;0;;;;;;;;;;;;;
2023-06-02;sexta-feira ;02:26:00;COM VÍTIMA;TORREAO;AVENIDA;AVENIDA NORTE MIGUEL ARRAES DE ALENCAR;;;SOBRE O VIADUTO PRESIDENTE MEDICI;TORREAO;;;COLISÃO LATERAL;0;1;0;0;0;0;0;0;0;1;0;;;;;;;;;;;;;
2023-06-02;sexta-feira ;03:35:00;COM VÍTIMA;CORREGO DO JENIPAPO;AVENIDA;AVENIDA DA RECUPERACAO;;;APOS A UPINHA E/F AO GALETO DO ROBERTO;CORREGO DO JENIPAPO;;;QUEDA;0;1;0;0;0;0;0;0;0;1;0;;;;;;;;;;;;;
2023-06-02;sexta-feira ;03:56:00;COM VÍTIMA;AFLITOS;AVENIDA;AVENIDA CONS ROSA E SILVA;;;PROX  AO CLUBE  DO NAUTICO E/F AO EDF MARIA AUGUSTA;AFLITOS;;;COLISÃO TRASEIRA;1;1;0;0;0;0;0;0;0;1;0;;;;;;;;;;;;;
2023-06-02;sexta-feira ;04:20:00;COM VÍTIMA;IMBIRIBEIRA;AVENIDA;AVENIDA MARECHAL MASCARENHAS DE MORAES;;;EM FRENTE A MARAVILHA MOTOS;IMBIRIBEIRA;;;COLISÃO LATERAL;0;2;0;0;0;0;0;0;0;2;0;;;;;;;;;;;;;
2023-06-02;sexta-feira ;04:30:00;COM VÍTIMA;AFOGADOS;RUA;RUA TABAIARES;;;EM FRENTE A HYUNDAI;AFOGADOS;;;COLISÃO LATERAL;1;1;0;0;0;0;0;0;0;1;0;;;;;;;;;;;;;
2023-06-02;sexta-feira ;04:39:00;COM VÍTIMA;ILHA DO RETIRO;RUA;RUA TABAIARES;;;EM FRENTE A HYUNDAI;ILHA DO RETIRO;;;COLISÃO LATERAL;1;1;0;0;0;0;0;0;0;1;0;;;;;;;;;;;;;
2023-06-02;sexta-feira ;04:41:00;COM VÍTIMA;TAMARINEIRA;AVENIDA;AVENIDA NORTE MIGUEL ARRAES DE ALENCAR;;;FARMACIA PAGUE MENOS;TAMARINEIRA;;;COLISÃO LATERAL;1;1;0;0;0;0;0;0;0;1;0;;;;;;;;;;;;;
2023-06-02;sexta-feira ;05:31:00;COM VÍTIMA;VARZEA;RUA;RUA GASTAO VIDIGAL;;;E/F A IGREJA ASSEMBLEIA DE DEUS;VARZEA;;;COLISÃO LATERAL;1;1;0;0;0;0;0;0;0;1;0;;;;;;;;;;;;;
2023-06-02;sexta-feira ;07:49:00;COM VÍTIMA;IBURA;AVENIDA;AVENIDA SANTA FE;;;PADARIA PORTO SEGURO;IBURA;;;ATROPELAMENTO DE PESSOA;0;1;0;0;1;0;0;0;0;1;0;;;;;;;;;;;;;
2023-06-02;sexta-feira ;09:38:00;COM VÍTIMA;PINA;AVENIDA;AVENIDA HERCULANO BANDEIRA;;;PRÓXIMO A PAGUE MENOS;PINA;;;COLISÃO LATERAL;1;1;0;0;0;0;0;0;0;1;0;;;;;;;;;;;;;
2023-06-03;sábado ;06:54:00;COM VÍTIMA;TORROES;AVENIDA;AVENIDA ENGENHEIRO ABDIAS DE CARVALHO;;;DEPOPIS DA UPA DO TORROES;TORROES;;;COLISÃO FRONTAL;0;0;0;0;0;0;0;0;0;1;0;;;;;;;;;;;;;
2023-06-03;sábado ;07:51:00;COM VÍTIMA;CASA AMARELA;RUA;RUA PAULA BATISTA;;;EM FRENTE A SUPER BOMPREÇO;CASA AMARELA;;;COLISÃO LATERAL;1;1;0;0;0;0;0;0;0;1;0;;;;;;;;;;;;;
2023-06-03;sábado ;09:43:00;COM VÍTIMA;TEJIPIO;AVENIDA;AVENIDA DR JOSE RUFINO;;;E/F A ESTAÇAO DO METRO DE TEJIPIO;TEJIPIO;;;COLISÃO LATERAL;1;1;0;0;0;0;0;0;0;1;0;;;;;;;;;;;;;
2023-06-03;sábado ;10:12:00;COM VÍTIMA;VARZEA;RUA;RUA MARIO CAMPELO;;;;VARZEA;;;COLISÃO FRONTAL;2;0;0;0;0;0;0;0;0;1;0;;;;;;;;;;;;;
2023-06-03;sábado ;11:53:00;COM VÍTIMA;CAMPO GRANDE;AVENIDA;AVENIDA GOVERNADOR AGAMENON MAGALHAES;;;EM FRENTE ANTIGA FABRICA DO SHOOPING TACARUNA;CAMPO GRANDE;;;ATROPELAMENTO DE PESSOA;1;0;0;0;1;0;0;0;0;2;0;;;;;;;;;;;;;
2023-06-03;sábado ;12:11:00;COM VÍTIMA;AREIAS;AVENIDA;AVENIDA RECIFE;;;E/F AO SAL E BRASA;AREIAS;;;COLISÃO LATERAL;1;1;0;0;0;0;0;0;0;1;0;;;;;;;;;;;;;
2023-06-03;sábado ;12:35:00;COM VÍTIMA;TORROES;AVENIDA;AVENIDA ENGENHEIRO ABDIAS DE CARVALHO;;;EM FRENTE A MARCELO BOMA DE COMBUSTIVEL/ SENTIDO BR;TORROES;;;ATROPELAMENTO DE PESSOA;0;0;0;0;1;0;1;0;0;1;0;;;;;;;;;;;;;
2023-06-03;sábado ;03:12:00;COM VÍTIMA;ROSARINHO;AVENIDA;AVENIDA NORTE MIGUEL ARRAES DE ALENCAR;;;NO SEMÁFORO 081;ROSARINHO;81;SUBURBIO;COLISÃO LATERAL;0;1;0;0;0;0;1;0;0;1;0;;;;;;;;;;;;;
2023-06-03;sábado ;04:12:00;VÍTIMA FATAL;TORRE;RUA;RUA JOSE BONIFACIO;;;;TORRE;;;ATROPELAMENTO DE PESSOA;0;0;0;0;1;0;0;0;0;1;1;;;;;;;;;;;;;
2023-06-03;sábado ;06:39:00;COM VÍTIMA;BOA VIAGEM;RUA;RUA DEZ DE JULHO;RUA;RUA CAMBOIM;PROX AO MAIRSON CRISTAL;BOA VIAGEM;;;COLISÃO LATERAL;1;1;0;0;0;0;0;0;0;1;0;;;;;;;;;;;;;
2023-06-03;sábado ;06:43:00;SEM VÍTIMA;IBURA;AVENIDA;AVENIDA DOIS RIOS;;;EM FRENTE AO POSTO MAIS;IBURA;;;COLISÃO TRASEIRA;2;0;0;0;0;0;0;0;0;0;0;;;;;;;;;;;;;
2023-06-04;domingo ;09:09:00;COM VÍTIMA;JARDIM SAO PAULO;RUA;RUA LORENA;;;RUA DO ARAMAZEM UTILIDADES;JARDIM SAO PAULO;;;COLISÃO LATERAL;1;1;0;0;0;0;0;0;0;1;0;;;;;;;;;;;;;