data;dia_semana;hora;natureza;bairro;logradouro_endereco;endereco;logradouro_detalhe_endereço;detalhe_endereco_acidente;complemento;bairro_cruzamento;num_semaforo;sentido_via;tipo;auto;moto;ciclom;ciclista;pedestre;onibus;caminhao;viatura;outros;vitimas;vitimasfatais;acidente_verificado;tempo_clima;situacao_semaforo;sinalizacao;condicao_via;conservacao_via;ponto_controle;situacao_placa;velocidade_max_via;mao_direcao;divisao_via1;divisao_via2;divisao_via3
2023-06-04;domingo ;09:22:00;SEM VÍTIMA;IBURA;AVENIDA;AVENIDA DOIS RIOS;;;PRÓXIMO A ENTRADA DA VILA DO SESI;IBURA;;;COLISÃO TRANSVERSAL;1;1;0;0;0;0;0;0;0;0;0;;;;;;;;;;;;;
2023-06-04;domingo ;09:28:00;COM VÍTIMA;CABANGA;RUA;RUA DILERMANO REIS;;;EM FRENTE A COMPESA;CABANGA;;;COLISÃO LATERAL;1;1;0;0;0;0;0;0;0;1;0;;;;;;;;;;;;;
2023-06-04;domingo ;09:45:00;COM VÍTIMA;BEBERIBE;AVENIDA;AVENIDA BEBERIBE;;;PROX. AO POSTO DE GASOLINA PAIS E FILHOS;BEBERIBE;;;ATROPELAMENTO DE PESSOA;0;1;0;0;1;0;0;0;0;1;0;;;;;;;;;;;;;
2023-06-04;domingo ;12:51:00;COM VÍTIMA;BEBERIBE;AVENIDA;AVENIDA BEBERIBE;;;;BEBERIBE;;;COLISÃO LATERAL;0;1;0;0;0;0;0;0;0;1;0;;;;;;;;;;;;;
2023-06-04;domingo ;02:25:00;SEM VÍTIMA;SANTO AMARO;AVENIDA;AVENIDA CRUZ CABUGA;RUA;RUA DOS PALMARES;AO LADO DA IGREJA UNIVERSAL;SANTO AMARO;171;CIDADE;COLISÃO LATERAL;1;0;0;0;0;0;1;0;0;0;0;;;;;;;;;;;;;
2023-06-04;domingo ;04:20:00;COM VÍTIMA;BOA VISTA;AVENIDA;AVENIDA CONDE DA BOA VISTA;;;;BOA VISTA;;;COLISÃO LATERAL;0;0;0;0;0;0;0;0;0;1;0;;;;;;;;;;;;;
2023-06-04;domingo ;04:21:00;COM VÍTIMA;TEJIPIO;AVENIDA;AVENIDA DR JOSE RUFINO;;;;TEJIPIO;;;COLISÃO LATERAL;1;0;0;0;0;0;0;0;0;1;0;;;;;;;;;;;;;
2023-06-04;domingo ;07:35:00;COM VÍTIMA;JORDAO;RUA;RUA DR ALVARO FERRAZ;;;TERMINAL DO JORDÃO BAIXO;JORDAO;;;ATROPELAMENTO DE PESSOA;1;0;0;0;1;0;0;0;0;1;0;;;;;;;;;;;;;
2023-06-04;domingo ;07:44:00;COM VÍTIMA;BEBERIBE;AVENIDA;AVENIDA BEBERIBE;;;BISNOVE / ATACADÃO DOS PNEUS;BEBERIBE;;;COLISÃO LATERAL;1;1;0;0;0;0;0;0;0;1;0;;;;;;;;;;;;;
2023-06-05;segunda-feira ;07:28:00;COM VÍTIMA;AFOGADOS;RUA;RUA COSME VIANA;;;EM FRENTE A TUPAN;AFOGADOS;;;COLISÃO LATERAL;1;1;0;0;0;0;0;0;0;1;0;;;;;;;;;;;;;
2023-06-05;segunda-feira ;07:45:00;COM VÍTIMA;ENCRUZILHADA;AVENIDA;AVENIDA BEBERIBE;;;EM FRENTE A DROGASIL;ENCRUZILHADA;;;COLISÃO FRONTAL;2;1;0;0;0;0;0;0;0;1;0;;;;;;;;;;;;;
2023-06-05;segunda-feira ;07:55:00;COM VÍTIMA;IBURA;AVENIDA;AVENIDA PRESIDENTE DUTRA;;;PROX. AO RESTAURANTE SAL E BRASA;IBURA;;;COLISÃO FRONTAL;1;1;0;0;0;0;0;0;0;2;0;;;;;;;;;;;;;
2023-06-05;segunda-feira ;08:51:00;VÍTIMA FATAL;IMBIRIBEIRA;AVENIDA;AVENIDA MARECHAL MASCARENHAS DE MORAES;;;PROX. VICENTE VANS, SENT JABOATÃO;IMBIRIBEIRA;;;CHOQUE;0;1;0;0;0;0;0;0;0;1;1;;;;;;;;;;;;;
2023-06-05;segunda-feira ;12:05:00;COM VÍTIMA;BOA VIAGEM;RUA;RUA ANTONIO FALCAO;;;DEBAIXO DA VIA MANGUE;BOA VIAGEM;;;COLISÃO LATERAL;1;1;0;0;0;0;0;0;0;2;0;;;;;;;;;;;;;
2023-06-05;segunda-feira ;01:00:00;COM VÍTIMA;IMBIRIBEIRA;RUA;RUA ARQUITETO LUIZ NUNES;;;;IMBIRIBEIRA;;;COLISÃO LATERAL;0;0;0;0;0;0;0;0;0;1;0;;;;;;;;;;;;;
2023-06-05;segunda-feira ;01:13:00;COM VÍTIMA;TORRE;RUA;RUA PIO IX;;;EM FRENTE AO EDIFICIO MARIA RAQUEL;TORRE;;;COLISÃO LATERAL;1;1;0;0;0;0;0;0;0;1;0;;;;;;;;;;;;;
2023-06-05;segunda-feira ;02:04:00;COM VÍTIMA;IMBIRIBEIRA;RUA;RUA ARQUITETO LUIZ NUNES;;;ESCOLA ANITA GARIBALDI;IMBIRIBEIRA;;;COLISÃO LATERAL;1;1;0;0;0;0;0;0;0;1;0;;;;;;;;;;;;;
2023-06-05;segunda-feira ;02:11:00;COM VÍTIMA;MADALENA;RUA;RUA DEMOCRITO DE SOUZA FILHO;;;;MADALENA;;;COLISÃO LATERAL;0;0;0;0;0;0;0;0;0;1;0;;;;;;;;;;;;;
2023-06-05;segunda-feira ;04:07:00;COM VÍTIMA;TAMARINEIRA;AVENIDA;AVENIDA NORTE MIGUEL ARRAES DE ALENCAR;RUA;RUA JOSE CARVALHEIRA;PROX A FARIAS E ROCHA ADVOCACIA  VT  06 ESTA NO LOCAL;TAMARINEIRA;;;COLISÃO LATERAL;1;1;0;0;0;0;0;0;0;2;0;;;;;;;;;;;;;
2023-06-05;segunda-feira ;04:39:00;COM VÍTIMA;IBURA;RUA;RUA DR BENIGNO JORDAO DE VASCONCELOS;;;DEPOSITO DO POBREZINHO;IBURA;;;COLISÃO LATERAL;0;0;0;0;0;0;0;0;0;3;0;;;;;;;;;;;;;
2023-06-05;segunda-feira ;05:43:00;COM VÍTIMA;CASA AMARELA;RUA;RUA MAJOR NEREU GUERRA;;;COLEGIO PADRE MACHADO;CASA AMARELA;;;COLISÃO LATERAL;1;1;0;0;0;0;0;0;0;2;0;;;;;;;;;;;;;
2023-06-05;segunda-feira ;05:49:00;COM VÍTIMA;IMBIRIBEIRA;AVENIDA;AVENIDA PINHEIROS;;;NO TERMINAL DAS VANS;IMBIRIBEIRA;;;COLISÃO FRONTAL;1;1;0;0;0;0;0;0;0;1;0;;;;;;;;;;;;;
2023-06-05;segunda-feira ;06:58:00;COM VÍTIMA;IMBIRIBEIRA;AVENIDA;AVENIDA MARECHAL MASCARENHAS DE MORAES;;;EM FRENTE A FERREIRA COSTA;IMBIRIBEIRA;385;;COLISÃO TRASEIRA;1;1;0;0;0;0;0;0;0;2;0;;;;;;;;;;;;;
2023-06-05;segunda-feira ;11:36:00;COM VÍTIMA;AFLITOS;AVENIDA;AVENIDA CONS ROSA E SILVA;RUA;RUA CAPITAO SAMPAIO XAVIER;NA ESQUINA DO BOMPREÇO;AFLITOS;;;COLISÃO TRASEIRA;1;1;0;0;0;0;0;0;0;1;0;;;;;;;;;;;;;
2023-06-06;terça-feira ;07:01:00;COM VÍTIMA;MACAXEIRA;AVENIDA;AVENIDA NORTE MIGUEL ARRAES DE ALENCAR;;;PROX A INTEGRAÇÃO SENT. MACAXEIRA;MACAXEIRA;;;QUEDA;0;1;0;0;0;0;0;0;0;1;0;;;;;;;;;;;;;
2023-06-06;terça-feira ;08:44:00;COM VÍTIMA;ILHA DO RETIRO;EST;EST DOS REMEDIOS;;;EM FRENTE AO HYUNDAI;ILHA DO RETIRO;;;COLISÃO COM CICLISTA;0;0;0;1;0;1;0;0;0;1;0;;;;;;;;;;;;;
2023-06-06;terça-feira ;09:11:00;COM VÍTIMA;AREIAS;AVENIDA;AVENIDA TAPAJOS;;;PROX. AO FUSAM;AREIAS;;;COLISÃO LATERAL;0;2;0;0;0;0;0;0;0;2;0;;;;;;;;;;;;;
2023-06-06;terça-feira ;09:12:00;COM VÍTIMA;LINHA DO TIRO;RUA;RUA PROFESSOR JOSE AMARINO DOS REIS;;;;LINHA DO TIRO;;;COLISÃO LATERAL;1;1;0;0;0;0;0;0;0;2;0;;;;;;;;;;;;;
2023-06-06;terça-feira ;10:11:00;COM VÍTIMA;CAXANGA;AVENIDA;AVENIDA CAXANGA;;;EM FRENTE AO GOLF CLUB;CAXANGA;;;COLISÃO TRASEIRA;0;2;0;0;0;0;0;0;0;1;0;;;;;;;;;;;;;
2023-06-06;terça-feira ;10:31:00;COM VÍTIMA;BARRO;AVENIDA;AVENIDA DR JOSE RUFINO;;;PROX. COLEGIO IMACULADA CONCEIÇÃO;BARRO;;;COLISÃO LATERAL;0;3;0;0;0;0;0;0;0;1;0;;;;;;;;;;;;;
2023-06-06;terça-feira ;10:45:00;COM VÍTIMA;GRACAS;RUA;RUA DAS CREOULAS;;;;GRACAS;;;COLISÃO TRASEIRA;1;1;0;0;0;0;0;0;0;1;0;;;;;;;;;;;;;
2023-06-06;terça-feira ;01:28:00;COM VÍTIMA;IPUTINGA;AVENIDA;AVENIDA CAXANGA;;;PROX A IGREJA DO CORDEIRO  S/T CID;IPUTINGA;;;COLISÃO LATERAL;1;1;0;0;0;0;0;0;0;1;0;;;;;;;;;;;;;
2023-06-06;terça-feira ;01:28:00;COM VÍTIMA;PONTO DE PARADA;RUA;RUA MEM DE SA;;;EM FRENTE A RM TERCEIRIZAÇÃO;PONTO DE PARADA;;;COLISÃO LATERAL;1;1;0;0;0;0;0;0;0;2;0;;;;;;;;;;;;;
2023-06-06;terça-feira ;02:57:00;SEM VÍTIMA;CAMPO GRANDE;EST;EST DE BELEM;RUA;RUA FONSECA OLIVEIRA;EM FRENTE AO SEMAFORO Nº 504;CAMPO GRANDE;504;CIDADE;COLISÃO TRASEIRA;2;0;0;0;0;0;0;1;0;0;0;;;;;;;;;;;;;
2023-06-06;terça-feira ;04:27:00;COM VÍTIMA;ESTANCIA;AVENIDA;AVENIDA RECIFE;;;NO VIADUTO DO METRO SANTA LUZIA;ESTANCIA;;;COLISÃO TRASEIRA;0;2;0;0;0;0;0;0;0;2;0;;;;;;;;;;;;;
2023-06-06;terça-feira ;11:59:00;COM VÍTIMA;PINA;PTE;PTE GOVERNADOR PAULO GUERRA;;;SOBRE A PONTE;PINA;;;TOMBAMENTO;1;0;0;0;0;0;0;0;0;1;0;;;;;;;;;;;;;
2023-06-07;quarta-feira ;08:50:00;COM VÍTIMA;AFOGADOS;RUA;RUA COSME VIANA;;;EM FRENTE AO EROS HOTEL;AFOGADOS;;;COLISÃO COM CICLISTA;0;1;0;1;0;0;0;0;0;1;0;;;;;;;;;;;;;
2023-06-07;quarta-feira ;10:11:00;COM VÍTIMA;BOA VIAGEM;AVENIDA;AVENIDA CONSELHEIRO AGUIAR;;;EM FRENTE A CLINICA MAIS;BOA VIAGEM;;;CHOQUE;1;0;0;0;0;0;0;0;0;1;0;;;;;;;;;;;;;
2023-06-07;quarta-feira ;11:16:00;SEM VÍTIMA;SAO JOSE;CAIS;CAIS SANTA RITA;;;PONTE GIRATORIA;SAO JOSE;473;CIDADE;COLISÃO TRASEIRA;2;0;0;0;0;0;0;0;0;0;0;;;;;;;;;;;;;
2023-06-07;quarta-feira ;11:54:00;COM VÍTIMA;AFOGADOS;AVENIDA;AVENIDA SUL;RUA;RUA NICOLAU PEREIRA;APOS A ESTAÇÃO LARGO DA PAZ;AFOGADOS;;;QUEDA;0;1;0;0;0;0;0;0;0;2;0;;;;;;;;;;;;;
2023-06-07;quarta-feira ;02:34:00;SEM VÍTIMA;SAN MARTIN;AVENIDA;AVENIDA RECIFE;;;EM FRENTE AO Nº 5680;SAN MARTIN;;SUBURBIO;COLISÃO TRASEIRA;2;0;0;0;0;0;0;1;0;0;0;;;;;;;;;;;;;
2023-06-07;quarta-feira ;04:44:00;COM VÍTIMA;BOA VIAGEM;AVENIDA;AVENIDA ENGENHEIRO DOMINGOS FERREIRA;;;EM FRENTE AO SUPERMERCADO ZEPPELIN;BOA VIAGEM;;;COLISÃO TRASEIRA;1;1;0;0;0;0;0;0;0;1;0;;;;;;;;;;;;;
2023-06-07;quarta-feira ;04:55:00;SEM VÍTIMA;SANTO AMARO;AVENIDA;AVENIDA NORTE MIGUEL ARRAES DE ALENCAR;;;;SANTO AMARO;243;;COLISÃO TRASEIRA;0;0;0;0;0;0;1;1;0;0;0;;;;;;;;;;;;;
2023-06-07;quarta-feira ;06:06:00;COM VÍTIMA;ILHA DO RETIRO;AVENIDA;AVENIDA ENGENHEIRO ABDIAS DE CARVALHO;;;EM FRENTE AO POSTO SHELL;ILHA DO RETIRO;;;ATROPELAMENTO DE PESSOA;0;1;0;0;1;0;0;0;0;1;0;;;;;;;;;;;;;
2023-06-07;quarta-feira ;06:19:00;COM VÍTIMA;AGUA FRIA;EST;EST VELHA DE AGUA FRIA;;;EM FRENTE AO COMERCIAL DE FRIOS;AGUA FRIA;;;COLISÃO COM CICLISTA;0;1;0;1;0;0;0;0;0;2;0;;;;;;;;;;;;;
2023-06-08;quinta-feira ;04:24:00;COM VÍTIMA;MADALENA;AVENIDA;AVENIDA JOSE GONCALVES DE MEDEIROS;EST;EST DOS REMEDIOS;SEMAFARO 353;MADALENA;353;;COLISÃO TRANSVERSAL;1;0;0;0;0;1;0;0;0;1;0;;;;;;;;;;;;;
2023-06-08;quinta-feira ;07:24:00;COM VÍTIMA;IBURA;AVENIDA;AVENIDA DOIS RIOS;;;EM FRENTE A DOIS RIOS REFRIGERAÇÃO;IBURA;;;COLISÃO FRONTAL;2;1;0;0;0;0;0;0;0;1;0;;;;;;;;;;;;;
2023-06-08;quinta-feira ;10:12:00;COM VÍTIMA;JARDIM SAO PAULO;RUA;RUA LEANDRO BARRETO;;;PROX AO COLEGIO MONTE LIBANO;JARDIM SAO PAULO;;;COLISÃO LATERAL;1;1;0;0;0;0;0;0;0;1;0;;;;;;;;;;;;;
2023-06-08;quinta-feira ;11:18:00;SEM VÍTIMA;ILHA DO LEITE;AVENIDA;AVENIDA GOVERNADOR AGAMENON MAGALHAES;;;HOSPITAL PORTUGUÊS;ILHA DO LEITE;;SUBURBIO;COLISÃO TRASEIRA;2;0;0;0;0;0;0;0;0;0;0;;;;;;;;;;;;;
2023-06-08;quinta-feira ;11:47:00;COM VÍTIMA;ESPINHEIRO;RUA;RUA BUENOS AYRES;;;ESQUINA COM SANTANDER SELECT;ESPINHEIRO;;;COLISÃO TRASEIRA;1;1;0;0;0;0;0;0;0;1;0;;;;;;;;;;;;;
2023-06-08;quinta-feira ;01:24:00;COM VÍTIMA;CORDEIRO;AVENIDA;AVENIDA GENERAL SAN MARTIN;;;PROXIMO A FARMACIA PAGUE MENOS;CORDEIRO;;;COLISÃO LATERAL;1;1;0;0;0;0;0;0;0;1;0;;;;;;;;;;;;;
2023-06-08;quinta-feira ;01:28:00;SEM VÍTIMA;BOA VISTA;AVENIDA;AVENIDA GOVERNADOR AGAMENON MAGALHAES;AVENIDA;AVENIDA RUI BARBOSA;AO COLEGIO AMERICANO BATISTA;BOA VISTA;37;CIDADE;COLISÃO TRASEIRA;1;0;0;0;0;0;0;1;0;0;0;;;;;;;;;;;;;
2023-06-08;quinta-feira ;02:39:00;COM VÍTIMA;GRACAS;RUA;RUA AMELIA;;;E/F AO GALETO AMELIA  E A LOJA AREZZO;GRACAS;;;COLISÃO LATERAL;1;1;0;0;0;0;0;0;0;1;0;;;;;;;;;;;;;
2023-06-08;quinta-feira ;05:10:00;COM VÍTIMA;COHAB;RUA;RUA SOLDADO VIRGILIO LUCIO;;;;COHAB;;;COLISÃO FRONTAL;0;1;0;0;0;0;0;0;0;1;0;;;;;;;;;;;;;
2023-06-08;quinta-feira ;06:14:00;COM VÍTIMA;BOA VIAGEM;RUA;RUA ERNESTO DE PAULA SANTOS;;;EM FRENTE AO VERDE FRUTTI;BOA VIAGEM;;;COLISÃO FRONTAL;1;1;0;0;0;0;0;0;0;1;0;;;;;;;;;;;;;
2023-06-08;quinta-feira ;06:44:00;COM VÍTIMA;CAXANGA;AVENIDA;AVENIDA CAXANGA;;;EM FRENTE A FACULDADE SANTA HELENA;CAXANGA;;SUBURBIO;COLISÃO LATERAL;1;1;0;0;0;0;0;0;0;1;0;;;;;;;;;;;;;
2023-06-08;quinta-feira ;07:00:00;COM VÍTIMA;IMBIRIBEIRA;AVENIDA;AVENIDA MARECHAL MASCARENHAS DE MORAES;;;PROX AO BANCO ITAU;IMBIRIBEIRA;225;;COLISÃO LATERAL;1;1;0;0;0;0;0;0;0;1;0;;;;;;;;;;;;;
2023-06-08;quinta-feira ;07:09:00;COM VÍTIMA;APIPUCOS;RUA;RUA DOIS IRMAOS;;;PROX AO MOTEL SENZALA;APIPUCOS;;;COLISÃO LATERAL;1;1;0;0;0;0;0;0;0;1;0;;;;;;;;;;;;;
2023-06-08;quinta-feira ;10:29:00;SEM VÍTIMA;CASA AMARELA;AVENIDA;AVENIDA NORTE MIGUEL ARRAES DE ALENCAR;;;OPOSTO A IMÓVEL DE NÚMERO 4616 , PRÓXIMO AO SEMÁFORO DE NÚMERO 096;CASA AMARELA;96;CIDADE;COLISÃO TRASEIRA;1;0;0;0;0;0;0;1;0;0;0;;;;;;;;;;;;;
2023-06-08;quinta-feira ;10:37:00;COM VÍTIMA;CASA AMARELA;RUA;RUA PAULA BATISTA;;;IGREJA BATISTA DE CASA AMARELA;CASA AMARELA;136;;COLISÃO FRONTAL;0;1;0;0;0;1;0;0;0;1;0;;;;;;;;;;;;;
2023-06-09;sexta-feira ;08:15:00;COM VÍTIMA;ZUMBI;RUA;RUA CONS THEODORO;RUA;RUA PARAGUASSU;PROXIMO A GALERIA PARAGUASSU;ZUMBI;;;COLISÃO FRONTAL;1;1;0;0;0;0;0;0;0;1;0;;;;;;;;;;;;;
2023-06-09;sexta-feira ;09:41:00;SEM VÍTIMA;SANTO AMARO;AVENIDA;AVENIDA DR JAYME DA FONTE;;;EM FRENTE A COMPESA;SANTO AMARO;;;COLISÃO FRONTAL;3;0;0;0;0;0;0;0;0;0;0;;;;;;;;;;;;;
2023-06-09;sexta-feira ;11:30:00;COM VÍTIMA;SAO JOSE;RUA;RUA TOBIAS BARRETO;;;;SAO JOSE;;;;0;1;0;0;0;0;0;0;0;1;0;;;;;;;;;;;;;
2023-06-09;sexta-feira ;11:32:00;COM VÍTIMA;BOA VIAGEM;AVENIDA;AVENIDA ENGENHEIRO DOMINGOS FERREIRA;RUA;RUA TOME GIBSON;PROX. AO ARMAZEM BOA VIAGEM;BOA VIAGEM;;;COLISÃO FRONTAL;1;1;0;0;0;0;0;0;0;1;0;;;;;;;;;;;;;
2023-06-09;sexta-feira ;01:14:00;COM VÍTIMA;MACAXEIRA;AVENIDA;AVENIDA NORTE MIGUEL ARRAES DE ALENCAR;;;SEMÁFORO 424;MACAXEIRA;;;COLISÃO TRASEIRA;1;1;0;0;0;0;0;0;0;1;0;;;;;;;;;;;;;
2023-06-09;sexta-feira ;01:30:00;COM VÍTIMA;PINA;RUA;RUA TOME GIBSON;AVENIDA;AVENIDA ENGENHEIRO DOMINGOS FERREIRA;E/F A ESCOLA FRANCISCO OSVALDO;PINA;;;COLISÃO LATERAL;1;1;0;0;0;0;0;0;0;1;0;;;;;;;;;;;;;
2023-06-09;sexta-feira ;02:54:00;COM VÍTIMA;BAIRRO DO RECIFE;CAIS;CAIS DO APOLO;;;EM FRENTE AO BANCO DO BRASIL;BAIRRO DO RECIFE;;;ATROPELAMENTO DE PESSOA;0;0;0;0;1;1;0;0;0;1;0;;;;;;;;;;;;;
2023-06-09;sexta-feira ;03:00:00;COM VÍTIMA;CAXANGA;AVENIDA;AVENIDA CAXANGA;;;LIDER GÁS;CAXANGA;;;COLISÃO LATERAL;1;1;0;0;0;0;0;0;0;1;0;;;;;;;;;;;;;
2023-06-09;sexta-feira ;05:53:00;COM VÍTIMA;IMBIRIBEIRA;RUA;RUA ARQUITETO LUIZ NUNES;;;NO SEMAFORO 537;IMBIRIBEIRA;;;ATROPELAMENTO DE PESSOA;0;1;0;0;1;0;0;0;0;1;0;;;;;;;;;;;;;
2023-06-09;sexta-feira ;09:36:00;COM VÍTIMA;TORRE;RUA;RUA MARQUES DE MARICA;RUA;RUA SOUZA BANDEIRA;;TORRE;317;;COLISÃO TRANSVERSAL;1;1;0;0;0;0;0;0;0;1;0;;;;;;;;;;;;;
2023-06-09;sexta-feira ;10:10:00;COM VÍTIMA;SANTO AMARO;AVENIDA;AVENIDA CRUZ CABUGA;AVENIDA;AVENIDA MARIO MELO;SEMAFORO 171;SANTO AMARO;171;;COLISÃO TRANSVERSAL;1;1;0;0;0;0;0;0;0;1;0;;;;;;;;;;;;;
2023-06-09;sexta-feira ;11:14:00;COM VÍTIMA;TORREAO;AVENIDA;AVENIDA NORTE MIGUEL ARRAES DE ALENCAR;;;EM FRENTE A CHURRASCARIA LEITÃO;TORREAO;56;;COLISÃO TRANSVERSAL;2;0;0;0;0;0;0;0;0;2;0;;;;;;;;;;;;;
2023-06-10;sábado ;12:14:00;COM VÍTIMA;CASA FORTE;AVENIDA;AVENIDA DEZESSETE DE AGOSTO;;;EM FRENTE DA OFICINA CABROM;CASA FORTE;;SU;COLISÃO TRANSVERSAL;1;1;0;0;0;0;0;0;0;1;0;;;;;;;;;;;;;
2023-06-10;sábado ;04:06:00;SEM VÍTIMA;IMBIRIBEIRA;RUA;RUA ENGENHEIRO JOSE BRANDAO CAVALCANTE;;;COM A RUA ARQUITETO LUIZ  NUNES;IMBIRIBEIRA;;;COLISÃO FRONTAL;2;0;0;0;0;0;0;0;0;0;0;;;;;;;;;;;;;
2023-06-10;sábado ;06:20:00;COM VÍTIMA;SAO JOSE;RUA;RUA PADRE FLORIANO;;;EM FRENTE A CASA DA CULTURA;SAO JOSE;;;CHOQUE;1;0;0;0;0;0;0;0;0;1;0;;;;;;;;;;;;;
2023-06-10;sábado ;06:32:00;COM VÍTIMA;ESTANCIA;RUA;RUA ROCHA POMBO;;;POR TRAS DA ESTAÇÃO SANTA LUZIA;ESTANCIA;;;QUEDA;0;1;0;0;0;0;0;0;0;1;0;;;;;;;;;;;;;
2023-06-10;sábado ;08:07:00;COM VÍTIMA;AREIAS;AVENIDA;AVENIDA DR JOSE RUFINO;;;EM FRENTE AO HOSPITAL MARIA VITORIA;AREIAS;;;COLISÃO TRASEIRA;2;1;0;0;0;0;0;0;0;2;0;;;;;;;;;;;;;
2023-06-10;sábado ;08:09:00;COM VÍTIMA;BEBERIBE;AVENIDA;AVENIDA BEBERIBE;;;EM FRENTE A BORRACHARIA SÃO LUIZ;BEBERIBE;;;COLISÃO LATERAL;1;1;0;0;0;0;0;0;0;1;0;;;;;;;;;;;;;
2023-06-10;sábado ;09:17:00;COM VÍTIMA;BOA VIAGEM;RUA;RUA BALTAZAR PASSOS;;;;BOA VIAGEM;;;QUEDA;0;1;0;0;0;0;0;0;0;1;0;;;;;;;;;;;;;
2023-06-10;sábado ;09:21:00;COM VÍTIMA;IMBIRIBEIRA;AVENIDA;AVENIDA MARECHAL MASCARENHAS DE MORAES;;;DE ESQUINA COM AFERREIRA COSTA;IMBIRIBEIRA;;;COLISÃO TRASEIRA;0;2;0;0;0;0;0;0;0;4;0;;;;;;;;;;;;;
2023-06-10;sábado ;09:26:00;COM VÍTIMA;ILHA DO RETIRO;EST;EST DOS REMEDIOS;;;EM FRENTE A HYUNDAI DA ESTRADA DOS REMEDIOS;ILHA DO RETIRO;390;;COLISÃO LATERAL;1;1;0;0;0;0;0;0;0;2;0;;;;;;;;;;;;;
2023-06-10;sábado ;09:51:00;COM VÍTIMA;MADALENA;TUNEL;TUNEL DA ABOLICAO;;;DENTRO DO TUNEL;MADALENA;;;COLISÃO LATERAL;0;2;0;0;0;0;0;0;0;1;0;;;;;;;;;;;;;
2023-06-10;sábado ;11:06:00;COM VÍTIMA;CASA AMARELA;RUA;RUA PAULA BATISTA;;;EM FRENTE A ACADEMIA CONCEPT FIT;CASA AMARELA;;;COLISÃO LATERAL;2;1;0;0;0;0;0;0;0;1;0;;;;;;;;;;;;;
2023-06-10;sábado ;11:37:00;COM VÍTIMA;ESPINHEIRO;AVENIDA;AVENIDA GOVERNADOR AGAMENON MAGALHAES;;;EM FRENTE AO CREA PE;ESPINHEIRO;;;QUEDA;0;1;0;0;0;0;0;0;0;1;0;;;;;;;;;;;;;
2023-06-10;sábado ;11:39:00;COM VÍTIMA;CASA AMARELA;RUA;RUA PAULA BATISTA;;;;CASA AMARELA;;;COLISÃO LATERAL;0;0;0;0;0;0;0;0;0;1;0;;;;;;;;;;;;;
2023-06-10;sábado ;11:57:00;COM VÍTIMA;IMBIRIBEIRA;AVENIDA;AVENIDA MARECHAL MASCARENHAS DE MORAES;;;EM FRENTE A MADECENTER;IMBIRIBEIRA;;;COLISÃO FRONTAL;1;1;0;0;0;0;0;0;0;2;0;;;;;;;;;;;;;
2023-06-10;sábado ;12:14:00;COM VÍTIMA;ENCRUZILHADA;AVENIDA;AVENIDA BEBERIBE;;;AO LADO DA PAGUE MENOS, PRAÇA LARGO DA ENCRUZILHADA;ENCRUZILHADA;;;COLISÃO TRASEIRA;1;1;0;0;0;0;0;0;0;1;0;;;;;;;;;;;;;
2023-06-10;sábado ;01:11:00;COM VÍTIMA;IMBIRIBEIRA;AVENIDA;AVENIDA MARECHAL MASCARENHAS DE MORAES;;;AO LADO DO AEROPORTO  EM BAIXO DO VIADUTO;IMBIRIBEIRA;;;CHOQUE;0;1;0;0;0;0;0;0;0;1;0;;;;;;;;;;;;;
2023-06-10;sábado ;01:17:00;COM VÍTIMA;CASA FORTE;RUA;RUA LEONARDO BEZERRA CAVALCANTE;;;ANTIGO HIPER CASA FORTE;CASA FORTE;;;COLISÃO LATERAL;1;1;0;0;0;0;0;0;0;2;0;;;;;;;;;;;;;
2023-06-10;sábado ;01:48:00;COM VÍTIMA;AGUA FRIA;AVENIDA;AVENIDA BEBERIBE;;;E/F AO MAGAZINE LUIZA  AO LADO DO MERCADO DE AGUA FRIA;AGUA FRIA;;;COLISÃO LATERAL;1;1;0;0;0;0;0;0;0;1;0;;;;;;;;;;;;;
2023-06-10;sábado ;01:53:00;COM VÍTIMA;IBURA;AVENIDA;AVENIDA DOIS RIOS;;;FARMÁCIA PAGUE MENOS  NO SEMAFORO 323;IBURA;323;;COLISÃO LATERAL;1;1;0;0;0;0;0;0;0;1;0;;;;;;;;;;;;;
2023-06-10;sábado ;04:13:00;COM VÍTIMA;CAMPO GRANDE;EST;EST DE BELEM;;;E/F A DROGASIL;CAMPO GRANDE;;;COLISÃO LATERAL;1;1;0;0;0;0;0;0;0;1;0;;;;;;;;;;;;;
2023-06-11;domingo ;12:32:00;COM VÍTIMA;BARRO;RUA;RUA PADRE DIOGO RODRIGUES;;;ARMAZÉM ESQUINA DA CONSTRUÇÃO;BARRO;;;COLISÃO TRANSVERSAL;1;1;0;0;0;0;0;0;0;1;0;;;;;;;;;;;;;