data;dia_semana;hora;natureza;bairro;logradouro_endereco;endereco;logradouro_detalhe_endereço;detalhe_endereco_acidente;complemento;bairro_cruzamento;num_semaforo;sentido_via;tipo;auto;moto;ciclom;ciclista;pedestre;onibus;caminhao;viatura;outros;vitimas;vitimasfatais;acidente_verificado;tempo_clima;situacao_semaforo;sinalizacao;condicao_via;conservacao_via;ponto_controle;situacao_placa;velocidade_max_via;mao_direcao;divisao_via1;divisao_via2;divisao_via3
2023-06-11;domingo ;04:57:00;SEM VÍTIMA;ALTO SANTA TERESINHA;AVENIDA;AVENIDA ANIBAL BENEVOLO;;;;ALTO SANTA TERESINHA;;SUBURBIO;;1;0;0;0;0;0;0;1;0;0;0;;;;;;;;;;;;;
2023-06-11;domingo ;05:49:00;SEM VÍTIMA;DOIS IRMAOS;RUA;RUA DOIS IRMAOS;;;PRÓXIMO A ARENA DOIS IRMÃOS;DOIS IRMAOS;;CIDADE;COLISÃO TRASEIRA;2;0;0;0;0;0;0;0;0;0;0;;;;;;;;;;;;;
2023-06-11;domingo ;07:30:00;COM VÍTIMA;TEJIPIO;AVENIDA;AVENIDA PADRE IBIAPINA;;;;TEJIPIO;;;COLISÃO FRONTAL;0;1;0;0;0;0;0;0;0;1;0;;;;;;;;;;;;;
2023-06-11;domingo ;07:53:00;SEM VÍTIMA;IMBIRIBEIRA;AVENIDA;AVENIDA MARECHAL MASCARENHAS DE MORAES;;;EM FRENTE AO AEROPORTO INTERNACIONAL DO RECIFE;IMBIRIBEIRA;;SUBURBIO;;2;0;0;0;0;0;0;0;0;0;0;;;;;;;;;;;;;
2023-06-11;domingo ;08:08:00;COM VÍTIMA;TEJIPIO;AVENIDA;AVENIDA PADRE IBIAPINA;;;PROX A IAGREJA DO GALO;TEJIPIO;;;COLISÃO LATERAL;1;1;0;0;0;0;0;0;0;1;0;;;;;;;;;;;;;
2023-06-11;domingo ;08:13:00;SEM VÍTIMA;DERBY;AVENIDA;AVENIDA GOVERNADOR AGAMENON MAGALHAES;RUA;RUA HENRIQUE DIAS;SEMÁFORO 068;DERBY;68;SUBURBIO;CHOQUE;1;0;0;0;0;0;0;0;0;0;0;;;;;;;;;;;;;
2023-06-12;segunda-feira ;12:50:00;SEM VÍTIMA;SANTO ANTONIO;AVENIDA;AVENIDA DANTAS BARRETO;AVENIDA;AVENIDA GUARARAPES;SEMAFORO Nº 015;SANTO ANTONIO;15;;COLISÃO LATERAL;0;0;0;0;0;1;0;0;1;0;0;;;;;;;;;;;;;
2023-06-12;segunda-feira ;08:57:00;SEM VÍTIMA;COELHOS;RUA;RUA DOS COELHOS;RUA;RUA PADRE VENANCIO;UNIDADE DE SAÚDE DA FAMÍLIA COELHOS;COELHOS;;CIDADE;;1;0;0;0;0;1;0;0;0;0;0;;;;;;;;;;;;;
2023-06-12;segunda-feira ;09:23:00;COM VÍTIMA;SAO JOSE;AVENIDA;AVENIDA SUL;;;;SAO JOSE;;;COLISÃO TRASEIRA;0;0;0;0;0;0;0;0;0;1;0;;;;;;;;;;;;;
2023-06-12;segunda-feira ;10:02:00;COM VÍTIMA;CORDEIRO;RUA;RUA AMALIA;;;;CORDEIRO;;;COLISÃO COM CICLISTA;0;1;0;1;0;0;0;0;0;1;0;;;;;;;;;;;;;
2023-06-12;segunda-feira ;01:07:00;COM VÍTIMA;BOA VISTA;RUA;RUA JOAO FERNANDES VIEIRA;;;;BOA VISTA;;;COLISÃO FRONTAL;0;1;0;0;0;0;0;0;0;1;0;;;;;;;;;;;;;
2023-06-12;segunda-feira ;02:37:00;COM VÍTIMA;PINA;AVENIDA;AVENIDA HERCULANO BANDEIRA;;;ATACADÃP DA CONSTRUÇÃO;PINA;;;COLISÃO LATERAL;1;1;0;0;0;0;0;0;0;1;0;;;;;;;;;;;;;
2023-06-12;segunda-feira ;03:05:00;COM VÍTIMA;PINA;AVENIDA;AVENIDA HERCULANO BANDEIRA;;;ATACADÃP DA CONSTRUÇÃO;PINA;;;COLISÃO LATERAL;1;1;0;0;0;0;0;0;0;1;0;;;;;;;;;;;;;
2023-06-12;segunda-feira ;03:29:00;COM VÍTIMA;MADALENA;AVENIDA;AVENIDA JOSE GONCALVES DE MEDEIROS;;;EM FRENTE AO ESTACIONAMENTO DO ANTIGO EXTRA E A CARLITOS BURGUER;MADALENA;;;COLISÃO FRONTAL;1;1;0;0;0;0;0;0;0;1;0;;;;;;;;;;;;;
2023-06-12;segunda-feira ;06:36:00;COM VÍTIMA;ILHA DO RETIRO;EST;EST DOS REMEDIOS;;;CEMEVE - CENTRO ESPECIALIZADO EM MEDICINA VETERINARIA;ILHA DO RETIRO;;;COLISÃO LATERAL;1;1;0;0;0;0;0;0;0;1;0;;;;;;;;;;;;;
2023-06-12;segunda-feira ;09:07:00;COM VÍTIMA;IPUTINGA;AVENIDA;AVENIDA CAXANGA;;;EM FRENTE A ESCOLA TECNICA ESTADUAL ETE;IPUTINGA;;CIDADE;ATROPELAMENTO DE PESSOA;1;0;0;0;1;0;0;0;0;1;0;;;;;;;;;;;;;
2023-06-13;terça-feira ;07:22:00;COM VÍTIMA;IMBIRIBEIRA;AVENIDA;AVENIDA MARECHAL MASCARENHAS DE MORAES;;;EM FRENTE AO AEROPORTO;IMBIRIBEIRA;;;COLISÃO TRASEIRA;0;1;0;0;0;1;0;0;0;1;0;;;;;;;;;;;;;
2023-06-13;terça-feira ;08:02:00;COM VÍTIMA;JORDAO;RUA;RUA NOVA CANAA;;;PROX AO TERMINAL DE ONIBUS DE JORDÃO BAIXO;JORDAO;;;ATROPELAMENTO DE PESSOA;0;1;0;0;2;0;0;0;0;3;0;;;;;;;;;;;;;
2023-06-13;terça-feira ;08:21:00;COM VÍTIMA;IMBIRIBEIRA;AVENIDA;AVENIDA MARECHAL MASCARENHAS DE MORAES;;;EM FRENTE AO VENEZA CONSTRUÇÃO;IMBIRIBEIRA;;;COLISÃO TRASEIRA;1;1;0;0;0;0;0;0;0;1;0;;;;;;;;;;;;;
2023-06-13;terça-feira ;09:14:00;COM VÍTIMA;PRADO;RUA;RUA ALFREDO PEREIRA BORBA;;;;PRADO;;;COLISÃO FRONTAL;0;1;0;0;0;0;0;0;0;1;0;;;;;;;;;;;;;
2023-06-13;terça-feira ;09:28:00;COM VÍTIMA;CASA AMARELA;AVENIDA;AVENIDA NORTE MIGUEL ARRAES DE ALENCAR;;;PRÓXIMO AO SUPERMERCADO DESKONTÃO;CASA AMARELA;;;ATROPELAMENTO DE PESSOA;0;1;0;0;1;0;0;0;0;1;0;;;;;;;;;;;;;
2023-06-13;terça-feira ;12:57:00;COM VÍTIMA;ARRUDA;RUA;RUA ZEFERINO AGRA;;;;ARRUDA;;;COLISÃO LATERAL;0;2;0;0;0;0;0;0;0;1;0;;;;;;;;;;;;;
2023-06-13;terça-feira ;02:01:00;COM VÍTIMA;SANTO AMARO;AVENIDA;AVENIDA CRUZ CABUGA;;;EM FRENTE A SANTA CASA;SANTO AMARO;;RECIFE;COLISÃO TRASEIRA;0;1;0;0;0;1;0;0;0;1;0;;;;;;;;;;;;;
2023-06-13;terça-feira ;06:18:00;COM VÍTIMA;VASCO DA GAMA;RUA;RUA DOIS DE FEVEREIRO;;;PROX AO LAR DO DOM LUIZ;VASCO DA GAMA;;;ATROPELAMENTO DE PESSOA;1;0;0;0;1;0;0;0;0;1;0;;;;;;;;;;;;;
2023-06-13;terça-feira ;07:25:00;COM VÍTIMA;IPUTINGA;PRC;PRC BOM PASTOR;;;AO LADO DO BOM PASTOR NO CRUZAMENTO;IPUTINGA;;;COLISÃO COM CICLISTA;1;0;0;1;0;0;0;0;0;1;0;;;;;;;;;;;;;
2023-06-13;terça-feira ;09:43:00;COM VÍTIMA;ESTANCIA;AVENIDA;AVENIDA RECIFE;;;LADO OPOSTO AO HOTEL ESTORIL;ESTANCIA;;;COLISÃO TRASEIRA;0;2;0;0;0;0;0;0;0;3;0;;;;;;;;;;;;;
2023-06-14;quarta-feira ;08:37:00;COM VÍTIMA;SANTO AMARO;RUA;RUA AURORA;;;PONTE DO LIMOEIRO;SANTO AMARO;243;CIDADE;COLISÃO LATERAL;1;1;0;0;0;0;0;0;0;1;0;;;;;;;;;;;;;
2023-06-14;quarta-feira ;08:01:00;COM VÍTIMA;AFOGADOS;RUA;RUA VINTE E UM DE ABRIL;;;EM FRENTE A LA FAIETE MODAS;AFOGADOS;;;COLISÃO TRASEIRA;0;2;0;0;0;0;0;0;0;3;0;;;;;;;;;;;;;
2023-06-14;quarta-feira ;08:43:00;COM VÍTIMA;PRADO;RUA;RUA CARLOS GOMES;;;EM FRENTE A CLINICA AME SAUDE;PRADO;;;COLISÃO TRASEIRA;1;1;0;0;0;0;0;0;0;1;0;;;;;;;;;;;;;
2023-06-14;quarta-feira ;09:15:00;COM VÍTIMA;MACAXEIRA;AVENIDA;AVENIDA NORTE MIGUEL ARRAES DE ALENCAR;AVENIDA;AVENIDA JOSE AMERICO DE ALMEIDA;EM FRENTE AO PARUQE DA MACAXEIRA;MACAXEIRA;671;;COLISÃO LATERAL;0;1;0;0;0;1;0;0;0;1;0;;;;;;;;;;;;;
2023-06-14;quarta-feira ;09:59:00;COM VÍTIMA;ESTANCIA;RUA;RUA MORAIS E SILVA;;;PROX A CRECHE NOSSO SENHOR JESUS DO BONFIM;ESTANCIA;;;COLISÃO LATERAL;1;1;0;0;0;0;0;0;0;1;0;;;;;;;;;;;;;
2023-06-14;quarta-feira ;10:01:00;COM VÍTIMA;IPSEP;RUA;RUA MACHADO DE ASSIS;;;;IPSEP;;;COLISÃO LATERAL;0;1;0;0;0;0;0;0;0;5;0;;;;;;;;;;;;;
2023-06-14;quarta-feira ;10:09:00;COM VÍTIMA;VARZEA;AVENIDA;AVENIDA CAXANGA;;;EM FRENTE AO GOLF CLUBE;VARZEA;;;QUEDA;0;1;0;0;0;0;0;0;0;1;0;;;;;;;;;;;;;
2023-06-14;quarta-feira ;10:17:00;COM VÍTIMA;CASA AMARELA;AVENIDA;AVENIDA NORTE MIGUEL ARRAES DE ALENCAR;;;;CASA AMARELA;;;COLISÃO FRONTAL;0;1;0;0;0;0;0;0;0;1;0;;;;;;;;;;;;;
2023-06-14;quarta-feira ;10:23:00;SEM VÍTIMA;BOA VISTA;RUA;RUA DO PRINCIPE;;;PRÓXIMO À UNICAP;BOA VISTA;;CIDADE;COLISÃO TRASEIRA;1;0;0;0;0;0;0;1;0;0;0;;;;;;;;;;;;;
2023-06-14;quarta-feira ;11:32:00;COM VÍTIMA;BOA VISTA;AVENIDA;AVENIDA JOAO DE BARROS;RUA;RUA MONTE CASTELO;NO SEMAFORO 356;BOA VISTA;;;COLISÃO LATERAL;0;2;0;0;0;0;0;0;0;1;0;;;;;;;;;;;;;
2023-06-14;quarta-feira ;01:22:00;COM VÍTIMA;PRADO;AVENIDA;AVENIDA ENGENHEIRO ABDIAS DE CARVALHO;;;EM FRENTE A ENGEFRIO/ SENTIDO BR;PRADO;;;ATROPELAMENTO DE PESSOA;1;1;0;0;1;0;0;0;0;1;0;;;;;;;;;;;;;
2023-06-14;quarta-feira ;02:29:00;COM VÍTIMA;CORDEIRO;AVENIDA;AVENIDA CAXANGA;;;PROX AO HOSPITAL DO GETULIO  VARGAS E/F A DROGASIL  S/T SUB;CORDEIRO;;;COLISÃO COM CICLISTA;0;0;0;1;0;0;0;0;0;1;0;;;;;;;;;;;;;
2023-06-14;quarta-feira ;03:46:00;SEM VÍTIMA;PRADO;RUA;RUA RODRIGUES DE MENDONCA;RUA;RUA PANDIA CALOGERAS;EDF. CONDE DE SAUDIA;PRADO;;;COLISÃO TRANSVERSAL;1;0;0;0;0;0;0;1;0;0;0;;;;;;;;;;;;;
2023-06-14;quarta-feira ;06:33:00;COM VÍTIMA;BOA VIAGEM;AVENIDA;AVENIDA CONSELHEIRO AGUIAR;RUA;RUA PROFESSOR JOSE BRANDAO;EM FRENTE A EXTRAFARMA;BOA VIAGEM;;;COLISÃO TRASEIRA;1;1;0;0;0;0;0;0;0;1;0;;;;;;;;;;;;;
2023-06-14;quarta-feira ;09:23:00;SEM VÍTIMA;VARZEA;RUA;RUA JOSE EDUARDO MOURA;;;;VARZEA;;SUBURBIO;CHOQUE;1;0;0;0;0;0;1;0;0;0;0;;;;;;;;;;;;;
2023-06-15;quinta-feira ;07:24:00;COM VÍTIMA;CAMPO GRANDE;RUA;RUA MARQUES DE ABRANTES;RUA;RUA JERONIMO VILELA;EM FRENTE A CONFEITARIA SABOR DOCE;CAMPO GRANDE;;;COLISÃO LATERAL;1;1;0;0;0;0;0;0;0;1;0;;;;;;;;;;;;;
2023-06-15;quinta-feira ;08:30:00;COM VÍTIMA;TORREAO;AVENIDA;AVENIDA NORTE MIGUEL ARRAES DE ALENCAR;;;APOS AGAMENON VEICULO, NA SUBIDA DO VIADUTO SENT. CIDADE;TORREAO;;;COLISÃO TRASEIRA;1;1;0;0;0;0;0;0;0;1;0;;;;;;;;;;;;;
2023-06-15;quinta-feira ;10:08:00;SEM VÍTIMA;NOVA DESCOBERTA;AVENIDA;AVENIDA NORTE MIGUEL ARRAES DE ALENCAR;;;;NOVA DESCOBERTA;65;CIDADE;COLISÃO TRASEIRA;1;1;0;0;0;0;0;0;0;0;0;;;;;;;;;;;;;
2023-06-15;quinta-feira ;02:28:00;COM VÍTIMA;SANCHO;RUA;RUA APRIGIO GUIMARAES;;;PROTOCOLO DO SAMU S1389570;SANCHO;;;COLISÃO LATERAL;0;0;0;0;0;0;0;0;0;1;0;;;;;;;;;;;;;
2023-06-15;quinta-feira ;02:33:00;COM VÍTIMA;IPSEP;AVENIDA;AVENIDA RECIFE;;;E/F A CARLOS FILMES  E GILVAN DOS PARABRISAS;IPSEP;;;COLISÃO TRASEIRA;1;1;0;0;0;0;0;0;0;1;0;;;;;;;;;;;;;
2023-06-15;quinta-feira ;04:13:00;COM VÍTIMA;CAXANGA;AVENIDA;AVENIDA CAXANGA;;;PRÓXIMO AO PARQUE DE EXPOSIÇÕES DE ANIMAIS;CAXANGA;;;QUEDA;0;1;0;0;0;0;0;0;0;1;0;;;;;;;;;;;;;
2023-06-15;quinta-feira ;06:05:00;COM VÍTIMA;SAO JOSE;RUA;RUA FLORIANO PEIXOTO;;;ESTAÇÃO DO RECIFE;SAO JOSE;;;QUEDA;1;0;0;0;0;1;0;0;0;1;0;;;;;;;;;;;;;
2023-06-15;quinta-feira ;06:14:00;COM VÍTIMA;CORDEIRO;RUA;RUA PROFESSOR JOAQUIM XAVIER DE BRITO;;;;CORDEIRO;;;COLISÃO FRONTAL;1;1;0;0;0;0;0;0;0;1;0;;;;;;;;;;;;;
2023-06-15;quinta-feira ;07:41:00;COM VÍTIMA;DERBY;AVENIDA;AVENIDA GOVERNADOR AGAMENON MAGALHAES;;;DE FRENTE AO HOSPITAL MEMORIAL SÃO JOSÉ;DERBY;;;COLISÃO TRASEIRA;1;1;0;0;0;0;0;0;0;1;0;;;;;;;;;;;;;
2023-06-15;quinta-feira ;07:47:00;COM VÍTIMA;SAN MARTIN;RUA;RUA OUREM;;;CAVALARIA DA POLICIA MILITAR;SAN MARTIN;;;COLISÃO LATERAL;1;1;0;0;0;0;0;0;0;1;0;;;;;;;;;;;;;
2023-06-16;sexta-feira ;06:12:00;COM VÍTIMA;CASA AMARELA;AVENIDA;AVENIDA NORTE MIGUEL ARRAES DE ALENCAR;;;PROXIMO AO POSTO BR - SENTIDO SUB/CID;CASA AMARELA;;CIDADE;QUEDA;0;1;0;0;0;0;0;0;0;1;0;;;;;;;;;;;;;
2023-06-16;sexta-feira ;06:59:00;COM VÍTIMA;SAO JOSE;CAIS;CAIS SANTA RITA;;;TERMINAL CAIS SANTA RITA;SAO JOSE;;;ATROPELAMENTO DE PESSOA;0;0;0;0;1;1;0;0;0;1;0;;;;;;;;;;;;;
2023-06-16;sexta-feira ;07:40:00;COM VÍTIMA;GUABIRABA;EST;EST DA MUMBECA;;;PROX A FABRICA A FABRICA DA HAINEKEN;GUABIRABA;;;CHOQUE;0;1;0;0;0;0;0;0;0;1;0;;;;;;;;;;;;;
2023-06-16;sexta-feira ;07:46:00;COM VÍTIMA;JARDIM SAO PAULO;RUA;RUA LORENA;;;DEPOIS DO VIADUTO DE JARDIM SÃO PAULO;JARDIM SAO PAULO;;;COLISÃO LATERAL;1;1;0;0;0;0;0;0;0;1;0;;;;;;;;;;;;;
2023-06-16;sexta-feira ;09:44:00;COM VÍTIMA;TORROES;AVENIDA;AVENIDA ENGENHEIRO ABDIAS DE CARVALHO;;;PRÓXIMO A CHESF;TORROES;;CIDADE;COLISÃO COM CICLISTA;0;1;0;1;0;0;0;0;0;3;0;;;;;;;;;;;;;
2023-06-16;sexta-feira ;11:28:00;COM VÍTIMA;SAO JOSE;AVENIDA;AVENIDA CENTRAL;;;INTEGRAÇÃO JOANA BEZERRA;SAO JOSE;;;COLISÃO COM CICLISTA;0;0;0;1;0;1;0;0;0;1;0;;;;;;;;;;;;;
2023-06-16;sexta-feira ;12:07:00;COM VÍTIMA;SANTO AMARO;RUA;RUA FREI CASSIMIRO;RUA;RUA TREZE DE MAIO;PROX A BORRACHARIA MODESTO;SANTO AMARO;;;COLISÃO FRONTAL;1;1;0;0;0;0;0;0;0;1;0;;;;;;;;;;;;;
2023-06-16;sexta-feira ;12:43:00;SEM VÍTIMA;AFOGADOS;RUA;RUA DA PAZ;;;NA DESCIDA DA PONTE;AFOGADOS;;;COLISÃO LATERAL;2;0;0;0;0;0;0;0;0;0;0;;;;;;;;;;;;;
2023-06-16;sexta-feira ;01:25:00;COM VÍTIMA;AFOGADOS;RUA;RUA VINTE E UM DE ABRIL;;;;AFOGADOS;;;COLISÃO LATERAL;0;0;0;0;0;0;0;0;0;1;0;;;;;;;;;;;;;
2023-06-16;sexta-feira ;01:37:00;COM VÍTIMA;SANTO AMARO;RUA;RUA FREI CASSIMIRO;;;;SANTO AMARO;;;COLISÃO LATERAL;0;0;0;0;0;0;0;0;0;1;0;;;;;;;;;;;;;
2023-06-16;sexta-feira ;03:13:00;COM VÍTIMA;BOA VISTA;RUA;RUA DOS COELHOS;;;EM FRENTE AO IMIP;BOA VISTA;;;COLISÃO LATERAL;1;1;0;0;0;0;0;0;0;1;0;;;;;;;;;;;;;
2023-06-16;sexta-feira ;03:51:00;COM VÍTIMA;BOA VIAGEM;RUA;RUA FAUSTINO PORTO;;;LADO OPOSTO AO BOMPREÇO BEIRA CANAL;BOA VIAGEM;;;COLISÃO TRASEIRA;2;0;0;0;0;0;0;0;0;1;0;;;;;;;;;;;;;
2023-06-16;sexta-feira ;03:53:00;COM VÍTIMA;CAMPO GRANDE;EST;EST DE BELEM;;;ESQUINA DO COLEGIO JESUS CRUCIFICADO;CAMPO GRANDE;;;ATROPELAMENTO DE PESSOA;0;0;0;0;0;0;0;0;0;1;0;;;;;;;;;;;;;
2023-06-16;sexta-feira ;04:15:00;COM VÍTIMA;SANTO AMARO;RUA;RUA DO POMBAL;;;E/F AO PORTAO DO CEMITERIO DE SANTO AMARO;SANTO AMARO;;;COLISÃO LATERAL;1;1;0;0;0;0;0;0;0;1;0;;;;;;;;;;;;;
2023-06-16;sexta-feira ;04:24:00;COM VÍTIMA;SANTO AMARO;AVENIDA;AVENIDA CRUZ CABUGA;;;E/F AO HOSPITAL GERAL DO RECIFE;SANTO AMARO;;;COLISÃO TRASEIRA;1;1;0;0;0;0;0;0;0;1;0;;;;;;;;;;;;;
2023-06-16;sexta-feira ;04:38:00;COM VÍTIMA;FUNDAO;AVENIDA;AVENIDA BEBERIBE;;;;FUNDAO;;;ATROPELAMENTO DE PESSOA;1;0;0;0;1;0;0;0;0;1;0;;;;;;;;;;;;;
2023-06-16;sexta-feira ;05:02:00;COM VÍTIMA;VARZEA;AVENIDA;AVENIDA PROFESSOR LUIZ FREIRE;;;EM FRENTE AO PORTÃO DO ITEP;VARZEA;;;ATROPELAMENTO DE PESSOA;1;0;0;0;1;0;0;0;0;1;0;;;;;;;;;;;;;
2023-06-16;sexta-feira ;05:26:00;COM VÍTIMA;TORRE;RUA;RUA DOM MANOEL DA COSTA;;;APOS COLEGIO CRISTO REINO;TORRE;;;CHOQUE;0;1;0;0;0;0;0;0;0;1;0;;;;;;;;;;;;;
2023-06-16;sexta-feira ;05:45:00;COM VÍTIMA;IMBIRIBEIRA;AVENIDA;AVENIDA MARECHAL MASCARENHAS DE MORAES;;;E/F AO GERALDAO S/T AEROPORTO;IMBIRIBEIRA;;;COLISÃO LATERAL;1;1;0;0;0;0;0;0;0;1;0;;;;;;;;;;;;;
2023-06-16;sexta-feira ;07:16:00;COM VÍTIMA;AFLITOS;AVENIDA;AVENIDA CONS ROSA E SILVA;;;PROX AO SUPER BOM PREÇO;AFLITOS;;;COLISÃO LATERAL;1;1;0;0;0;0;0;0;0;1;0;;;;;;;;;;;;;
2023-06-16;sexta-feira ;10:17:00;VÍTIMA FATAL;GUABIRABA;EST;EST DOS MACACOS;;;CRECHE CELESTE VIDAL;GUABIRABA;;;CHOQUE;0;1;0;0;0;0;0;0;0;0;1;;;;;;;;;;;;;
2023-06-17;sábado ;08:18:00;COM VÍTIMA;VARZEA;AVENIDA;AVENIDA CAXANGA;;;EM FRENTE A LOHA DE CARRO ITALIANA / PROX A ESTACÃO BRT;VARZEA;;CIDADE;COLISÃO LATERAL;1;1;0;0;0;0;0;0;0;1;0;;;;;;;;;;;;;
2023-06-17;sábado ;12:52:00;SEM VÍTIMA;AFOGADOS;RUA;RUA JACIRA;RUA;RUA SAO MIGUEL;;AFOGADOS;;;COLISÃO TRANSVERSAL;1;0;0;0;0;1;0;0;0;0;0;;;;;;;;;;;;;
2023-06-17;sábado ;01:06:00;COM VÍTIMA;ENCRUZILHADA;RUA;RUA FERNANDO CESAR;;;E/F A  PRAÇA DA INFANCIA;ENCRUZILHADA;;;COLISÃO LATERAL;1;1;0;0;0;0;0;0;0;1;0;;;;;;;;;;;;;
2023-06-17;sábado ;03:13:00;COM VÍTIMA;ENCRUZILHADA;AVENIDA;AVENIDA BEBERIBE;;;EM FRENTE AO POSTO SHELL;ENCRUZILHADA;;;COLISÃO TRASEIRA;1;1;0;0;0;1;0;0;0;1;0;;;;;;;;;;;;;
2023-06-17;sábado ;03:36:00;COM VÍTIMA;BOA VIAGEM;RUA;RUA AMARO ALBINO PIMENTEL;;;VIA MANGUE PROXIMO AO CAMPO DE FUTEBOL;BOA VIAGEM;;;COLISÃO LATERAL;1;1;0;0;0;0;0;0;0;1;0;;;;;;;;;;;;;
2023-06-17;sábado ;04:35:00;COM VÍTIMA;PINA;RUA;RUA ABREU ALBANO;;;EM FRENTE A LANCHONETE DONA COXA;PINA;;;COLISÃO LATERAL;1;1;0;0;0;0;0;0;0;1;0;;;;;;;;;;;;;
2023-06-17;sábado ;06:45:00;COM VÍTIMA;PINA;AVENIDA;AVENIDA ANTONIO DE GOES;;;EM FRENTE AO DENIT;PINA;;;COLISÃO LATERAL;1;1;0;0;0;0;0;0;0;1;0;;;;;;;;;;;;;
2023-06-17;sábado ;10:23:00;COM VÍTIMA;IPUTINGA;AVENIDA;AVENIDA MAURICIO DE NASSAU;;;EM FRENTE AO PARQUE DO CAIRA;IPUTINGA;;;COLISÃO FRONTAL;1;1;0;0;0;0;0;0;0;2;0;;;;;;;;;;;;;
2023-06-18;domingo ;03:28:00;SEM VÍTIMA;ENGENHO DO MEIO;RUA;RUA ANTONIO CURADO;;;PROXIMO AO CLUBE DA SUDENE E E/F AO BAR CANTINHO UNIVERSITÁRIO;ENGENHO DO MEIO;;;CHOQUE;2;0;0;0;0;0;0;0;0;0;0;;;;;;;;;;;;;
2023-06-18;domingo ;04:02:00;SEM VÍTIMA;PARNAMIRIM;RUA;RUA DR JOAO SANTOS FILHO;;;EM FRENTE AO SHOPPING PLAZA;PARNAMIRIM;;;TOMBAMENTO;0;0;0;0;0;0;0;0;0;0;0;;;;;;;;;;;;;
2023-06-18;domingo ;12:52:00;COM VÍTIMA;BOA VISTA;RUA;RUA GENERAL JOAQUIM INACIO;;;EM FRENTE AO EMPRESARIAL DE PLAZA;BOA VISTA;;;COLISÃO TRASEIRA;1;0;0;0;0;0;0;1;0;1;0;;;;;;;;;;;;;
2023-06-18;domingo ;03:41:00;COM VÍTIMA;CORDEIRO;RUA;RUA TAMBORIL;;;CENTRO DISTRIBUIÇÃO KIYOI GALETOS;CORDEIRO;;;COLISÃO TRASEIRA;1;1;0;0;0;0;0;0;0;1;0;;;;;;;;;;;;;
2023-06-18;domingo ;03:56:00;COM VÍTIMA;BOA VIAGEM;AVENIDA;AVENIDA BOA VIAGEM;;;EM FRENTE AO EDF ANDA LUCIA;BOA VIAGEM;;;COLISÃO TRASEIRA;1;2;0;0;0;0;0;0;0;1;0;;;;;;;;;;;;;
2023-06-18;domingo ;07:04:00;COM VÍTIMA;DOIS UNIDOS;AVENIDA;AVENIDA HILDEBRANDO DE VASCONCELOS;;;EM FRENTE AO DEPOSITO DA ÁGUA ALDEIA;DOIS UNIDOS;;;COLISÃO FRONTAL;1;1;0;0;0;0;0;0;0;1;0;;;;;;;;;;;;;
2023-06-18;domingo ;08:51:00;COM VÍTIMA;DOIS UNIDOS;AVENIDA;AVENIDA HILDEBRANDO DE VASCONCELOS;RUA;RUA COMPOSITOR VINICIUS DE MORAIS;EM FRENTE AO DEPOSITO DA ÁGUA ALDEIA;DOIS UNIDOS;;;COLISÃO LATERAL;1;1;0;0;0;0;0;0;0;1;0;;;;;;;;;;;;;
2023-06-18;domingo ;09:19:00;COM VÍTIMA;SANTO AMARO;AVENIDA;AVENIDA NORTE MIGUEL ARRAES DE ALENCAR;;;PARÓQUIA SÃO SEBASTIÃO;SANTO AMARO;97;;COLISÃO LATERAL;0;1;0;1;0;0;0;0;0;1;0;;;;;;;;;;;;;
2023-06-18;domingo ;11:47:00;COM VÍTIMA;CORDEIRO;RUA;RUA GOMES TABORDA;AVENIDA;AVENIDA GENERAL SAN MARTIN;PRÓX. A FARMÁCIA DROGASIL;CORDEIRO;;;COLISÃO TRANSVERSAL;1;1;0;0;0;0;0;0;0;1;0;;;;;;;;;;;;;
2023-06-19;segunda-feira ;05:43:00;SEM VÍTIMA;SAN MARTIN;AVENIDA;AVENIDA CONSUL VILARES FRAGOSO;RUA;RUA COMENDADOR FRANCO FERREIRA;;SAN MARTIN;;SUBURBIO;CHOQUE;1;0;0;0;0;0;0;0;0;0;0;;;;;;;;;;;;;
2023-06-19;segunda-feira ;07:24:00;COM VÍTIMA;DOIS IRMAOS;PRQ;PRQ DE DOIS IRMAOS;;;SINAL DA LAFEPE;DOIS IRMAOS;;;COLISÃO TRASEIRA;0;1;0;0;0;1;0;0;0;1;0;;;;;;;;;;;;;
2023-06-19;segunda-feira ;10:44:00;COM VÍTIMA;BOA VIAGEM;AVENIDA;AVENIDA DOM JOAO VI;;;SAÍDA DO TUNEL;BOA VIAGEM;;;COLISÃO LATERAL;0;2;0;0;0;0;0;0;0;1;0;;;;;;;;;;;;;
2023-06-19;segunda-feira ;11:38:00;COM VÍTIMA;IMBIRIBEIRA;AVENIDA;AVENIDA MARECHAL MASCARENHAS DE MORAES;;;EM FRENTE AO CORREIOS;IMBIRIBEIRA;;;COLISÃO TRASEIRA;1;1;0;0;0;0;0;0;0;1;0;;;;;;;;;;;;;
2023-06-19;segunda-feira ;12:25:00;COM VÍTIMA;ENCRUZILHADA;AVENIDA;AVENIDA BEBERIBE;;;XX;ENCRUZILHADA;;;COLISÃO LATERAL;0;0;0;0;0;0;0;0;0;1;0;;;;;;;;;;;;;