data;dia_semana;hora;natureza;bairro;logradouro_endereco;endereco;logradouro_detalhe_endereço;detalhe_endereco_acidente;complemento;bairro_cruzamento;num_semaforo;sentido_via;tipo;auto;moto;ciclom;ciclista;pedestre;onibus;caminhao;viatura;outros;vitimas;vitimasfatais;acidente_verificado;tempo_clima;situacao_semaforo;sinalizacao;condicao_via;conservacao_via;ponto_controle;situacao_placa;velocidade_max_via;mao_direcao;divisao_via1;divisao_via2;divisao_via3
2023-06-19;segunda-feira ;01:36:00;COM VÍTIMA;BOA VIAGEM;RUA;RUA BRUNO VELOSO;;;SELFIT ACADEMIAS;BOA VIAGEM;;;COLISÃO LATERAL;1;1;0;0;0;0;0;0;0;1;0;;;;;;;;;;;;;
2023-06-19;segunda-feira ;03:27:00;COM VÍTIMA;PINA;AVENIDA;AVENIDA CELSO FURTADO (VIA MANGUE);;;PRÓXIMO AO 19º BATALHÃO DE POLÍCIA;PINA;;;QUEDA;0;1;0;0;0;0;0;0;0;1;0;;;;;;;;;;;;;
2023-06-19;segunda-feira ;05:06:00;COM VÍTIMA;COHAB;RUA;RUA CAPITAO VICENTE CURADO;;;EM FRENTE ACADEMIA DA CIDADE DA UR-05;COHAB;;;ATROPELAMENTO DE PESSOA;2;0;0;0;1;0;0;0;0;1;0;;;;;;;;;;;;;
2023-06-19;segunda-feira ;05:07:00;COM VÍTIMA;PINA;AVENIDA;AVENIDA ANTONIO DE GOES;;;PROX BOM JESUS BLINDAGEM;PINA;;;COLISÃO TRASEIRA;1;1;0;0;0;0;0;0;0;1;0;;;;;;;;;;;;;
2023-06-19;segunda-feira ;05:11:00;SEM VÍTIMA;GRACAS;AVENIDA;AVENIDA GOVERNADOR AGAMENON MAGALHAES;RUA;RUA DR BANDEIRA FILHO;MC DONALD'S;GRACAS;173;SUBURBIO;;1;0;0;0;0;0;0;1;0;0;0;;;;;;;;;;;;;
2023-06-19;segunda-feira ;05:42:00;SEM VÍTIMA;IMBIRIBEIRA;AVENIDA;AVENIDA GENERAL MAC ARTHUR;;;EM FRENTE AO LE PARK - BOA VIAGEM;IMBIRIBEIRA;;SUBURBIO;COLISÃO TRANSVERSAL;0;1;0;0;0;0;0;1;0;0;0;;;;;;;;;;;;;
2023-06-19;segunda-feira ;07:05:00;COM VÍTIMA;BOA VIAGEM;AVENIDA;AVENIDA CELSO FURTADO (VIA MANGUE);;;DEPOIS DA ULTIMA LOMBADA DA VIA MANGUE SENTIDO  SHOPPING RIOMAR;BOA VIAGEM;;;COLISÃO TRASEIRA;1;1;0;0;0;0;0;0;0;1;0;;;;;;;;;;;;;
2023-06-19;segunda-feira ;07:38:00;COM VÍTIMA;MACAXEIRA;AVENIDA;AVENIDA NORTE MIGUEL ARRAES DE ALENCAR;;;XXX;MACAXEIRA;;;COLISÃO FRONTAL;1;1;0;0;0;0;0;0;0;1;0;;;;;;;;;;;;;
2023-06-19;segunda-feira ;08:27:00;COM VÍTIMA;BOA VISTA;RUA;RUA DA AURORA;;;NA PONTE PRINCESA ISABEL;BOA VISTA;;;COLISÃO COM CICLISTA;1;0;0;1;0;0;0;0;0;1;0;;;;;;;;;;;;;
2023-06-19;segunda-feira ;09:08:00;SEM VÍTIMA;IPUTINGA;RUA;RUA SANTA LUZIA;;;;IPUTINGA;;SUBURBIO;CHOQUE;1;0;0;0;0;0;0;0;0;0;0;;;;;;;;;;;;;
2023-06-19;segunda-feira ;09:25:00;COM VÍTIMA;ARRUDA;RUA;RUA DESENHISTA EULINO SANTOS;;;COM A RUA PROFESSOO JOSÉ DOS ANJOS;ARRUDA;;;CAPOTAMENTO;1;1;0;0;0;0;0;0;0;3;0;;;;;;;;;;;;;
2023-06-19;segunda-feira ;10:45:00;COM VÍTIMA;BOA VIAGEM;AVENIDA;AVENIDA ANTONIO TORRES GALVAO;;;COM A AV DOM JOÃO VI;BOA VIAGEM;;;COLISÃO COM CICLISTA;1;0;0;1;0;0;0;0;0;1;0;;;;;;;;;;;;;
2023-06-20;terça-feira ;06:28:00;COM VÍTIMA;PORTO DA MADEIRA;RUA;RUA DALVA DE OLIVEIRA;;;PROX. A M.A CLIMATIZAÇÃO;PORTO DA MADEIRA;;;COLISÃO LATERAL;1;1;0;0;0;0;0;0;0;2;0;;;;;;;;;;;;;
2023-06-20;terça-feira ;07:26:00;COM VÍTIMA;IBURA;RUA;RUA RIO XINGU;;;;IBURA;;;CHOQUE;0;1;0;0;0;0;0;0;0;1;0;;;;;;;;;;;;;
2023-06-20;terça-feira ;08:11:00;COM VÍTIMA;PINA;AVENIDA;AVENIDA CELSO FURTADO (VIA MANGUE);;;SENT. BOA VIAGEM, NA ENTRADA DO COLEGIO CBV;PINA;;;COLISÃO LATERAL;1;1;0;0;0;0;0;0;0;1;0;;;;;;;;;;;;;
2023-06-20;terça-feira ;09:08:00;COM VÍTIMA;APIPUCOS;RUA;RUA DE APIPUCOS;;;AO LADO DA RESIDENCIA 235;APIPUCOS;;CIDADE;COLISÃO TRASEIRA;1;1;0;0;0;0;0;0;0;1;0;;;;;;;;;;;;;
2023-06-20;terça-feira ;09:29:00;COM VÍTIMA;AREIAS;AVENIDA;AVENIDA DR JOSE RUFINO;;;EM FRENTE AO CONVENTO DO BARRO;AREIAS;;;COLISÃO LATERAL;0;1;0;0;0;0;1;0;0;2;0;;;;;;;;;;;;;
2023-06-20;terça-feira ;09:41:00;COM VÍTIMA;DERBY;PRC;PRC DO DERBY;;;EM FRENTE AO QUARTEL DO DERBY;DERBY;;;COLISÃO TRASEIRA;1;1;0;0;0;0;0;0;0;1;0;;;;;;;;;;;;;
2023-06-20;terça-feira ;09:49:00;COM VÍTIMA;IPSEP;AVENIDA;AVENIDA RECIFE;;;;IPSEP;;;;0;0;0;0;0;0;0;0;0;1;0;;;;;;;;;;;;;
2023-06-20;terça-feira ;10:05:00;COM VÍTIMA;PRADO;RUA;RUA PADRE TEOFILO TWORZ;;;PROX A IGREJA PRESBITERIANA DO PRADO;PRADO;;;COLISÃO LATERAL;1;1;0;0;0;0;0;0;0;1;0;;;;;;;;;;;;;
2023-06-20;terça-feira ;11:08:00;SEM VÍTIMA;PAISSANDU;AVENIDA;AVENIDA GOVERNADOR AGAMENON MAGALHAES;;;SENT. BOA VIAGEM NO INICIO DO VIADUTO APOS O HOSPITAL PORTUGUES;PAISSANDU;;;COLISÃO TRASEIRA;0;1;0;0;0;1;0;0;0;0;0;;;;;;;;;;;;;
2023-06-20;terça-feira ;02:06:00;COM VÍTIMA;PINA;AVENIDA;AVENIDA HERCULANO BANDEIRA;;;IGREJA DO PINA;PINA;;;COLISÃO TRASEIRA;2;0;0;0;0;0;0;0;0;1;0;;;;;;;;;;;;;
2023-06-20;terça-feira ;02:51:00;COM VÍTIMA;IMBIRIBEIRA;AVENIDA;AVENIDA MARECHAL MASCARENHAS DE MORAES;;;EM FRENTE A FLOR E ART;IMBIRIBEIRA;;CIDADE;ATROPELAMENTO DE PESSOA;0;0;0;0;1;1;0;0;0;1;0;;;;;;;;;;;;;
2023-06-20;terça-feira ;03:01:00;COM VÍTIMA;IPSEP;RUA;RUA BLUMENAU;;;PROX A GUILHERME BIKE;IPSEP;;;COLISÃO LATERAL;1;1;0;0;0;0;0;0;0;1;0;;;;;;;;;;;;;
2023-06-20;terça-feira ;03:20:00;COM VÍTIMA;BOA VISTA;RUA;RUA DA AURORA;;;PROX AO SEMAFORO;BOA VISTA;90;;COLISÃO COM CICLISTA;0;1;0;1;0;0;0;0;0;2;0;;;;;;;;;;;;;
2023-06-20;terça-feira ;05:13:00;SEM VÍTIMA;BOA VISTA;AVENIDA;AVENIDA GOVERNADOR AGAMENON MAGALHAES;;;;BOA VISTA;;;COLISÃO TRASEIRA;2;0;0;0;0;0;0;0;0;0;0;;;;;;;;;;;;;
2023-06-20;terça-feira ;05:24:00;COM VÍTIMA;SANTO ANTONIO;RUA;RUA PADRE MUNIZ;;;EM FRENTE A IGREJA MATRIZ DE SÃO JOSÉ DO RIBAMAR;SANTO ANTONIO;;;QUEDA;0;1;0;0;0;0;0;0;0;1;0;;;;;;;;;;;;;
2023-06-20;terça-feira ;07:03:00;SEM VÍTIMA;SAO JOSE;AVENIDA;AVENIDA DANTAS BARRETO;RUA;RUA PASSO DA PATRIA;;SAO JOSE;;;CHOQUE;0;0;0;0;0;0;1;0;0;0;0;;;;;;;;;;;;;
2023-06-20;terça-feira ;11:45:00;SEM VÍTIMA;TORRE;RUA;RUA CONDE DE IRAJA;AVENIDA;AVENIDA BEIRA RIO;;TORRE;;;COLISÃO TRANSVERSAL;0;0;0;0;0;0;0;0;0;0;0;;;;;;;;;;;;;
2023-06-21;quarta-feira ;06:25:00;COM VÍTIMA;IPUTINGA;AVENIDA;AVENIDA CAXANGA;;;PROX AO ANTIGO HIPER BOM PREÇO, PROX AO SEMAFORO 533;IPUTINGA;;;COLISÃO LATERAL;1;0;0;1;0;0;0;0;0;1;0;;;;;;;;;;;;;
2023-06-21;quarta-feira ;07:34:00;COM VÍTIMA;BOA VIAGEM;AVENIDA;AVENIDA CELSO FURTADO (VIA MANGUE);;;;BOA VIAGEM;;;QUEDA;0;0;0;0;0;0;0;0;0;1;0;;;;;;;;;;;;;
2023-06-21;quarta-feira ;07:37:00;COM VÍTIMA;PINA;AVENIDA;AVENIDA CELSO FURTADO (VIA MANGUE);;;UM POUCO ANTES DO PRIMEIRO RETORNO;PINA;;;COLISÃO TRASEIRA;1;1;0;0;0;0;0;0;0;1;0;;;;;;;;;;;;;
2023-06-21;quarta-feira ;07:40:00;COM VÍTIMA;DOIS IRMAOS;RUA;RUA MANUEL DE MEDEIROS;;;;DOIS IRMAOS;;;;0;0;0;0;0;0;0;0;0;1;0;;;;;;;;;;;;;
2023-06-21;quarta-feira ;07:45:00;COM VÍTIMA;CASA FORTE;RUA;RUA JORGE GOMES DE SA;;;EM FRENTE AO PARQUE SANTANA;CASA FORTE;;;QUEDA;0;0;0;0;0;0;0;0;0;1;0;;;;;;;;;;;;;
2023-06-21;quarta-feira ;07:59:00;COM VÍTIMA;SANTO AMARO;RUA;RUA TREZE DE MAIO;;;EM FRENTE A O PREDIO EM CONSTRUÇÃO DO MINISTERIO PUBLICO;SANTO AMARO;;;COLISÃO FRONTAL;0;1;0;0;0;0;1;0;0;1;0;;;;;;;;;;;;;
2023-06-21;quarta-feira ;08:00:00;COM VÍTIMA;PINA;AVENIDA;AVENIDA CELSO FURTADO (VIA MANGUE);;;NO INICIO DA VIA MANGUE SENT. RIO MAR;PINA;;;COLISÃO LATERAL;1;1;0;0;0;0;0;0;0;1;0;;;;;;;;;;;;;
2023-06-21;quarta-feira ;08:09:00;COM VÍTIMA;DERBY;AVENIDA;AVENIDA GOVERNADOR AGAMENON MAGALHAES;;;EM FRENTE AO HR;DERBY;;BOA VIAGEM;COLISÃO TRASEIRA;0;2;0;0;0;0;0;0;0;1;0;;;;;;;;;;;;;
2023-06-21;quarta-feira ;08:11:00;COM VÍTIMA;CASA AMARELA;RUA;RUA DA HARMONIA;;;;CASA AMARELA;;;;0;0;0;0;0;0;0;0;0;1;0;;;;;;;;;;;;;
2023-06-21;quarta-feira ;08:47:00;COM VÍTIMA;CORDEIRO;RUA;RUA MANOEL ESTEVAO DA COSTA;RUA;RUA DIANOPOLIS;EM FRENTE AO POSTO DE GASOLINA PETROCAL;CORDEIRO;;;COLISÃO LATERAL;1;1;0;0;0;0;0;0;0;1;0;;;;;;;;;;;;;
2023-06-21;quarta-feira ;02:18:00;COM VÍTIMA;BARRO;AVENIDA;AVENIDA CENTRAL;;;SAIDA DA ESTAÇÃO DO BARRO SENTIDO PRAZERES;BARRO;;;COLISÃO FRONTAL;1;1;0;0;0;0;0;0;0;1;0;;;;;;;;;;;;;
2023-06-21;quarta-feira ;02:44:00;COM VÍTIMA;ROSARINHO;AVENIDA;AVENIDA NORTE MIGUEL ARRAES DE ALENCAR;;;LOJA DO PADEIRÃO / LIVRARIA MAC;ROSARINHO;;;COLISÃO LATERAL;1;1;0;0;0;0;0;0;0;1;0;;;;;;;;;;;;;
2023-06-21;quarta-feira ;03:46:00;SEM VÍTIMA;ILHA DO LEITE;AVENIDA;AVENIDA GOVERNADOR AGAMENON MAGALHAES;;;AGENCIA ILHA DO LEITE CAIXA ECONOMICA FEDERAL;ILHA DO LEITE;672;;;1;0;0;0;0;0;1;0;0;0;0;;;;;;;;;;;;;
2023-06-21;quarta-feira ;05:02:00;COM VÍTIMA;CASA AMARELA;EST;EST DO ARRAIAL;;;AO LADO DA PAGUE MENOS;CASA AMARELA;;;ATROPELAMENTO DE PESSOA;0;1;0;0;1;0;0;0;0;1;0;;;;;;;;;;;;;
2023-06-21;quarta-feira ;06:16:00;SEM VÍTIMA;JORDAO;AVENIDA;AVENIDA MARIA IRENE;;;OFICINA SIDNEY SANTE;JORDAO;;;COLISÃO TRASEIRA;2;0;0;0;0;0;0;0;0;0;0;;;;;;;;;;;;;
2023-06-21;quarta-feira ;06:23:00;COM VÍTIMA;DOIS IRMAOS;AVENIDA;AVENIDA LUIZ ANTONIO DE ARAUJO;;;XX;DOIS IRMAOS;;;COLISÃO FRONTAL;1;1;0;0;0;0;0;0;0;1;0;;;;;;;;;;;;;
2023-06-21;quarta-feira ;06:26:00;SEM VÍTIMA;BOA VIAGEM;AVENIDA;AVENIDA CELSO FURTADO (VIA MANGUE);;;APÓS O ASSAÍ ATACADISTA SENTIDO PIEDADE;BOA VIAGEM;;SUBURBIO;;2;1;0;0;0;0;0;0;0;0;0;;;;;;;;;;;;;
2023-06-21;quarta-feira ;06:28:00;COM VÍTIMA;GRACAS;RUA;RUA AMELIA;;;XX;GRACAS;;;QUEDA;0;1;0;0;0;0;0;0;0;1;0;;;;;;;;;;;;;
2023-06-21;quarta-feira ;06:59:00;COM VÍTIMA;CAXANGA;AVENIDA;AVENIDA CAXANGA;;;EM FRENTE A UPA DA CAXANGA;CAXANGA;;CIDADE;COLISÃO TRASEIRA;1;1;0;0;0;0;0;0;0;2;0;;;;;;;;;;;;;
2023-06-21;quarta-feira ;07:43:00;COM VÍTIMA;PARNAMIRIM;AVENIDA;AVENIDA RUI BARBOSA;RUA;RUA MUNIZ TAVARES;EM FRENTE AO HOSPITAL MARIA LUCIDA;PARNAMIRIM;;;COLISÃO FRONTAL;1;1;0;0;0;0;0;0;0;1;0;;;;;;;;;;;;;
2023-06-21;quarta-feira ;07:47:00;COM VÍTIMA;BOA VISTA;RUA;RUA GERVASIO PIRES;RUA;RUA DO RIACHUELO;HOSPITAL DO EXERCITO;BOA VISTA;;;COLISÃO LATERAL;1;1;0;0;0;0;0;0;0;1;0;;;;;;;;;;;;;
2023-06-22;quinta-feira ;08:18:00;COM VÍTIMA;CORDEIRO;EST;EST DO FORTE DO ARRAIAL N. DO B. JESUS;;;PROXIMO CHARQUR GOUMERT;CORDEIRO;;;COLISÃO LATERAL;1;1;0;0;0;0;0;0;0;1;0;;;;;;;;;;;;;
2023-06-22;quinta-feira ;10:52:00;COM VÍTIMA;SAO JOSE;AVENIDA;AVENIDA SUL;;;POR TRAS DO SEFAZ;SAO JOSE;;;ATROPELAMENTO DE PESSOA;1;0;0;0;1;0;0;0;0;1;0;;;;;;;;;;;;;
2023-06-22;quinta-feira ;11:16:00;COM VÍTIMA;AREIAS;AVENIDA;AVENIDA RECIFE;;;EM FRENTE SEGURADORA BRINKS;AREIAS;;;COLISÃO LATERAL;1;1;0;0;0;0;0;0;0;1;0;;;;;;;;;;;;;
2023-06-22;quinta-feira ;11:34:00;COM VÍTIMA;AREIAS;AVENIDA;AVENIDA RECIFE;;;;AREIAS;;;COLISÃO LATERAL;0;0;0;0;0;0;0;0;0;1;0;;;;;;;;;;;;;
2023-06-22;quinta-feira ;01:06:00;COM VÍTIMA;PARNAMIRIM;RUA;RUA FERREIRA LOPES;;;RUA DO CONSOLADO CHINES;PARNAMIRIM;;;COLISÃO TRASEIRA;1;1;0;0;0;0;0;0;0;1;0;;;;;;;;;;;;;
2023-06-22;quinta-feira ;01:21:00;COM VÍTIMA;MADALENA;RUA;RUA JOSE OSORIO;;;RM SUPERMERCADO;MADALENA;;;QUEDA;0;1;0;0;0;0;0;0;0;1;0;;;;;;;;;;;;;
2023-06-22;quinta-feira ;01:27:00;COM VÍTIMA;JOANA BEZERRA;PTE;PTE JOSE DE BARROS LIMA;;;SOBRE O VIADUTO SENTIDO CENTRO;JOANA BEZERRA;;;COLISÃO LATERAL;1;1;0;0;0;0;0;0;0;1;0;;;;;;;;;;;;;
2023-06-22;quinta-feira ;04:32:00;COM VÍTIMA;AGUA FRIA;RUA;RUA CORREGO DO DEODATO;;;APOS O POSTO  TIA REGINA  PROX ASSEMBLEIA DE DEUS;AGUA FRIA;;;ATROPELAMENTO DE PESSOA;0;1;0;0;1;0;0;0;0;1;0;;;;;;;;;;;;;
2023-06-22;quinta-feira ;04:49:00;COM VÍTIMA;CASA AMARELA;EST;EST DO ARRAIAL;;;E/F A FABRICA RECI  POLPA;CASA AMARELA;;;ATROPELAMENTO DE PESSOA;0;1;0;0;1;0;0;0;0;1;0;;;;;;;;;;;;;
2023-06-22;quinta-feira ;04:55:00;COM VÍTIMA;PAISSANDU;AVENIDA;AVENIDA GOVERNADOR AGAMENON MAGALHAES;;;EM FRENTE AO HOSPITAL PORTUGUES;PAISSANDU;;SUBURBIO;COLISÃO LATERAL;1;1;0;0;0;0;0;0;0;2;0;;;;;;;;;;;;;
2023-06-22;quinta-feira ;06:08:00;SEM VÍTIMA;SAN MARTIN;AVENIDA;AVENIDA ENGENHEIRO ABDIAS DE CARVALHO;;;CHESF;SAN MARTIN;;CIDADE;COLISÃO TRASEIRA;2;0;0;0;0;0;0;1;0;0;0;;;;;;;;;;;;;
2023-06-22;quinta-feira ;06:16:00;COM VÍTIMA;MADALENA;RUA;RUA BENFICA;;;PROX A LOJA MICRO OFIQUE / PROX AO ANTIGO EXTRA;MADALENA;;CIDADE;COLISÃO LATERAL;2;1;0;0;0;0;0;0;0;1;0;;;;;;;;;;;;;
2023-06-22;quinta-feira ;07:52:00;COM VÍTIMA;CORDEIRO;AVENIDA;AVENIDA GENERAL SAN MARTIN;;;"""EM FRENTE AO CORREIOS AO LADO DO COMPAZ""";CORDEIRO;;;COLISÃO LATERAL;1;1;0;0;0;0;0;0;0;1;0;;;;;;;;;;;;;
2023-06-22;quinta-feira ;08:17:00;COM VÍTIMA;SANTO AMARO;AVENIDA;AVENIDA PREFEITO ARTUR LIMA CAVALCANTI;;;PROX A PONTE DO LIMOEIRO;SANTO AMARO;;;COLISÃO TRASEIRA;1;1;0;0;0;0;0;0;0;2;0;;;;;;;;;;;;;
2023-06-22;quinta-feira ;08:29:00;SEM VÍTIMA;SANTO ANTONIO;RUA;RUA CAMBOA DO CARMO;RUA;RUA NOVA;;SANTO ANTONIO;;CIDADE;CHOQUE;0;0;0;0;0;0;0;1;0;0;0;;;;;;;;;;;;;
2023-06-23;sexta-feira ;05:43:00;SEM VÍTIMA;DOIS IRMAOS;AVENIDA;AVENIDA DA RECUPERACAO;RUA;RUA DOIS IRMAOS;;DOIS IRMAOS;416;SUBURBIO;CAPOTAMENTO;1;0;0;0;0;0;0;0;0;0;0;;;;;;;;;;;;;
2023-06-23;sexta-feira ;11:01:00;COM VÍTIMA;CASA AMARELA;AVENIDA;AVENIDA NORTE MIGUEL ARRAES DE ALENCAR;;;EM FRENTE A BARRO LIMA E PROXIMO A GARAGEM DA GLOBO;CASA AMARELA;;;COLISÃO TRASEIRA;2;0;0;0;0;0;0;0;0;1;0;;;;;;;;;;;;;
2023-06-23;sexta-feira ;06:58:00;COM VÍTIMA;CASA AMARELA;RUA;RUA FERREIRA LOPES;;;PROX AO SITIO DA TRINDADE;CASA AMARELA;;;ATROPELAMENTO DE PESSOA;0;1;0;0;1;0;0;0;0;2;0;;;;;;;;;;;;;
2023-06-23;sexta-feira ;07:29:00;COM VÍTIMA;BOA VIAGEM;RUA;RUA CAMBOIM;RUA;RUA DEZ DE JULHO;PROX AO OJA ALUGUE BRASIL, ALUGUE DE CARROS;BOA VIAGEM;;;COLISÃO LATERAL;1;1;0;0;0;0;0;0;0;2;0;;;;;;;;;;;;;
2023-06-23;sexta-feira ;08:39:00;COM VÍTIMA;BOA VIAGEM;AVENIDA;AVENIDA BOA VIAGEM;;;ED. PENISULA IBERICA E QUIOSQUE 26;BOA VIAGEM;;;COLISÃO LATERAL;0;2;0;0;0;0;0;0;0;1;0;;;;;;;;;;;;;
2023-06-23;sexta-feira ;09:22:00;COM VÍTIMA;IBURA;AVENIDA;AVENIDA DOIS RIOS;RUA;RUA RIO XINGU;;IBURA;351;;COLISÃO LATERAL;1;1;0;0;0;0;0;0;0;1;0;;;;;;;;;;;;;
2023-06-24;sábado ;01:03:00;COM VÍTIMA;TEJIPIO;AVENIDA;AVENIDA DR JOSE RUFINO;AVENIDA;AVENIDA LIBERDADE;E/F AO QUARTEL DO EXERCITO 4º BCOM;TEJIPIO;208;;COLISÃO FRONTAL;1;1;0;0;0;0;0;0;0;1;0;;;;;;;;;;;;;
2023-06-24;sábado ;12:47:00;COM VÍTIMA;ROSARINHO;AVENIDA;AVENIDA SANTOS DUMONT;;;DE FRENTE AO COLEGIO FAZER CRESCER;ROSARINHO;;;COLISÃO LATERAL;1;1;0;0;0;0;0;0;0;1;0;;;;;;;;;;;;;
2023-06-24;sábado ;01:51:00;SEM VÍTIMA;CAJUEIRO;AVENIDA;AVENIDA BEBERIBE;RUA;RUA ARAO BOTLER;ACADEMIA DA CIDADE;CAJUEIRO;;;CHOQUE;0;0;0;0;0;0;0;0;0;0;0;;;;;;;;;;;;;
2023-06-24;sábado ;02:45:00;COM VÍTIMA;CASA AMARELA;RUA;RUA BELA VISTA;;;PROX A PIZZARIA CANDELABRO;CASA AMARELA;;;COLISÃO LATERAL;1;1;0;0;0;0;0;0;0;1;0;;;;;;;;;;;;;
2023-06-24;sábado ;03:19:00;COM VÍTIMA;BOA VIAGEM;AVENIDA;AVENIDA BOA VIAGEM;;;PROX AO HOLIDAY E/F AO QUIOSQUE 29;BOA VIAGEM;;;COLISÃO LATERAL;1;1;0;0;0;0;0;0;0;1;0;;;;;;;;;;;;;
2023-06-24;sábado ;07:15:00;COM VÍTIMA;AREIAS;AVENIDA;AVENIDA DR JOSE RUFINO;;;PROX A IGREJA PRESBITERIANA;AREIAS;;;COLISÃO FRONTAL;1;1;0;0;0;0;0;0;0;1;0;;;;;;;;;;;;;
2023-06-25;domingo ;12:16:00;COM VÍTIMA;BOA VIAGEM;RUA;RUA ERNESTO DE PAULA SANTOS;RUA;RUA TENENTE DOMINGOS DE BRITO;;BOA VIAGEM;330;;COLISÃO LATERAL;0;0;0;0;0;0;0;0;0;1;0;;;;;;;;;;;;;
2023-06-25;domingo ;09:41:00;COM VÍTIMA;MADALENA;RUA;RUA BENFICA;;;EM FRENTE A OFICINA BOSCH;MADALENA;;;COLISÃO LATERAL;1;1;0;0;0;0;0;0;0;1;0;;;;;;;;;;;;;
2023-06-25;domingo ;10:56:00;COM VÍTIMA;IBURA;AVENIDA;AVENIDA PERNAMBUCO;;;PROX AO COMPAZ;IBURA;;;COLISÃO LATERAL;1;1;0;0;0;0;0;0;0;2;0;;;;;;;;;;;;;
2023-06-25;domingo ;02:12:00;COM VÍTIMA;IPSEP;AVENIDA;AVENIDA SALDANHA MARINHO;;;;IPSEP;;;COLISÃO LATERAL;0;1;0;0;0;0;0;0;0;1;0;;;;;;;;;;;;;
2023-06-25;domingo ;03:23:00;COM VÍTIMA;JARDIM SAO PAULO;RUA;RUA ARLINDO SA;;;PROX A SUBWAY;JARDIM SAO PAULO;;;COLISÃO LATERAL;1;1;0;0;0;0;0;0;0;2;0;;;;;;;;;;;;;
2023-06-26;segunda-feira ;07:02:00;COM VÍTIMA;CASA AMARELA;RUA;RUA ALEXANDRINO;;;;CASA AMARELA;;;;0;0;0;0;0;0;0;0;0;1;0;;;;;;;;;;;;;
2023-06-26;segunda-feira ;07:58:00;SEM VÍTIMA;AFOGADOS;RUA;RUA SAO MATEUS;;;;AFOGADOS;;;COLISÃO LATERAL;1;1;0;0;0;0;0;0;0;0;0;;;;;;;;;;;;;
2023-06-26;segunda-feira ;08:44:00;COM VÍTIMA;JOANA BEZERRA;VIADUTO;VIADUTO PAPA JOAO PAULO II;;;SOBRE VIADUTO PAPA JOÃO PAULO SEGUNDO;JOANA BEZERRA;;SUB;TOMBAMENTO;0;1;0;0;0;0;0;0;0;1;0;;;;;;;;;;;;;
2023-06-26;segunda-feira ;09:54:00;COM VÍTIMA;IMBIRIBEIRA;AVENIDA;AVENIDA MARECHAL MASCARENHAS DE MORAES;;;EM FRENTE A D MAGAZINE / PROX A ESTAÇÃO IMBIRIBEIRA SENTIDO AFOGADOS;IMBIRIBEIRA;;;ATROPELAMENTO DE PESSOA;0;1;0;0;1;0;0;0;0;1;0;;;;;;;;;;;;;
2023-06-26;segunda-feira ;11:15:00;COM VÍTIMA;SAO JOSE;PRC;PRC SERGIO LORETO;;;PROX SEDE DO GALO;SAO JOSE;;;TOMBAMENTO;0;1;0;0;0;0;0;0;0;1;0;;;;;;;;;;;;;
2023-06-26;segunda-feira ;12:14:00;COM VÍTIMA;ROSARINHO;AVENIDA;AVENIDA NORTE MIGUEL ARRAES DE ALENCAR;;;;ROSARINHO;;;COLISÃO LATERAL;0;1;0;0;0;0;0;0;0;1;0;;;;;;;;;;;;;
2023-06-26;segunda-feira ;01:08:00;COM VÍTIMA;TORRE;RUA;RUA REAL DA TORRE;;;E/F A DROGASIL;TORRE;;;COLISÃO FRONTAL;1;1;0;0;0;0;0;0;0;1;0;;;;;;;;;;;;;
2023-06-26;segunda-feira ;01:10:00;SEM VÍTIMA;PINA;AVENIDA;AVENIDA HERCULANO BANDEIRA;;;APOS A IGREJA DO PINA;PINA;;;COLISÃO TRASEIRA;2;0;0;0;0;0;0;0;0;0;0;;;;;;;;;;;;;
2023-06-26;segunda-feira ;03:03:00;COM VÍTIMA;TAMARINEIRA;RUA;RUA CONEGO BARATA;;;ANTES DA FERREIRA COSTA;TAMARINEIRA;;;COLISÃO COM CICLISTA;0;0;0;1;0;1;0;0;0;1;0;;;;;;;;;;;;;
2023-06-26;segunda-feira ;03:14:00;COM VÍTIMA;AGUA FRIA;AVENIDA;AVENIDA BEBERIBE;;;XXX;AGUA FRIA;;;;0;0;0;0;0;0;0;0;0;1;0;;;;;;;;;;;;;
2023-06-26;segunda-feira ;07:24:00;SEM VÍTIMA;AREIAS;RUA;RUA ERNESTO NAZARETH;;;COMPESA;AREIAS;;SUBURBIO;;1;0;0;0;0;0;1;0;0;0;0;;;;;;;;;;;;;
2023-06-27;terça-feira ;06:58:00;COM VÍTIMA;BONGI;RUA;RUA DR JOAO COSTA;;;NA ESQUINA DO GALPÃO DO TRE;BONGI;;;COLISÃO LATERAL;1;1;0;0;0;0;0;0;0;1;0;;;;;;;;;;;;;
2023-06-27;terça-feira ;07:42:00;COM VÍTIMA;IPUTINGA;EST;EST DO BARBALHO;AVENIDA;AVENIDA MAURICIO DE NASSAU;PROX A FUND ALTINO VENTURA;IPUTINGA;;;ATROPELAMENTO DE PESSOA;1;0;0;0;1;0;0;0;0;1;0;;;;;;;;;;;;;