data;dia_semana;hora;natureza;bairro;logradouro_endereco;endereco;logradouro_detalhe_endereço;detalhe_endereco_acidente;complemento;bairro_cruzamento;num_semaforo;sentido_via;tipo;auto;moto;ciclom;ciclista;pedestre;onibus;caminhao;viatura;outros;vitimas;vitimasfatais;acidente_verificado;tempo_clima;situacao_semaforo;sinalizacao;condicao_via;conservacao_via;ponto_controle;situacao_placa;velocidade_max_via;mao_direcao;divisao_via1;divisao_via2;divisao_via3
2023-06-27;terça-feira ;12:12:00;COM VÍTIMA;AGUA FRIA;RUA;RUA DA REGENERACAO;;;XX;AGUA FRIA;;;QUEDA;0;1;0;0;0;0;0;0;0;1;0;;;;;;;;;;;;;
2023-06-27;terça-feira ;12:46:00;SEM VÍTIMA;PINA;AVENIDA;AVENIDA ENGENHEIRO DOMINGOS FERREIRA;;;LADO ESQUERDO DA VIA;PINA;;SUBURBIO;;1;0;0;0;0;0;1;0;0;0;0;;;;;;;;;;;;;
2023-06-27;terça-feira ;05:24:00;COM VÍTIMA;IPSEP;RUA;RUA PROFESSOR JOSE VICENTE;RUA;RUA ADERBAL DE MELO;PROX A BUDEGA DE MEU LINDO;IPSEP;;;COLISÃO FRONTAL;1;0;0;0;0;1;0;0;0;1;0;;;;;;;;;;;;;
2023-06-27;terça-feira ;09:28:00;COM VÍTIMA;AFOGADOS;RUA;RUA SAO MIGUEL;RUA;RUA COSME VIANA;AO LADO DEPATRI;AFOGADOS;;;COLISÃO LATERAL;0;0;0;0;0;0;0;0;0;1;0;;;;;;;;;;;;;
2023-06-28;quarta-feira ;07:51:00;COM VÍTIMA;AREIAS;RUA;RUA IPOJUCA;;;EM FRENTE HOTELZINHO CARINHO DE VÓ;AREIAS;;;COLISÃO LATERAL;1;1;0;0;0;0;0;0;0;1;0;;;;;;;;;;;;;
2023-06-28;quarta-feira ;08:05:00;COM VÍTIMA;IMBIRIBEIRA;RUA;RUA ARQUITETO LUIZ NUNES;;;EM FRENTE A BARBEARIA ALBERES;IMBIRIBEIRA;;;COLISÃO LATERAL;1;1;0;0;0;0;0;0;0;2;0;;;;;;;;;;;;;
2023-06-28;quarta-feira ;09:45:00;COM VÍTIMA;AREIAS;AVENIDA;AVENIDA TENENTE FELIPE BANDEIRA DE MELO;AVENIDA;AVENIDA RECIFE;EM FRENTE AO BAR DA ESQUINA DO MALTE;AREIAS;;;COLISÃO LATERAL;1;1;0;0;0;0;0;0;0;1;0;;;;;;;;;;;;;
2023-06-28;quarta-feira ;10:16:00;SEM VÍTIMA;MADALENA;RUA;RUA BENFICA;;;COLÉGIO GGE;MADALENA;;;COLISÃO TRASEIRA;2;0;0;0;0;0;0;0;0;0;0;;;;;;;;;;;;;
2023-06-28;quarta-feira ;11:24:00;COM VÍTIMA;BOA VIAGEM;RUA;RUA PROFESSOR JOAO MEDEIROS;RUA;RUA RIBEIRO DE BRITO;NO SEMAFORO 332;BOA VIAGEM;;;COLISÃO LATERAL;1;1;0;0;0;0;0;0;0;1;0;;;;;;;;;;;;;
2023-06-28;quarta-feira ;05:04:00;COM VÍTIMA;SANTO AMARO;AVENIDA;AVENIDA CRUZ CABUGA;AVENIDA;AVENIDA NORTE MIGUEL ARRAES DE ALENCAR;;SANTO AMARO;;;QUEDA;0;1;0;0;0;0;0;0;0;1;0;;;;;;;;;;;;;
2023-06-28;quarta-feira ;05:19:00;COM VÍTIMA;BOA VIAGEM;AVENIDA;AVENIDA FERNANDO SIMOES BARBOSA;;;APOS A DESCIDA DA VIA MANGUE E/F AO ANTIGO BOMPREÇO;BOA VIAGEM;;;COLISÃO LATERAL;1;1;0;0;0;0;0;0;0;1;0;;;;;;;;;;;;;
2023-06-29;quinta-feira ;07:36:00;COM VÍTIMA;MADALENA;AVENIDA;AVENIDA BEIRA RIO;RUA;RUA PROFESSOR JOSE TORRES PIRES;;MADALENA;;;COLISÃO LATERAL;1;1;0;0;0;0;0;0;0;1;0;;;;;;;;;;;;;
2023-06-29;quinta-feira ;08:22:00;COM VÍTIMA;ARRUDA;RUA;RUA DO MACHADO;;;PROX AO BAR ESQUINA 85;ARRUDA;;;COLISÃO TRASEIRA;0;2;0;0;0;0;0;0;0;2;0;;;;;;;;;;;;;
2023-06-29;quinta-feira ;03:11:00;COM VÍTIMA;ESTANCIA;AVENIDA;AVENIDA RECIFE;;;NO POSTO SHELL;ESTANCIA;;;COLISÃO FRONTAL;1;1;0;0;0;0;0;0;0;1;0;;;;;;;;;;;;;
2023-06-29;quinta-feira ;03:19:00;COM VÍTIMA;CASA AMARELA;EST;EST DO ARRAIAL;;;IGREJA DA HARMONIA;CASA AMARELA;;;COLISÃO FRONTAL;1;0;0;1;0;0;0;0;0;1;0;;;;;;;;;;;;;
2023-06-29;quinta-feira ;07:35:00;SEM VÍTIMA;PINA;AVENIDA;AVENIDA CELSO FURTADO (VIA MANGUE);;;;PINA;;;CHOQUE;1;0;0;0;0;0;0;0;0;0;0;;;;;;;;;;;;;
2023-06-30;sexta-feira ;07:01:00;COM VÍTIMA;IPUTINGA;AVENIDA;AVENIDA CAXANGA;;;EM FRENTE A FACULDADE CATOLICA IMACULADA CONCEIÇÃO, SENT. CIDADE;IPUTINGA;;;ATROPELAMENTO DE PESSOA;0;1;0;0;1;0;0;0;0;1;0;;;;;;;;;;;;;
2023-06-30;sexta-feira ;08:13:00;COM VÍTIMA;ESPINHEIRO;AVENIDA;AVENIDA CONS ROSA E SILVA;;;EM FRENTE AO EMPRESARIAL CASA GRANDE;ESPINHEIRO;;;COLISÃO FRONTAL;1;0;0;0;0;1;0;0;0;1;0;;;;;;;;;;;;;
2023-06-30;sexta-feira ;09:10:00;SEM VÍTIMA;PINA;RUA;RUA JOSE PAES DE BARROS;;;;PINA;;CIDADE;CHOQUE;1;0;0;0;0;0;1;0;0;0;0;;;;;;;;;;;;;
2023-06-30;sexta-feira ;04:31:00;COM VÍTIMA;AREIAS;RUA;RUA IPOJUCA;;;NA ENTRADA DO  INSS;AREIAS;;;COLISÃO LATERAL;1;1;0;0;0;0;0;0;0;1;0;;;;;;;;;;;;;
2023-06-30;sexta-feira ;11:31:00;COM VÍTIMA;ESTANCIA;AVENIDA;AVENIDA DR JOSE RUFINO;;;PRÓXIMO AO COLÉGIO VISÃO;ESTANCIA;;SUBURBIO;CHOQUE;0;1;0;0;0;0;0;0;0;1;0;;;;;;;;;;;;;
2023-06-30;sexta-feira ;11:37:00;SEM VÍTIMA;IBURA;RUA;RUA EXP FRANCISCO VITORIANO;;;SUPERMERCADO TREVO DA UR5;IBURA;;;COLISÃO TRASEIRA;1;1;0;0;0;0;0;0;0;0;0;;;;;;;;;;;;;
2023-07-01;sábado ;05:56:00;COM VÍTIMA;IMBIRIBEIRA;AVENIDA;AVENIDA MARECHAL MASCARENHAS DE MORAES;;;APÓS O AEROPORTO, NA ENTRADA DO JORDÃO;IMBIRIBEIRA;;SUBURBIO;COLISÃO FRONTAL;1;0;0;0;0;1;0;0;0;1;0;;;;;;;;;;;;;
2023-07-01;sábado ;11:16:00;SEM VÍTIMA;SANCHO;AVENIDA;AVENIDA LIBERDADE;;;EM FRENTE AO IMÓVEL Nº 586;SANCHO;;SUBURBIO;COLISÃO FRONTAL;2;0;0;0;0;0;0;0;0;0;0;;;;;;;;;;;;;
2023-07-02;domingo ;03:31:00;COM VÍTIMA;VARZEA;AVENIDA;AVENIDA PROFESSOR ARTUR DE SA;;;EDIFICIO LUCILA;VARZEA;;SUBURBIO;COLISÃO TRASEIRA;1;1;0;0;0;0;0;0;0;1;0;;;;;;;;;;;;;
2023-07-02;domingo ;10:39:00;COM VÍTIMA;PINA;AVENIDA;AVENIDA HERCULANO BANDEIRA;;;NA FRENTE DO ATACADO DA CONSTRUÇÃO;PINA;660;;ATROPELAMENTO DE PESSOA;1;0;0;0;1;0;0;0;0;1;0;;;;;;;;;;;;;
2023-07-02;domingo ;11:04:00;COM VÍTIMA;CABANGA;PTE;PTE GOVERNADOR PAULO GUERRA;;;NO INÍCIO DA PONTE GOV PAULO GUERRA , NO SENTIDO  CABANGA  / PINA;CABANGA;;SUBURBIO;COLISÃO LATERAL;0;2;0;0;0;0;0;0;0;1;0;;;;;;;;;;;;;
2023-07-02;domingo ;03:07:00;SEM VÍTIMA;BOA VIAGEM;AVENIDA;AVENIDA CONSELHEIRO AGUIAR;;;;BOA VIAGEM;;;;0;0;0;0;0;0;0;0;0;0;0;;;;;;;;;;;;;
2023-07-02;domingo ;10:53:00;SEM VÍTIMA;BOA VISTA;RUA;RUA DO HOSPICIO;;;EM FRENTE AO HOSPITAL DO EXERCITO;BOA VISTA;;;CHOQUE;1;0;0;0;0;0;0;0;0;0;0;;;;;;;;;;;;;
2023-07-03;segunda-feira ;02:15:00;COM VÍTIMA;IPUTINGA;AVENIDA;AVENIDA CAXANGA;RUA;RUA RIBEIRO PESSOA;EM FRENTE À UPA DA CAXANGÁ;IPUTINGA;;;COLISÃO TRANSVERSAL;1;0;1;0;0;0;0;0;0;1;0;;;;;;;;;;;;;
2023-07-03;segunda-feira ;06:36:00;COM VÍTIMA;IPUTINGA;RUA;RUA RODRIGUES FERREIRA;;;PROX AO TERMINAL INTEGRADO DA CAXANGÁ;IPUTINGA;;;COLISÃO TRASEIRA;1;2;0;0;0;0;0;0;0;2;0;;;;;;;;;;;;;
2023-07-03;segunda-feira ;08:46:00;COM VÍTIMA;BAIRRO DO RECIFE;AVENIDA;AVENIDA MILITAR;;;APÓS A PONTE LIMOEIRO;BAIRRO DO RECIFE;;;QUEDA;0;0;0;0;0;0;0;0;0;1;0;;;;;;;;;;;;;
2023-07-03;segunda-feira ;09:22:00;COM VÍTIMA;SANTO AMARO;AVENIDA;AVENIDA CRUZ CABUGA;RUA;RUA ARARIPINA;;SANTO AMARO;;;COLISÃO FRONTAL;0;0;0;0;0;0;0;0;0;1;0;;;;;;;;;;;;;
2023-07-03;segunda-feira ;09:33:00;COM VÍTIMA;MADALENA;RUA;RUA CONDE DE IRAJA;AVENIDA;AVENIDA BEIRA RIO;PROX AO SEMAFORO 630;MADALENA;;;COLISÃO FRONTAL;1;1;0;0;0;0;0;0;0;2;0;;;;;;;;;;;;;
2023-07-03;segunda-feira ;10:27:00;COM VÍTIMA;CASA FORTE;AVENIDA;AVENIDA DEZESSETE DE AGOSTO;;;;CASA FORTE;;;COLISÃO COM CICLISTA;1;0;0;1;0;0;0;0;0;1;0;;;;;;;;;;;;;
2023-07-03;segunda-feira ;10:52:00;COM VÍTIMA;VARZEA;RUA;RUA GASTAO VIDIGAL;;;AO LADO DO HOTEL COSTA AZUL;VARZEA;;;QUEDA;0;1;0;0;0;0;0;0;0;1;0;;;;;;;;;;;;;
2023-07-03;segunda-feira ;12:40:00;SEM VÍTIMA;ARRUDA;RUA;RUA DO MACHADO;RUA;RUA MANOEL SILVA;EMPORIO DA CERVEJA;ARRUDA;;SUBURBIO;COLISÃO TRANSVERSAL;2;0;0;0;0;0;0;0;0;0;0;;;;;;;;;;;;;
2023-07-03;segunda-feira ;01:27:00;COM VÍTIMA;TORRE;RUA;RUA CONDE DE IRAJA;AVENIDA;AVENIDA BEIRA RIO;PROX AO EDIFICIO DUAS NAÇÕES;TORRE;;;COLISÃO COM CICLISTA;1;0;0;1;0;0;0;0;0;1;0;;;;;;;;;;;;;
2023-07-03;segunda-feira ;02:17:00;COM VÍTIMA;CAMPO GRANDE;RUA;RUA ODORICO MENDES;;;IMPERIO FAROIS;CAMPO GRANDE;;;COLISÃO LATERAL;1;1;0;0;0;0;0;0;0;1;0;;;;;;;;;;;;;
2023-07-03;segunda-feira ;03:20:00;SEM VÍTIMA;IMBIRIBEIRA;AVENIDA;AVENIDA GENERAL MAC ARTHUR;;;ANTES DA ESTAÇAO DO METRO DA ANTONIO FALCAO E/F A LOJA IMPERIO DO LUBRIFICANTE  S/T BOA VIAGEM;IMBIRIBEIRA;;;COLISÃO LATERAL;2;1;0;0;0;0;0;0;0;0;0;;;;;;;;;;;;;
2023-07-03;segunda-feira ;03:48:00;COM VÍTIMA;BOA VIAGEM;AVENIDA;AVENIDA BOA VIAGEM;;;EM FRENTE AO EDIFICIO ILHA DE THASSOS;BOA VIAGEM;;;COLISÃO TRASEIRA;1;1;0;0;0;0;0;0;0;1;0;;;;;;;;;;;;;
2023-07-03;segunda-feira ;04:36:00;COM VÍTIMA;ARRUDA;EST;EST VELHA DE AGUA FRIA;;;APOS O DNOCS PROXIMO AO SEMÁFO 306;ARRUDA;;;COLISÃO FRONTAL;1;1;0;0;0;0;0;0;0;1;0;;;;;;;;;;;;;
2023-07-03;segunda-feira ;05:49:00;COM VÍTIMA;ILHA DO RETIRO;AVENIDA;AVENIDA BEIRA RIO;;;EDF. MARIA TERESA COELHO;ILHA DO RETIRO;;;COLISÃO LATERAL;1;1;0;0;0;0;0;0;0;1;0;;;;;;;;;;;;;
2023-07-03;segunda-feira ;06:15:00;SEM VÍTIMA;BOA VIAGEM;RUA;RUA BARAO DE SOUZA LEAO;;;EDF VILA REAL;BOA VIAGEM;;;COLISÃO LATERAL;2;0;0;0;0;0;0;0;0;0;0;;;;;;;;;;;;;
2023-07-03;segunda-feira ;06:25:00;COM VÍTIMA;SANTO AMARO;RUA;RUA DA AURORA;;;EM FRENTE AO INSTITUTO TAVARES BURIL;SANTO AMARO;;;COLISÃO LATERAL;1;1;0;0;0;0;0;0;0;1;0;;;;;;;;;;;;;
2023-07-03;segunda-feira ;06:43:00;COM VÍTIMA;TOTO;RUA;RUA ONZE DE AGOSTO;;;PROX AO BIDU KRAUSE .;TOTO;;;COLISÃO LATERAL;0;2;0;0;0;0;0;0;0;2;0;;;;;;;;;;;;;
2023-07-04;terça-feira ;06:20:00;COM VÍTIMA;MADALENA;RUA;RUA JOSE BONIFACIO;RUA;RUA PADRE JOSE DE ANCHIETA;EM FRENTE A DROGARIA SÃO PAULO;MADALENA;;;COLISÃO FRONTAL;2;0;0;0;0;0;0;0;0;1;0;;;;;;;;;;;;;
2023-07-04;terça-feira ;07:56:00;SEM VÍTIMA;IPUTINGA;AVENIDA;AVENIDA CAXANGA;AVENIDA;AVENIDA PROFESSOR JOAQUIM CAVALCANTI;VIADUTO BR 101;IPUTINGA;;SUBURBIO;COLISÃO TRANSVERSAL;2;0;0;0;0;0;0;0;0;0;0;;;;;;;;;;;;;
2023-07-04;terça-feira ;08:00:00;COM VÍTIMA;AGUA FRIA;AVENIDA;AVENIDA BEBERIBE;;;PROXIMO AO DISBEC DISTRIBUIDORA DE TINTA;AGUA FRIA;;;COLISÃO LATERAL;0;2;0;0;0;0;0;0;0;2;0;;;;;;;;;;;;;
2023-07-04;terça-feira ;08:31:00;COM VÍTIMA;ILHA JOANA BEZERRA;VIADUTO;VIADUTO CAPITAO TEMUDO;;;PROX  AO FORUM DE JOANA BEZERRA;ILHA JOANA BEZERRA;;;COLISÃO LATERAL;0;2;0;0;0;0;0;0;0;1;0;;;;;;;;;;;;;
2023-07-04;terça-feira ;09:33:00;COM VÍTIMA;SANTO ANTONIO;AVENIDA;AVENIDA DANTAS BARRETO;RUA;RUA SAO JOAO;EM FRENTE AO SEMAFORO 154;SANTO ANTONIO;;;COLISÃO LATERAL;0;1;0;0;0;1;0;0;0;1;0;;;;;;;;;;;;;
2023-07-04;terça-feira ;10:34:00;COM VÍTIMA;MACAXEIRA;AVENIDA;AVENIDA NORTE MIGUEL ARRAES DE ALENCAR;;;SENT. CIDADE, EM FRENTE AO PARQUE DA MACAXEIRA;MACAXEIRA;;;COLISÃO TRASEIRA;0;1;0;0;0;0;1;0;0;1;0;;;;;;;;;;;;;
2023-07-04;terça-feira ;12:11:00;COM VÍTIMA;ENGENHO DO MEIO;RUA;RUA MANOEL ESTEVAO DA COSTA;;;PROXIMO DA ACADEMIA ACTOS;ENGENHO DO MEIO;;;COLISÃO LATERAL;1;1;0;0;0;0;0;0;0;1;0;;;;;;;;;;;;;
2023-07-04;terça-feira ;02:31:00;COM VÍTIMA;ESPINHEIRO;RUA;RUA CONS PORTELA;;;AGALERIA CONSELHEIRO PORTELA;ESPINHEIRO;;;COLISÃO LATERAL;1;0;1;0;0;0;0;0;0;1;0;;;;;;;;;;;;;
2023-07-04;terça-feira ;03:20:00;COM VÍTIMA;IPSEP;AVENIDA;AVENIDA RECIFE;;;JJK AUTOS;IPSEP;;;COLISÃO LATERAL;1;1;0;0;0;0;0;0;0;1;0;;;;;;;;;;;;;
2023-07-04;terça-feira ;09:50:00;COM VÍTIMA;SAO JOSE;AVENIDA;AVENIDA SUL;RUA;RUA OSCAR MELO;CONTINUAÇÃO DA RUA CABO EUTRÓPIO;SAO JOSE;;;COLISÃO FRONTAL;0;2;0;0;0;0;0;0;0;2;0;;;;;;;;;;;;;
2023-07-05;quarta-feira ;08:24:00;COM VÍTIMA;BOA VISTA;RUA;RUA MARQUES AMORIM;;;RUA UNIMED 3;BOA VISTA;;;COLISÃO LATERAL;1;1;0;0;0;0;0;0;0;2;0;;;;;;;;;;;;;
2023-07-05;quarta-feira ;08:30:00;COM VÍTIMA;CORDEIRO;AVENIDA;AVENIDA CAXANGA;;;EM FRENTE AO NUCLEO DE SAUDE DA CAXANGA;CORDEIRO;;CIDADE;COLISÃO TRASEIRA;1;1;0;0;0;0;0;0;0;1;0;;;;;;;;;;;;;
2023-07-05;quarta-feira ;02:41:00;COM VÍTIMA;CAXANGA;AVENIDA;AVENIDA CAXANGA;;;PROXIMO A FIAT;CAXANGA;;;COLISÃO LATERAL;1;1;0;0;0;0;0;0;0;1;0;;;;;;;;;;;;;
2023-07-05;quarta-feira ;02:41:00;SEM VÍTIMA;BOA VISTA;AVENIDA;AVENIDA GOVERNADOR AGAMENON MAGALHAES;;;EM FRENT AO CÍRCULO MILITAR DO RECIFE;BOA VISTA;;SUBURBIO;COLISÃO TRASEIRA;1;0;0;0;0;0;0;1;0;0;0;;;;;;;;;;;;;
2023-07-05;quarta-feira ;06:54:00;COM VÍTIMA;IMBIRIBEIRA;RUA;RUA JOSE DA SILVA LUCENA;;;EM FRENTE A IGREJA PORTAL;IMBIRIBEIRA;;;COLISÃO FRONTAL;1;1;0;0;0;0;0;0;0;1;0;;;;;;;;;;;;;
2023-07-05;quarta-feira ;07:33:00;SEM VÍTIMA;PINA;RUA;RUA CONSUL JOSEPH NOUJAIM;RUA;RUA NOGUEIRA DE SOUZA;SOB O SEMÁFORO Nº658;PINA;658;SUBURBIO;;2;0;0;0;0;0;0;0;0;0;0;;;;;;;;;;;;;
2023-07-06;quinta-feira ;05:17:00;COM VÍTIMA;GRACAS;RUA;RUA RICARDO HARDMAN;;;COM A RUA RIGUEIRA COSTA;GRACAS;;;COLISÃO LATERAL;2;0;0;0;0;0;0;0;0;1;0;;;;;;;;;;;;;
2023-07-06;quinta-feira ;07:54:00;COM VÍTIMA;BOA VIAGEM;AVENIDA;AVENIDA MARECHAL JUAREZ TAVORA;;;ESQUINA DO HOTEL FORUM/  PROX AO OLEGIO DOURADO;BOA VIAGEM;;;COLISÃO LATERAL;1;1;0;0;0;0;0;0;0;1;0;;;;;;;;;;;;;
2023-07-06;quinta-feira ;04:07:00;COM VÍTIMA;PINA;PTE;PTE GOVERNADOR PAULO GUERRA;;;ENTRADA DA VIA MANGUE / PROX. AO SHOPPING RIOMAR;PINA;;;COLISÃO TRASEIRA;1;1;0;0;0;0;0;0;0;1;0;;;;;;;;;;;;;
2023-07-06;quinta-feira ;06:45:00;COM VÍTIMA;IBURA;RUA;RUA PINTOR AGENOR DE ALBUQUERQUE CESAR;;;CLINICA SENA;IBURA;;;COLISÃO FRONTAL;1;1;0;0;0;0;0;0;0;1;0;;;;;;;;;;;;;
2023-07-06;quinta-feira ;07:38:00;COM VÍTIMA;SANTO AMARO;AVENIDA;AVENIDA CRUZ CABUGA;;;EM FRENTE A CTTU;SANTO AMARO;;;COLISÃO LATERAL;0;0;0;0;0;0;0;0;0;1;0;;;;;;;;;;;;;
2023-07-07;sexta-feira ;08:26:00;SEM VÍTIMA;TORRE;RUA;RUA JOSE BONIFACIO;;;PROX AO CARREFUOR;TORRE;;;COLISÃO LATERAL;2;0;0;0;0;0;0;0;0;0;0;;;;;;;;;;;;;
2023-07-07;sexta-feira ;01:45:00;COM VÍTIMA;TORRE;RUA;RUA MARQUES DE MARICA;;;PRAÇA DA TORRE;TORRE;;;COLISÃO LATERAL;1;1;0;0;0;0;0;0;0;1;0;;;;;;;;;;;;;
2023-07-07;sexta-feira ;01:51:00;COM VÍTIMA;COELHOS;RUA;RUA DOS COELHOS;;;HOSPITAL IMIP;COELHOS;;;QUEDA;0;1;0;0;0;0;0;0;0;1;0;;;;;;;;;;;;;
2023-07-07;sexta-feira ;03:43:00;COM VÍTIMA;BEBERIBE;AVENIDA;AVENIDA BEBERIBE;;;E/F AO POSTO SIVINI;BEBERIBE;;;COLISÃO FRONTAL;1;1;0;0;0;0;0;0;0;1;0;;;;;;;;;;;;;
2023-07-07;sexta-feira ;03:54:00;COM VÍTIMA;DERBY;AVENIDA;AVENIDA GOVERNADOR AGAMENON MAGALHAES;;;EM FRENTE AO HR;DERBY;;BOA VIAGEM;QUEDA;0;1;0;0;0;0;0;0;0;1;0;;;;;;;;;;;;;
2023-07-07;sexta-feira ;03:58:00;SEM VÍTIMA;AFOGADOS;RUA;RUA SAO MIGUEL;;;DEPARTAMENTO DE REPRESSÃO AOS CRIMES PATRIMONIAIS;AFOGADOS;333;SUBURBIO;COLISÃO TRANSVERSAL;0;1;0;0;0;0;0;1;0;0;0;;;;;;;;;;;;;
2023-07-07;sexta-feira ;06:36:00;SEM VÍTIMA;CASA FORTE;RUA;RUA LEONARDO BEZERRA CAVALCANTE;;;MUNDO PET;CASA FORTE;;;COLISÃO FRONTAL;1;1;0;0;0;0;0;0;0;0;0;;;;;;;;;;;;;
2023-07-07;sexta-feira ;07:10:00;SEM VÍTIMA;ESTANCIA;RUA;RUA CONEGO XAVIER PEDROZA;AVENIDA;AVENIDA DR JOSE RUFINO;AO LADO DO IMÓVEL Nº 489;ESTANCIA;;SUBURBIO;;1;1;0;0;0;0;0;0;0;0;0;;;;;;;;;;;;;
2023-07-08;sábado ;08:16:00;COM VÍTIMA;IBURA;LAD;LAD DA COHAB;;;PROXIMO A POLICLINICA DO IBURA;IBURA;;;;0;1;0;0;0;0;0;0;0;1;0;;;;;;;;;;;;;
2023-07-08;sábado ;11:36:00;SEM VÍTIMA;SANTO AMARO;AVENIDA;AVENIDA GOVERNADOR AGAMENON MAGALHAES;;;PROXIMO A ACADEMIA DA CIDADE E A IGREJA ASSEMBLEIA DE DEUS;SANTO AMARO;;CIDADE;;1;0;0;0;0;0;0;1;0;0;0;;;;;;;;;;;;;
2023-07-08;sábado ;12:43:00;SEM VÍTIMA;AGUA FRIA;AVENIDA;AVENIDA BEBERIBE;;;SOB  O SEMAFORO 187;AGUA FRIA;187;CIDADE;COLISÃO TRASEIRA;0;1;0;0;0;0;0;1;0;0;0;;;;;;;;;;;;;
2023-07-08;sábado ;02:31:00;COM VÍTIMA;BOA VIAGEM;RUA;RUA BARAO DE SOUZA LEAO;RUA;RUA ALMIRANTE TAMANDARE;E/F AO EDF BARAO DE SOUZA LEAO;BOA VIAGEM;;;COLISÃO TRASEIRA;1;1;0;0;0;0;0;0;0;1;0;;;;;;;;;;;;;
2023-07-08;sábado ;02:32:00;COM VÍTIMA;CAMPO GRANDE;EST;EST DE BELEM;RUA;RUA ODORICO MENDES;;CAMPO GRANDE;26;;CHOQUE;0;0;0;0;0;0;0;0;0;1;0;;;;;;;;;;;;;
2023-07-08;sábado ;03:50:00;COM VÍTIMA;ESTANCIA;AVENIDA;AVENIDA DR JOSE RUFINO;;;LADO OPOSTO AO COLÉGIO VISÃO;ESTANCIA;;;COLISÃO TRANSVERSAL;1;1;0;0;0;0;0;0;0;1;0;;;;;;;;;;;;;
2023-07-08;sábado ;04:33:00;SEM VÍTIMA;TORRE;RUA;RUA JORNALISTA LUIZ TEIXEIRA;RUA;RUA ZILDA S DE SANTANA;;TORRE;;SUBURBIO;COLISÃO TRANSVERSAL;1;0;0;0;0;0;0;1;0;0;0;;;;;;;;;;;;;
2023-07-09;domingo ;01:38:00;SEM VÍTIMA;SAN MARTIN;RUA;RUA APULCRO DE ASSUNCAO;;;PRÓXIMO AO MOTEL POUSADA DELÍRIO;SAN MARTIN;;;CHOQUE;0;0;0;0;0;0;0;0;0;0;0;;;;;;;;;;;;;
2023-07-09;domingo ;02:46:00;COM VÍTIMA;PARNAMIRIM;RUA;RUA SEBASTIAO MALTA ARCOVERDE;AVENIDA;AVENIDA RUI BARBOSA;PRÓXIMO AO SHOPPING PARNAMIRIM;PARNAMIRIM;;;COLISÃO TRANSVERSAL;2;0;0;0;0;0;0;0;0;2;0;;;;;;;;;;;;;
2023-07-09;domingo ;10:39:00;SEM VÍTIMA;SANTO AMARO;RUA;RUA DA AMIZADE;;;;SANTO AMARO;;SUBURBIO;CHOQUE;1;0;0;0;0;0;0;0;0;0;0;;;;;;;;;;;;;
2023-07-09;domingo ;12:09:00;COM VÍTIMA;BOA VIAGEM;RUA;RUA FRANCISCO DA CUNHA;RUA;RUA TENENTE JOAO CICERO;EM FRENTE A LANCHONETE PARADA OBRIGATORIA;BOA VIAGEM;;;COLISÃO FRONTAL;1;1;0;0;0;0;0;0;0;1;0;;;;;;;;;;;;;
2023-07-09;domingo ;12:15:00;COM VÍTIMA;CACOTE;AVENIDA;AVENIDA RECIFE;;;ATACADAO;CACOTE;;;COLISÃO TRASEIRA;2;0;0;0;0;0;0;0;0;1;0;;;;;;;;;;;;;
2023-07-10;segunda-feira ;06:51:00;COM VÍTIMA;BOA VIAGEM;RUA;RUA ERNESTO DE PAULA SANTOS;;;PROX. AO POSTO BR E TAPÊ SUSHI;BOA VIAGEM;;;COLISÃO LATERAL;1;1;0;0;0;0;0;0;0;1;0;;;;;;;;;;;;;
2023-07-10;segunda-feira ;07:17:00;COM VÍTIMA;BAIRRO DO RECIFE;AVENIDA;AVENIDA RIO BRANCO;CAIS;CAIS DO APOLO;EM FRENTE AO BANCO DO BRASIL;BAIRRO DO RECIFE;19;;ATROPELAMENTO DE PESSOA;0;0;0;0;1;1;0;0;0;1;0;;;;;;;;;;;;;
2023-07-10;segunda-feira ;11:28:00;COM VÍTIMA;MADALENA;AVENIDA;AVENIDA BEIRA RIO;;;EM FRENTE AO EDF. 4 ESTAÇÕES;MADALENA;;;COLISÃO LATERAL;1;1;0;0;0;0;0;0;0;1;0;;;;;;;;;;;;;
2023-07-10;segunda-feira ;01:19:00;SEM VÍTIMA;SANTO AMARO;AVENIDA;AVENIDA GOVERNADOR AGAMENON MAGALHAES;;;SOB O SEMÁFORO Nº 049;SANTO AMARO;49;;;1;0;0;0;0;1;0;0;0;0;0;;;;;;;;;;;;;
2023-07-10;segunda-feira ;02:26:00;COM VÍTIMA;AREIAS;AVENIDA;AVENIDA RECIFE;;;LOGO APOS O CARREFOUR;AREIAS;;SUBURBIO;COLISÃO TRASEIRA;1;1;0;0;0;0;0;0;0;1;0;;;;;;;;;;;;;
2023-07-10;segunda-feira ;05:11:00;COM VÍTIMA;CORDEIRO;AVENIDA;AVENIDA GENERAL SAN MARTIN;;;E/F AO HGV;CORDEIRO;;;COLISÃO COM CICLISTA;1;0;0;1;0;0;0;0;0;1;0;;;;;;;;;;;;;