data;dia_semana;hora;natureza;bairro;logradouro_endereco;endereco;logradouro_detalhe_endereço;detalhe_endereco_acidente;complemento;bairro_cruzamento;num_semaforo;sentido_via;tipo;auto;moto;ciclom;ciclista;pedestre;onibus;caminhao;viatura;outros;vitimas;vitimasfatais;acidente_verificado;tempo_clima;situacao_semaforo;sinalizacao;condicao_via;conservacao_via;ponto_controle;situacao_placa;velocidade_max_via;mao_direcao;divisao_via1;divisao_via2;divisao_via3
2023-07-10;segunda-feira ;07:01:00;COM VÍTIMA;JAQUEIRA;AVENIDA;AVENIDA RUI BARBOSA;;;EM FRENTE AO PARQUE DA JAQUEIRA;JAQUEIRA;;;COLISÃO LATERAL;1;1;0;0;0;0;0;0;0;1;0;;;;;;;;;;;;;
2023-07-10;segunda-feira ;10:13:00;COM VÍTIMA;MADALENA;RUA;RUA REAL DA TORRE;RUA;RUA JOSE OSORIO;;MADALENA;;;COLISÃO LATERAL;0;2;0;0;0;0;0;0;0;2;0;;;;;;;;;;;;;
2023-07-11;terça-feira ;07:41:00;COM VÍTIMA;BOA VISTA;RUA;RUA BARAO DE SAO BORJA;RUA;RUA JOSE DE ALENCAR;PROX AO POSTO DE SAUDE GOUVEIA DE BARROS;BOA VISTA;;;COLISÃO LATERAL;2;0;0;0;0;0;0;0;0;3;0;;;;;;;;;;;;;
2023-07-11;terça-feira ;08:10:00;COM VÍTIMA;IBURA;AVENIDA;AVENIDA DOIS RIOS;;;;IBURA;;;COLISÃO LATERAL;1;1;0;0;0;0;0;0;0;1;0;;;;;;;;;;;;;
2023-07-11;terça-feira ;08:12:00;COM VÍTIMA;VARZEA;AVENIDA;AVENIDA AFONSO OLINDENSE;;;EM FRENTE A LOJA TRES IRMÃS;VARZEA;;;COLISÃO COM CICLISTA;1;0;0;1;0;0;0;0;0;1;0;;;;;;;;;;;;;
2023-07-11;terça-feira ;08:42:00;COM VÍTIMA;BEBERIBE;AVENIDA;AVENIDA BEBERIBE;;;EM FRENTE CONSSESIONARIA DE CARROS DISNOVE;BEBERIBE;;;COLISÃO LATERAL;1;1;0;0;0;0;0;0;0;1;0;;;;;;;;;;;;;
2023-07-11;terça-feira ;09:08:00;SEM VÍTIMA;AFOGADOS;RUA;RUA PADRE TEOFILO TWORZ;;;PRÓXIMO A TUPAN;AFOGADOS;;CIDADE;COLISÃO TRASEIRA;2;0;0;0;0;0;0;0;0;0;0;;;;;;;;;;;;;
2023-07-11;terça-feira ;11:05:00;COM VÍTIMA;AFOGADOS;RUA;RUA DA PAZ;;;EM FRENTE A FIGUEIRAS CALÇADOS;AFOGADOS;;;ATROPELAMENTO DE PESSOA;0;1;0;0;2;0;0;0;0;2;0;;;;;;;;;;;;;
2023-07-11;terça-feira ;11:32:00;COM VÍTIMA;TAMARINEIRA;AVENIDA;AVENIDA NORTE MIGUEL ARRAES DE ALENCAR;RUA;RUA DA MANGABEIRA;PROXIMO AO ESTACIONAMENTO SESC DE CASA AMARELA;TAMARINEIRA;;;COLISÃO LATERAL;0;1;0;0;0;0;1;0;0;1;0;;;;;;;;;;;;;
2023-07-11;terça-feira ;12:13:00;COM VÍTIMA;IMBIRIBEIRA;RUA;RUA ARQUITETO LUIZ NUNES;;;AO LADO DA GALERIA CENTER ARACA /PROX A PADARIA MAGIA DOS PAES;IMBIRIBEIRA;;;COLISÃO FRONTAL;1;1;0;0;0;0;0;0;0;1;0;;;;;;;;;;;;;
2023-07-11;terça-feira ;12:15:00;COM VÍTIMA;ARRUDA;RUA;RUA SETE PECADOS;;;ESQUINA COM A LOCAPE ,NA RUA DO CANAL DA CONCTRUÇÃO;ARRUDA;;;COLISÃO LATERAL;0;1;0;0;0;0;0;0;0;1;0;;;;;;;;;;;;;
2023-07-11;terça-feira ;01:34:00;COM VÍTIMA;BOA VISTA;AVENIDA;AVENIDA JOAO DE BARROS;AVENIDA;AVENIDA VISCONDE DE SUASSUNA;PROX AO QUARTEL DOS BOMBEIROS;BOA VISTA;;;COLISÃO FRONTAL;1;1;0;0;0;0;0;0;0;2;0;;;;;;;;;;;;;
2023-07-11;terça-feira ;05:03:00;COM VÍTIMA;ARRUDA;AVENIDA;AVENIDA BEBERIBE;;;LOJA DE VEÍCULOS IPIRANGA;ARRUDA;;SUBURBIO;COLISÃO COM CICLISTA;0;1;0;1;0;0;0;0;0;1;0;;;;;;;;;;;;;
2023-07-11;terça-feira ;05:42:00;COM VÍTIMA;MADALENA;AVENIDA;AVENIDA CAXANGA;;;NO SEMAFORO 051 ENTRE A O BOMPREÇO E A  VERDE FRUTI;MADALENA;;;COLISÃO LATERAL;0;2;0;0;0;0;0;0;0;2;0;;;;;;;;;;;;;
2023-07-11;terça-feira ;06:20:00;COM VÍTIMA;ENCRUZILHADA;AVENIDA;AVENIDA NORTE MIGUEL ARRAES DE ALENCAR;RUA;RUA DR JOSE MARIA;SEMÁFORO 045;ENCRUZILHADA;;;ATROPELAMENTO DE PESSOA;0;0;0;1;0;1;0;0;0;1;0;;;;;;;;;;;;;
2023-07-11;terça-feira ;07:05:00;SEM VÍTIMA;SAO JOSE;PTE;PTE GIRATORIA;;;;SAO JOSE;;SUBURBIO;COLISÃO TRASEIRA;3;0;0;0;0;0;0;0;0;0;0;;;;;;;;;;;;;
2023-07-12;quarta-feira ;08:32:00;COM VÍTIMA;MUSTARDINHA;RUA;RUA NETO CAMPELO JUNIOR;;;PROX A PRAÇA DO ABC;MUSTARDINHA;;;QUEDA;0;1;0;0;0;0;0;0;0;1;0;;;;;;;;;;;;;
2023-07-12;quarta-feira ;09:19:00;COM VÍTIMA;CABANGA;AVENIDA;AVENIDA ANTONIO DE GOES;;;PROX IATE CLUBE CABANGA;CABANGA;;;;0;1;0;0;0;0;0;0;0;1;0;;;;;;;;;;;;;
2023-07-12;quarta-feira ;11:38:00;COM VÍTIMA;ARRUDA;RUA;RUA DA REGENERACAO;;;EM FRENTE AO EDIFICIO EL DOURADO / PROX AO PONTO DE RECICLAGEM;ARRUDA;;;COLISÃO LATERAL;0;2;0;0;0;0;0;0;0;2;0;;;;;;;;;;;;;
2023-07-12;quarta-feira ;11:45:00;COM VÍTIMA;BOA VIAGEM;AVENIDA;AVENIDA ENGENHEIRO DOMINGOS FERREIRA;;;EMPRESARIAL ALEXANDRE DE CASTRO E SILVA;BOA VIAGEM;;;ATROPELAMENTO DE PESSOA;1;0;0;0;1;0;0;0;0;1;0;;;;;;;;;;;;;
2023-07-12;quarta-feira ;11:45:00;SEM VÍTIMA;BOA VISTA;RUA;RUA BARAO DE SAO BORJA;RUA;RUA DA SOLEDADE;EM FRENTE A ESCOLA MUNICIPAL PEDRO AUGUSTO;BOA VISTA;;CIDADE;;1;0;0;0;0;1;0;0;0;0;0;;;;;;;;;;;;;
2023-07-12;quarta-feira ;01:06:00;SEM VÍTIMA;ESPINHEIRO;RUA;RUA VENEZUELA;;;AO LADO DO CREA;ESPINHEIRO;;CIDADE;CHOQUE;2;0;0;0;0;0;0;0;0;0;0;;;;;;;;;;;;;
2023-07-12;quarta-feira ;03:08:00;COM VÍTIMA;CASA FORTE;AVENIDA;AVENIDA DEZESSETE DE AGOSTO;;;E/F A CONCESSIONARIA ALBUQUERQUE MOTO PROX AO AÇUDE;CASA FORTE;;;COLISÃO TRASEIRA;1;1;0;0;0;0;0;0;0;1;0;;;;;;;;;;;;;
2023-07-12;quarta-feira ;06:05:00;SEM VÍTIMA;SANTO AMARO;AVENIDA;AVENIDA GOVERNADOR AGAMENON MAGALHAES;;;SOB O SEMÁFORO 684;SANTO AMARO;684;SUBURBIO;COLISÃO TRASEIRA;1;0;0;0;0;0;0;1;0;0;0;;;;;;;;;;;;;
2023-07-12;quarta-feira ;07:47:00;COM VÍTIMA;MACAXEIRA;AVENIDA;AVENIDA NORTE MIGUEL ARRAES DE ALENCAR;;;PROXIMO AO TERMINAL INTEGRADO DA MACAXEIRA;MACAXEIRA;;;COLISÃO LATERAL;0;0;0;0;0;0;0;0;0;1;0;;;;;;;;;;;;;
2023-07-12;quarta-feira ;09:47:00;COM VÍTIMA;ROSARINHO;AVENIDA;AVENIDA SANTOS DUMONT;RUA;RUA DR JOSE MARIA;PRÓXIMO A CASA ROSADA;ROSARINHO;;;COLISÃO LATERAL;1;1;0;0;0;0;0;0;0;1;0;;;;;;;;;;;;;
2023-07-13;quinta-feira ;12:45:00;COM VÍTIMA;SAO JOSE;AVENIDA;AVENIDA DANTAS BARRETO;RUA;RUA SIQUEIRA CAMPOS;PRÓXIMO AO ANTIGO INSS;SAO JOSE;;;COLISÃO LATERAL;0;0;0;0;0;2;0;0;0;3;0;;;;;;;;;;;;;
2023-07-13;quinta-feira ;07:42:00;COM VÍTIMA;ILHA JOANA BEZERRA;RUA;RUA AGUA DOCE;;;EM FRENTE A ACADEMIA DA CIDADE SENT. TERMINAL JOANA BEZERRA;ILHA JOANA BEZERRA;;;COLISÃO LATERAL;1;1;0;0;0;0;0;0;0;2;0;;;;;;;;;;;;;
2023-07-13;quinta-feira ;08:41:00;COM VÍTIMA;SAN MARTIN;AVENIDA;AVENIDA ENGENHEIRO ABDIAS DE CARVALHO;;;AO LADO DO COMPAZ / E PROX AO ATACAREJO SUPERMRCADO;SAN MARTIN;;;QUEDA;0;1;0;0;0;0;0;0;0;1;0;;;;;;;;;;;;;
2023-07-13;quinta-feira ;09:50:00;COM VÍTIMA;IPUTINGA;AVENIDA;AVENIDA CAXANGA;;;EM FRENTE A CAXANGA VEÍCULOS / AO LADO DA LOJA DA L2 AUTOMOVEIS;IPUTINGA;;;COLISÃO LATERAL;0;1;0;0;0;0;1;0;0;1;0;;;;;;;;;;;;;
2023-07-13;quinta-feira ;10:23:00;COM VÍTIMA;BOA VIAGEM;AVENIDA;AVENIDA BOA VIAGEM;;;PROX. AO HY BEACH FLATS;BOA VIAGEM;;;COLISÃO LATERAL;1;1;0;0;0;0;0;0;0;1;0;;;;;;;;;;;;;
2023-07-13;quinta-feira ;11:07:00;SEM VÍTIMA;CABANGA;RUA;RUA CAMUTANGA;;;PROX AO SETIMO DSUP ( DEPOSITO DE SUPRIMENTO DO EXERCITO);CABANGA;;;CHOQUE;0;0;0;0;0;0;0;1;0;0;0;;;;;;;;;;;;;
2023-07-13;quinta-feira ;02:11:00;COM VÍTIMA;IBURA;AVENIDA;AVENIDA RECIFE;;;;IBURA;;;COLISÃO LATERAL;0;0;0;0;0;0;0;0;0;1;0;;;;;;;;;;;;;
2023-07-13;quinta-feira ;02:57:00;COM VÍTIMA;ARRUDA;AVENIDA;AVENIDA PROFESSOR JOSE DOS ANJOS;;;NO SEMAFORO 642;ARRUDA;;;COLISÃO FRONTAL;1;0;0;0;0;0;0;1;0;2;0;;;;;;;;;;;;;
2023-07-13;quinta-feira ;05:58:00;COM VÍTIMA;BOA VIAGEM;AVENIDA;AVENIDA ENGENHEIRO DOMINGOS FERREIRA;RUA;RUA TOME GIBSON;EM FRENTE AO CALDINHO DO DEBE;BOA VIAGEM;;;COLISÃO COM CICLISTA;0;1;0;1;0;0;0;0;0;2;0;;;;;;;;;;;;;
2023-07-13;quinta-feira ;08:31:00;COM VÍTIMA;AGUA FRIA;EST;EST VELHA DE AGUA FRIA;;;PRÓXIMO A ESQUINA DA BATATA;AGUA FRIA;;;COLISÃO FRONTAL;1;2;0;0;0;0;0;0;0;2;0;;;;;;;;;;;;;
2023-07-13;quinta-feira ;10:32:00;COM VÍTIMA;VARZEA;RUA;RUA MARIO CAMPELO;RUA;RUA JOAO FRANCISCO LISBOA;CRUZAMENTO;VARZEA;;;COLISÃO TRANSVERSAL;1;1;0;0;0;0;0;0;0;1;0;;;;;;;;;;;;;
2023-07-14;sexta-feira ;06:21:00;COM VÍTIMA;VASCO DA GAMA;AVENIDA;AVENIDA NORTE MIGUEL ARRAES DE ALENCAR;;;COM A RUA VASCO DA GAMA;VASCO DA GAMA;;;COLISÃO TRANSVERSAL;1;1;0;0;0;0;0;0;0;1;0;;;;;;;;;;;;;
2023-07-14;sexta-feira ;08:55:00;SEM VÍTIMA;SAO JOSE;TRV;TRV DO FORTE;;;LADO OPOSTO AO FORTE DAS CINCO PORTAS;SAO JOSE;199;SUBURBIO;COLISÃO TRASEIRA;1;1;0;0;0;0;0;0;0;0;0;;;;;;;;;;;;;
2023-07-14;sexta-feira ;01:04:00;COM VÍTIMA;BOA VISTA;RUA;RUA HENRIQUE DIAS;;;E/F A FARMACIA PAGUE MENOS;BOA VISTA;;;COLISÃO LATERAL;1;0;0;0;0;0;0;0;0;1;0;;;;;;;;;;;;;
2023-07-14;sexta-feira ;03:50:00;COM VÍTIMA;IBURA;AVENIDA;AVENIDA DOIS RIOS;RUA;RUA RIO XINGU;AO LADO DO POSTO DE GASOLINA;IBURA;;;ATROPELAMENTO DE PESSOA;0;1;0;0;1;0;0;0;0;1;0;;;;;;;;;;;;;
2023-07-14;sexta-feira ;05:03:00;SEM VÍTIMA;BOA VIAGEM;AVENIDA;AVENIDA RECIFE;RUA;RUA FRANCA PEREIRA;EM FRENTE AO EDIFICIO VENDOME;BOA VIAGEM;;;COLISÃO TRASEIRA;2;0;0;0;0;0;0;0;0;0;0;;;;;;;;;;;;;
2023-07-14;sexta-feira ;07:05:00;COM VÍTIMA;CAMPO GRANDE;RUA;RUA JERONIMO VILELA;;;PRÓXIMO A PADARIA SANTO ANTÔNIO;CAMPO GRANDE;;;COLISÃO LATERAL;1;1;0;0;0;0;0;0;0;1;0;;;;;;;;;;;;;
2023-07-14;sexta-feira ;08:12:00;COM VÍTIMA;CAXANGA;AVENIDA;AVENIDA CAXANGA;;;EM FRENTE AL CAXANGA GOLF CLUBE;CAXANGA;;;COLISÃO LATERAL;0;1;0;1;0;0;0;0;0;2;0;;;;;;;;;;;;;
2023-07-14;sexta-feira ;08:41:00;COM VÍTIMA;PARNAMIRIM;AVENIDA;AVENIDA DEZESSETE DE AGOSTO;;;EDIFICIO  CASA GRANDE DE SANT´ANNA;PARNAMIRIM;;;COLISÃO FRONTAL;2;1;0;0;0;0;0;0;0;1;0;;;;;;;;;;;;;
2023-07-15;sábado ;12:51:00;COM VÍTIMA;TAMARINEIRA;EST;EST DO ARRAIAL;RUA;RUA CONEGO BARATA;;TAMARINEIRA;;;COLISÃO TRANSVERSAL;1;1;0;0;0;0;0;0;0;2;0;;;;;;;;;;;;;
2023-07-15;sábado ;02:10:00;SEM VÍTIMA;SANTO AMARO;AVENIDA;AVENIDA GOVERNADOR AGAMENON MAGALHAES;AVENIDA;AVENIDA DR JAYME DA FONTE;;SANTO AMARO;49;SUBURBIO;;2;0;0;0;0;0;0;0;0;0;0;;;;;;;;;;;;;
2023-07-15;sábado ;07:03:00;COM VÍTIMA;AFOGADOS;RUA;RUA SAO MIGUEL;;;PROX A IGREJA BATISTA DE AFOGADOS PROX AO QUARTEL EXERCITO 14;AFOGADOS;;;COLISÃO LATERAL;1;2;0;0;0;0;0;0;0;1;0;;;;;;;;;;;;;
2023-07-15;sábado ;08:53:00;COM VÍTIMA;SANTO AMARO;AVENIDA;AVENIDA GOVERNADOR AGAMENON MAGALHAES;;;EM FRENTE AO 13 EM FRENTE AO 13 BATALHAO // SENTIDO BOA VIAGEM //;SANTO AMARO;;;;0;1;0;0;0;0;0;0;0;1;0;;;;;;;;;;;;;
2023-07-15;sábado ;12:19:00;COM VÍTIMA;AFOGADOS;RUA;RUA SAO MIGUEL;;;EM FRENTE A CESAR MOTOS E PARAISO DOS PETS;AFOGADOS;;;COLISÃO LATERAL;1;1;0;0;0;0;0;0;0;1;0;;;;;;;;;;;;;
2023-07-15;sábado ;04:43:00;SEM VÍTIMA;IMBIRIBEIRA;RUA;RUA PRESIDENTE NILO PECANHA;;;(RESIDENCIAL BOA VIAGEM);IMBIRIBEIRA;;;;0;0;0;0;0;0;0;0;0;0;0;;;;;;;;;;;;;
2023-07-15;sábado ;07:59:00;COM VÍTIMA;IPSEP;AVENIDA;AVENIDA RECIFE;;;POSTO BR , SENTIDO  AEROPORTO;IPSEP;;;COLISÃO TRANSVERSAL;1;1;0;0;0;0;0;0;0;1;0;;;;;;;;;;;;;
2023-07-15;sábado ;08:07:00;COM VÍTIMA;LINHA DO TIRO;RUA;RUA URIEL DE HOLANDA;;;CHURASCARIA   CACHOEIRA;LINHA DO TIRO;;;COLISÃO LATERAL;1;1;0;0;0;0;0;0;0;1;0;;;;;;;;;;;;;
2023-07-15;sábado ;08:42:00;COM VÍTIMA;BOA VIAGEM;AVENIDA;AVENIDA ENGENHEIRO DOMINGOS FERREIRA;;;COM A RUA  JOSÉ BRANDÃO FARMACIA INDEPENDENTE;BOA VIAGEM;550;;COLISÃO TRASEIRA;1;1;0;0;0;0;0;0;0;1;0;;;;;;;;;;;;;
2023-07-16;domingo ;03:58:00;SEM VÍTIMA;SANTO AMARO;RUA;RUA ODORICO MENDES;;;INSTITUTO DE CRIMINALISTA;SANTO AMARO;;CIDADE;CHOQUE;1;0;0;0;0;0;0;0;0;0;0;;;;;;;;;;;;;
2023-07-16;domingo ;06:02:00;COM VÍTIMA;AFOGADOS;AVENIDA;AVENIDA SUL;;;AVENIDA SUL SENTIDO PRAÇA DE AFOGADOS;AFOGADOS;;SUBURBIO;COLISÃO LATERAL;0;1;0;0;0;1;0;0;0;1;0;;;;;;;;;;;;;
2023-07-16;domingo ;06:17:00;SEM VÍTIMA;BOA VIAGEM;AVENIDA;AVENIDA ENGENHEIRO DOMINGOS FERREIRA;;;EDF RESIDENCIAL JK;BOA VIAGEM;550;SUBURBIO;CHOQUE;1;0;0;0;0;0;0;0;0;0;0;;;;;;;;;;;;;
2023-07-16;domingo ;11:09:00;COM VÍTIMA;CAMPO GRANDE;RUA;RUA FARIAS NEVES;;;PROX A PRAÇA DO CAMPO DE ELITE;CAMPO GRANDE;;;COLISÃO TRANSVERSAL;1;1;0;0;0;0;0;0;0;2;0;;;;;;;;;;;;;
2023-07-16;domingo ;03:16:00;SEM VÍTIMA;ALTO JOSE BONIFACIO;AVENIDA;AVENIDA NORTE MIGUEL ARRAES DE ALENCAR;;;APÓS O  ARMAZEM CORAL;ALTO JOSE BONIFACIO;;CIDADE;COLISÃO TRASEIRA;1;0;0;0;0;0;0;1;0;0;0;;;;;;;;;;;;;
2023-07-16;domingo ;06:32:00;COM VÍTIMA;ARRUDA;RUA;RUA DAS MOCAS;RUA;RUA PETRONILA BOTELHO;POR TRÁS DO CAMPO DO ARRUDA;ARRUDA;;;COLISÃO LATERAL;1;1;0;0;0;0;0;0;0;2;0;;;;;;;;;;;;;
2023-07-16;domingo ;07:39:00;COM VÍTIMA;CAMPINA DO BARRETO;RUA;RUA DAS MOCAS;RUA;RUA ESPIRITO SANTO;;CAMPINA DO BARRETO;;;COLISÃO LATERAL;1;1;0;0;0;0;0;0;0;1;0;;;;;;;;;;;;;
2023-07-16;domingo ;09:31:00;COM VÍTIMA;MUSTARDINHA;AVENIDA;AVENIDA MANOEL GONCALVES DA LUZ;;;EM FRENTE AO CENTRO SOCIAL URBANO;MUSTARDINHA;;;COLISÃO FRONTAL;1;1;0;0;0;0;0;0;0;1;0;;;;;;;;;;;;;
2023-05-17;quarta-feira ;02:39:00;COM VÍTIMA;IMBIRIBEIRA;AVENIDA;AVENIDA MARECHAL MASCARENHAS DE MORAES;;;EM FRENTE CONCESSIONÁRIA HONDA;IMBIRIBEIRA;;;ATROPELAMENTO DE PESSOA;0;1;0;0;1;0;0;0;0;3;0;;;;;;;;;;;;;
2023-07-17;segunda-feira ;07:33:00;COM VÍTIMA;IMBIRIBEIRA;AVENIDA;AVENIDA MARECHAL MASCARENHAS DE MORAES;;;APOS O VIADUTO TANCREDO NEVES SENTIDO AEROPORTO;IMBIRIBEIRA;;;COLISÃO LATERAL;1;1;0;0;0;0;0;0;0;1;0;;;;;;;;;;;;;
2023-07-17;segunda-feira ;08:32:00;COM VÍTIMA;AFOGADOS;AVENIDA;AVENIDA SUL;;;EM FRENTE AO HOTEL LUA DE MEL;AFOGADOS;;CIDADE;COLISÃO TRASEIRA;1;1;0;0;0;0;0;0;0;2;0;;;;;;;;;;;;;
2023-07-17;segunda-feira ;08:38:00;COM VÍTIMA;BOA VIAGEM;RUA;RUA ERNESTO DE PAULA SANTOS;;;PROX AO SHOPPING RECIFE / EM FRENTE AO POSTO D EGASOLINA BR;BOA VIAGEM;;;COLISÃO FRONTAL;1;1;0;0;0;0;0;0;0;1;0;;;;;;;;;;;;;
2023-07-17;segunda-feira ;08:39:00;COM VÍTIMA;BAIRRO DO RECIFE;CAIS;CAIS DO APOLO;;;EM FRENTE AO TRIBUNAL FEDERAL;BAIRRO DO RECIFE;;;COLISÃO LATERAL;0;1;0;0;0;0;1;0;0;1;0;;;;;;;;;;;;;
2023-07-17;segunda-feira ;08:46:00;COM VÍTIMA;CASA FORTE;EST;EST DAS UBAIAS;;;NO ESTASCIONAMENTO DO SUPERMERCADO BOM DEMAIS;CASA FORTE;;;COLISÃO FRONTAL;1;1;0;0;0;0;0;0;0;1;0;;;;;;;;;;;;;
2023-07-17;segunda-feira ;08:48:00;COM VÍTIMA;ALTO JOSE DO PINHO;COR;COR DO BARTOLOMEU;;;NA RODINHA PROX A ALEX CAR;ALTO JOSE DO PINHO;;;COLISÃO FRONTAL;1;1;0;0;0;0;0;0;0;1;0;;;;;;;;;;;;;
2023-07-17;segunda-feira ;09:10:00;COM VÍTIMA;IPSEP;AVENIDA;AVENIDA RECIFE;;;PROXIMO SAL E BRASA, NO CRUZAMENTO DO POSTO BR;IPSEP;;;COLISÃO LATERAL;0;2;0;0;0;0;0;0;0;2;0;;;;;;;;;;;;;
2023-07-17;segunda-feira ;09:38:00;COM VÍTIMA;CAXANGA;AVENIDA;AVENIDA CAXANGA;;;EM FRENTE AO POSTO DE GASOLINA PETROBRAS /  CONCERCIONARIA IPUTINGA AUTOMOVEL;CAXANGA;;CIDADE;COLISÃO TRASEIRA;0;1;0;0;0;0;0;0;0;1;0;;;;;;;;;;;;;
2023-07-17;segunda-feira ;10:53:00;COM VÍTIMA;ARRUDA;AVENIDA;AVENIDA BEBERIBE;;;EM FRENTRE AO MERCADÃO DO OLEO;ARRUDA;;;COLISÃO LATERAL;1;1;0;0;0;0;0;0;0;1;0;;;;;;;;;;;;;
2023-07-17;segunda-feira ;12:56:00;COM VÍTIMA;PINA;AVENIDA;AVENIDA HERCULANO BANDEIRA;;;PROX A OFICINA GUERRA / PROX A IGREJA CATOLICA;PINA;;;COLISÃO FRONTAL;0;1;0;0;0;0;0;0;0;1;0;;;;;;;;;;;;;
2023-07-17;segunda-feira ;01:51:00;COM VÍTIMA;CAXANGA;AVENIDA;AVENIDA CAXANGA;;;ESTAÇÃO GETULIO VARGAS;CAXANGA;;;ATROPELAMENTO DE PESSOA;0;1;0;0;1;0;0;0;0;1;0;;;;;;;;;;;;;
2023-07-17;segunda-feira ;02:47:00;COM VÍTIMA;NOVA DESCOBERTA;AVENIDA;AVENIDA VEREADOR OTACILIO AZEVEDO;;;APOS A UPA  ANTES DO TERMINAL DO BREJO;NOVA DESCOBERTA;;;COLISÃO LATERAL;1;1;0;0;0;0;0;0;0;2;0;;;;;;;;;;;;;
2023-07-17;segunda-feira ;03:20:00;COM VÍTIMA;CORDEIRO;AVENIDA;AVENIDA CAXANGA;;;AGRO UTIL;CORDEIRO;;;COLISÃO TRASEIRA;1;1;0;0;0;0;0;0;0;1;0;;;;;;;;;;;;;
2023-07-17;segunda-feira ;06:26:00;COM VÍTIMA;VARZEA;RUA;RUA DELMIRO GOUVEIA;;;EM FRENTE A ESTAÇAO DO BRT AREINHA E AO LADO DA CONCESSIONARIA YAMAHA;VARZEA;;;COLISÃO TRASEIRA;1;1;0;0;0;0;0;0;0;2;0;;;;;;;;;;;;;
2023-07-17;segunda-feira ;06:39:00;COM VÍTIMA;BARRO;RUA;RUA ANDRE DE ALBUQUERQUE;RUA;RUA RATICLIFE;IGREJA DO BARRO;BARRO;;;COLISÃO FRONTAL;1;1;0;0;0;0;0;0;0;1;0;;;;;;;;;;;;;
2023-07-17;segunda-feira ;07:31:00;SEM VÍTIMA;SANTO AMARO;RUA;RUA FREI CASSIMIRO;;;EM FRENTE AO COMITE DE OSMAR RICARDO;SANTO AMARO;;;COLISÃO LATERAL;3;0;0;0;0;0;0;0;0;0;0;;;;;;;;;;;;;
2023-07-17;segunda-feira ;07:58:00;COM VÍTIMA;DOIS IRMAOS;RUA;RUA MANUEL DE MEDEIROS;;;AO LADO DA UFRPE;DOIS IRMAOS;;;COLISÃO LATERAL;0;0;0;0;0;0;0;0;0;2;0;;;;;;;;;;;;;
2023-07-18;terça-feira ;07:36:00;COM VÍTIMA;BOA VIAGEM;RUA;RUA DOS NAVEGANTES;;;POR TRAZ DO CASTELINHO;BOA VIAGEM;;;COLISÃO LATERAL;1;1;0;0;0;0;0;0;0;1;0;;;;;;;;;;;;;
2023-07-18;terça-feira ;09:23:00;COM VÍTIMA;IPUTINGA;EST;EST DO BARBALHO;AVENIDA;AVENIDA MAURICIO DE NASSAU;PROXIMO AO DETRAN DA IPUTINGA;IPUTINGA;;;COLISÃO LATERAL;1;1;0;0;0;0;0;0;0;1;0;;;;;;;;;;;;;
2023-07-18;terça-feira ;09:42:00;COM VÍTIMA;BOA VIAGEM;AVENIDA;AVENIDA ENGENHEIRO DOMINGOS FERREIRA;;;APOS O CLINICAL CENTER;BOA VIAGEM;;;COLISÃO LATERAL;1;1;0;0;0;0;0;0;0;2;0;;;;;;;;;;;;;
2023-07-18;terça-feira ;11:10:00;COM VÍTIMA;PINA;AVENIDA;AVENIDA CELSO FURTADO (VIA MANGUE);;;PROX AO PRIMEIRO RADAR SENTIDO BOA VIAGEM;PINA;;;COLISÃO TRASEIRA;1;1;0;0;0;0;0;0;0;1;0;;;;;;;;;;;;;
2023-07-18;terça-feira ;11:53:00;COM VÍTIMA;ILHA DO RETIRO;AVENIDA;AVENIDA ENGENHEIRO ABDIAS DE CARVALHO;;;EM FRENTE AO SPORT CLUBE DE RECIFE;ILHA DO RETIRO;;;COLISÃO LATERAL;1;1;0;0;0;0;0;0;0;1;0;;;;;;;;;;;;;
2023-07-18;terça-feira ;12:45:00;COM VÍTIMA;CAXANGA;AVENIDA;AVENIDA CAXANGA;;;E/F A CASA DE PRODUTO AGROPECUARIO RANCHO ALEGRE  S/T SUB;CAXANGA;;;COLISÃO LATERAL;0;2;0;0;0;0;0;0;0;3;0;;;;;;;;;;;;;
2023-07-18;terça-feira ;01:19:00;SEM VÍTIMA;VARZEA;AVENIDA;AVENIDA AFONSO OLINDENSE;;;EM FRENTE AO COLEGIO SALEZIANO MAZARELLO;VARZEA;;SUBURBIO;;1;1;0;0;0;0;0;0;0;0;0;;;;;;;;;;;;;
2023-07-18;terça-feira ;01:48:00;COM VÍTIMA;AGUA FRIA;AVENIDA;AVENIDA ANIBAL BENEVOLO;;;E/F A ESCOLA ROSA MAGALHAES;AGUA FRIA;;;COLISÃO LATERAL;0;0;0;0;0;0;0;0;0;1;0;;;;;;;;;;;;;
2023-07-18;terça-feira ;02:18:00;COM VÍTIMA;TORRE;RUA;RUA JOSE BONIFACIO;;;E/F AO CARREFOUR;TORRE;;;COLISÃO LATERAL;0;0;0;0;0;0;0;0;0;1;0;;;;;;;;;;;;;