data;dia_semana;hora;natureza;bairro;logradouro_endereco;endereco;logradouro_detalhe_endereço;detalhe_endereco_acidente;complemento;bairro_cruzamento;num_semaforo;sentido_via;tipo;auto;moto;ciclom;ciclista;pedestre;onibus;caminhao;viatura;outros;vitimas;vitimasfatais;acidente_verificado;tempo_clima;situacao_semaforo;sinalizacao;condicao_via;conservacao_via;ponto_controle;situacao_placa;velocidade_max_via;mao_direcao;divisao_via1;divisao_via2;divisao_via3
2023-07-18;terça-feira ;02:25:00;COM VÍTIMA;MADALENA;AVENIDA;AVENIDA VISCONDE DE ALBUQUERQUE;;;PROX A PRAÇA  EÇA DE QUEIROZ  EO HOSPITAL D´AVIL A;MADALENA;;;COLISÃO LATERAL;1;1;0;0;0;0;0;0;0;1;0;;;;;;;;;;;;;
2023-07-18;terça-feira ;03:44:00;COM VÍTIMA;BONGI;AVENIDA;AVENIDA ENGENHEIRO ABDIAS DE CARVALHO;;;E/F AO POSTO BR;BONGI;;;COLISÃO LATERAL;0;0;0;0;0;0;0;0;0;1;0;;;;;;;;;;;;;
2023-07-18;terça-feira ;03:48:00;SEM VÍTIMA;SANTO ANTONIO;RUA;RUA IMPERADOR PEDRO SEGUNDO;;;OPOSTO;SANTO ANTONIO;;;COLISÃO TRASEIRA;1;0;0;0;0;0;0;1;0;0;0;;;;;;;;;;;;;
2023-07-18;terça-feira ;03:51:00;COM VÍTIMA;IMBIRIBEIRA;AVENIDA;AVENIDA MARECHAL MASCARENHAS DE MORAES;;;PROX AO LOCALIZA E O AEROPORTO;IMBIRIBEIRA;;;COLISÃO LATERAL;0;0;0;0;0;0;0;0;0;1;0;;;;;;;;;;;;;
2023-07-18;terça-feira ;02:59:00;COM VÍTIMA;ESTANCIA;RUA;RUA SAO MIGUEL;RUA;RUA OLEGARIO MARIANO;;ESTANCIA;;;COLISÃO LATERAL;1;2;0;0;0;0;0;0;0;3;0;;;;;;;;;;;;;
2023-07-18;terça-feira ;05:48:00;COM VÍTIMA;JORDAO;AVENIDA;AVENIDA JULIO CESAR;;;JORDAO BAIXO  POR TRAS DA CAPELA JOAO BATISTA  E PROX A CEMOTEC;JORDAO;;;COLISÃO LATERAL;0;0;1;0;0;0;0;0;0;1;0;;;;;;;;;;;;;
2023-07-18;terça-feira ;06:12:00;COM VÍTIMA;ARRUDA;RUA;RUA DAS MOCAS;;;AO LADO DO ARMAZEM CORAL;ARRUDA;;;COLISÃO LATERAL;1;2;0;0;0;0;0;0;0;1;0;;;;;;;;;;;;;
2023-07-18;terça-feira ;08:51:00;COM VÍTIMA;DOIS UNIDOS;AVENIDA;AVENIDA HILDEBRANDO DE VASCONCELOS;;;EM FRENTE A CELPE / NA ENTRADA DE DOIS UNIDOS;DOIS UNIDOS;;;COLISÃO LATERAL;1;1;0;0;0;0;0;0;0;2;0;;;;;;;;;;;;;
2023-07-18;terça-feira ;10:46:00;COM VÍTIMA;ESTANCIA;AVENIDA;AVENIDA DR JOSE RUFINO;;;PRÓXIMO A GALERIA MARGARIDA;ESTANCIA;;;COLISÃO TRANSVERSAL;1;1;0;0;0;0;0;0;0;1;0;;;;;;;;;;;;;
2023-07-19;quarta-feira ;07:00:00;COM VÍTIMA;BOA VIAGEM;RUA;RUA DEZ DE JULHO;;;MAIZOM CRISTAL;BOA VIAGEM;;;COLISÃO LATERAL;2;0;0;0;0;0;0;0;0;1;0;;;;;;;;;;;;;
2023-07-19;quarta-feira ;07:50:00;COM VÍTIMA;GRACAS;AVENIDA;AVENIDA RUI BARBOSA;;;EM FRENTE A CASA DOS FRIOS;GRACAS;;;COLISÃO FRONTAL;0;1;0;0;0;0;0;0;0;1;0;;;;;;;;;;;;;
2023-07-19;quarta-feira ;09:09:00;SEM VÍTIMA;NOVA DESCOBERTA;AVENIDA;AVENIDA CHAGAS FERREIRA;;;AO LADO DA  FABRICA DE AGUA MINERAL CEU AZUL;NOVA DESCOBERTA;;;COLISÃO FRONTAL;0;1;0;0;0;0;0;0;0;0;0;;;;;;;;;;;;;
2023-07-19;quarta-feira ;10:15:00;COM VÍTIMA;BOA VISTA;RUA;RUA DO PRINCIPE;;;NA ESQUINA DA FACULDADE CATOLICA;BOA VISTA;;;COLISÃO FRONTAL;0;1;0;0;0;0;0;0;0;1;0;;;;;;;;;;;;;
2023-07-19;quarta-feira ;11:35:00;COM VÍTIMA;AFOGADOS;RUA;RUA SAO MIGUEL;;;EM FRENTE MANU AUTO ELETRICA / PROX AO DELAGACIA DO DEPRATI;AFOGADOS;;;COLISÃO LATERAL;1;1;0;0;0;0;0;0;0;1;0;;;;;;;;;;;;;
2023-07-19;quarta-feira ;11:56:00;COM VÍTIMA;VASCO DA GAMA;RUA;RUA ALTO DO EUCALIPTO;;;PROX AO SUPERMECADO RENDE MAIS  / NA ENTRADA DA LADEIRA DO ALTO DO EUCALIPTO;VASCO DA GAMA;;;COLISÃO LATERAL;0;1;0;0;0;0;0;0;0;1;0;;;;;;;;;;;;;
2023-07-19;quarta-feira ;01:53:00;SEM VÍTIMA;AFOGADOS;RUA;RUA QUITERIO INACIO DE MELLO;;;EM FRENTE AO Nº 234;AFOGADOS;;SUBURBIO;COLISÃO TRASEIRA;2;1;0;0;0;0;0;0;0;0;0;;;;;;;;;;;;;
2023-07-19;quarta-feira ;04:49:00;COM VÍTIMA;VASCO DA GAMA;RUA;RUA ALTO TREZE DE MAIO;;;E/F A O MERCADINHO POLINARIO E PROX ASSOCIAÇAO MARCILIO DIAS;VASCO DA GAMA;;;COLISÃO LATERAL;0;0;0;0;0;0;0;0;0;1;0;;;;;;;;;;;;;
2023-07-19;quarta-feira ;06:05:00;COM VÍTIMA;SAO JOSE;AVENIDA;AVENIDA DANTAS BARRETO;;;EM FRENTE AO BRADESCO;SAO JOSE;;;ATROPELAMENTO DE PESSOA;0;0;0;0;1;1;0;0;0;1;0;;;;;;;;;;;;;
2023-07-19;quarta-feira ;08:39:00;COM VÍTIMA;BOA VIAGEM;AVENIDA;AVENIDA ENGENHEIRO DOMINGOS FERREIRA;;;PRÓXIMO AO CARREFOUR;BOA VIAGEM;;;COLISÃO TRANSVERSAL;1;1;0;0;0;0;0;0;0;1;0;;;;;;;;;;;;;
2023-07-20;quinta-feira ;01:15:00;COM VÍTIMA;LINHA DO TIRO;RUA;RUA SODRELANDIA;;;NA SUBIDA DO CAMPO DO CAFÉ(DESCIDA DO CO,MPAZ;LINHA DO TIRO;;;COLISÃO LATERAL;1;1;0;0;0;0;0;0;0;1;0;;;;;;;;;;;;;
2023-07-20;quinta-feira ;01:50:00;SEM VÍTIMA;ENCRUZILHADA;AVENIDA;AVENIDA NORTE MIGUEL ARRAES DE ALENCAR;RUA;RUA ALFREDO DE CASTRO;E/F À CONCESSIONÁRIA REGENCE SENTIDO;ENCRUZILHADA;665;;CHOQUE;1;0;0;0;0;0;0;0;0;0;0;;;;;;;;;;;;;
2023-07-20;quinta-feira ;11:32:00;COM VÍTIMA;BOA VIAGEM;RUA;RUA DEZ DE JULHO;;;;BOA VIAGEM;;;CHOQUE;1;0;0;0;0;0;0;0;0;1;0;;;;;;;;;;;;;
2023-07-20;quinta-feira ;03:23:00;COM VÍTIMA;SANCHO;RUA;RUA APRIGIO GUIMARAES;;;APOIS AO COLEGIO ANIBAL FALCAO  PROX A IGREJA TESTEMUNHA DE GEOVÁ;SANCHO;;;COLISÃO FRONTAL;1;1;0;0;0;0;0;0;0;1;0;;;;;;;;;;;;;
2023-07-20;quinta-feira ;06:33:00;COM VÍTIMA;IPUTINGA;RUA;RUA LEAL DE BARROS;;;EM FRENTE AO COND. BAIRRO DOS ARTISTAS;IPUTINGA;;;COLISÃO FRONTAL;0;1;0;0;0;0;0;0;0;1;0;;;;;;;;;;;;;
2023-07-20;quinta-feira ;07:35:00;COM VÍTIMA;IMBIRIBEIRA;AVENIDA;AVENIDA MARECHAL MASCARENHAS DE MORAES;;;NA ENTRADA DA ILHA DE DEUS;IMBIRIBEIRA;;;COLISÃO FRONTAL;2;1;0;0;0;0;0;0;0;1;0;;;;;;;;;;;;;
2023-07-21;sexta-feira ;06:39:00;SEM VÍTIMA;IBURA;RUA;RUA CASSIANO LEITE;;;;IBURA;;SUBURBIO;CHOQUE;0;0;0;0;0;0;1;0;0;0;0;;;;;;;;;;;;;
2023-07-21;sexta-feira ;07:18:00;COM VÍTIMA;IBURA;AVENIDA;AVENIDA DOIS RIOS;;;EM FRENTE A IGREJA DOS MORMONS  / PROX A CLINICA ODONTO MEDICA;IBURA;;;COLISÃO FRONTAL;0;1;0;0;0;0;0;0;0;1;0;;;;;;;;;;;;;
2023-07-21;sexta-feira ;01:47:00;COM VÍTIMA;ILHA DO RETIRO;RUA;RUA BENFICA;;;AUTO ESCOLA  DO UNIÃO;ILHA DO RETIRO;;SUBURBIO;COLISÃO TRASEIRA;1;0;0;0;0;0;1;0;0;1;0;;;;;;;;;;;;;
2023-07-21;sexta-feira ;03:36:00;COM VÍTIMA;TAMARINEIRA;EST;EST VELHA DE AGUA FRIA;;;APÓS O DENOCS E EM FRENTE A MERCEARIA DEUS É FIEL;TAMARINEIRA;;;COLISÃO LATERAL;1;1;0;0;0;0;0;0;0;1;0;;;;;;;;;;;;;
2023-07-21;sexta-feira ;04:16:00;COM VÍTIMA;IPUTINGA;AVENIDA;AVENIDA MAURICIO DE NASSAU;;;ALTINO VENTURA;IPUTINGA;;;ATROPELAMENTO DE PESSOA;1;0;0;0;1;0;0;0;0;0;0;;;;;;;;;;;;;
2023-07-21;sexta-feira ;05:14:00;COM VÍTIMA;IMBIRIBEIRA;RUA;RUA JOAQUIM BANDEIRA;;;E/F A MITSUBISH  EA TARGENT BLIDAGEM;IMBIRIBEIRA;;;COLISÃO LATERAL;0;0;0;0;0;0;0;0;0;1;0;;;;;;;;;;;;;
2023-07-21;sexta-feira ;07:11:00;COM VÍTIMA;PINA;AVENIDA;AVENIDA ANTONIO DE GOES;;;PISTA DA DIREITA - APÓS O TRADE CENTER JCPM;PINA;;;COLISÃO COM CICLISTA;1;0;0;1;0;0;0;0;0;1;0;;;;;;;;;;;;;
2023-07-21;sexta-feira ;07:24:00;COM VÍTIMA;VARZEA;RUA;RUA DONA INES CORREA DE ARAUJO;;;PRÓXIMO AO EDFº TORRE DO MIRANTE;VARZEA;;;COLISÃO TRASEIRA;1;1;0;0;0;0;0;0;0;2;0;;;;;;;;;;;;;
2023-07-21;sexta-feira ;07:29:00;COM VÍTIMA;VARZEA;RUA;RUA DEPUTADO JOSE FRANCISCO DE MELO CAVALCANTI;;;NA  PRAÇA DE NOVA  MORADA;VARZEA;;;COLISÃO FRONTAL;1;1;0;0;0;0;0;0;0;1;0;;;;;;;;;;;;;
2023-07-21;sexta-feira ;11:02:00;COM VÍTIMA;MUSTARDINHA;AVENIDA;AVENIDA MANOEL GONCALVES DA LUZ;;;PRÓXIMO À PANIFICADORA FRATELLI;MUSTARDINHA;;;COLISÃO LATERAL;1;1;0;0;0;0;0;0;0;1;0;;;;;;;;;;;;;
2023-07-22;sábado ;08:33:00;SEM VÍTIMA;TORRE;RUA;RUA DIANOPOLIS;AVENIDA;AVENIDA PROFESSOR ESTEVAO FRANCISCO DA COSTA;;TORRE;589;;;1;0;0;0;0;0;0;0;0;0;0;;;;;;;;;;;;;
2023-07-22;sábado ;08:48:00;COM VÍTIMA;BOMBA DO HEMETERIO;RUA;RUA CHA DE ALEGRIA;;;EM FRENTE AO COLEGIO MARDONIO COELHO;BOMBA DO HEMETERIO;589;;COLISÃO LATERAL;0;0;1;0;0;0;0;0;0;1;0;;;;;;;;;;;;;
2023-07-22;sábado ;08:54:00;COM VÍTIMA;CORDEIRO;AVENIDA;AVENIDA INACIO MONTEIRO;;;O LADO DA LOJA DE CARRO BOXCAR E AO  ASSEMBLEIA DE DEUS;CORDEIRO;;;COLISÃO LATERAL;0;1;0;0;0;0;0;0;0;1;0;;;;;;;;;;;;;
2023-07-22;sábado ;09:00:00;COM VÍTIMA;BOA VIAGEM;AVENIDA;AVENIDA CELSO FURTADO (VIA MANGUE);;;FINAL DA VIA MANGUE;BOA VIAGEM;;CIDADE;ATROPELAMENTO DE PESSOA;1;0;0;0;1;0;0;0;0;1;0;;;;;;;;;;;;;
2023-07-22;sábado ;09:58:00;COM VÍTIMA;AREIAS;AVENIDA;AVENIDA RECIFE;RUA;RUA CAPITAO ESTEVAO FERNANDES;;AREIAS;85;;CHOQUE;1;0;0;0;0;0;0;0;0;1;0;;;;;;;;;;;;;
2023-07-22;sábado ;11:51:00;COM VÍTIMA;JAQUEIRA;AVENIDA;AVENIDA RUI BARBOSA;;;EM FRENTE AO PARQUE DA JAQUEIRA;JAQUEIRA;452;CIDADE;COLISÃO LATERAL;0;2;0;0;0;0;0;0;0;2;0;;;;;;;;;;;;;
2023-07-22;sábado ;12:12:00;COM VÍTIMA;SAO JOSE;CAIS;CAIS SANTA RITA;;;NA SUBIDA DA PONTE GIRATORIA SENTIDO MARCO ZERO APOS AS TORRES DAS GEMEAS;SAO JOSE;;;COLISÃO LATERAL;0;1;0;0;0;0;0;0;0;1;0;;;;;;;;;;;;;
2023-07-22;sábado ;12:21:00;COM VÍTIMA;VASCO DA GAMA;AVENIDA;AVENIDA NORTE MIGUEL ARRAES DE ALENCAR;;;PROX AO BRADESCO  E A FARMACIA PAGUE MENOS  VT 07 JA ESTA NO LOCAL;VASCO DA GAMA;;;COLISÃO LATERAL;1;1;0;0;0;0;0;0;0;1;0;;;;;;;;;;;;;
2023-07-22;sábado ;12:34:00;SEM VÍTIMA;SAN MARTIN;AVENIDA;AVENIDA ENGENHEIRO ABDIAS DE CARVALHO;;;LADO OPOSTO A FUNASE CENIP;SAN MARTIN;687;CIDADE;COLISÃO TRASEIRA;1;1;0;0;0;0;0;0;0;0;0;;;;;;;;;;;;;
2023-07-22;sábado ;02:36:00;COM VÍTIMA;ROSARINHO;RUA;RUA DR JOSE MARIA;;;E/F AO PORTAL DA PICANHA E A PADARIA E LANCHONETE PAO RECIFE;ROSARINHO;;;COLISÃO LATERAL;0;0;0;0;0;0;0;0;0;1;0;;;;;;;;;;;;;
2023-07-22;sábado ;06:17:00;COM VÍTIMA;BOA VISTA;AVENIDA;AVENIDA GOVERNADOR AGAMENON MAGALHAES;;;PROX AO BOM PREÇO DO PARQUE AMORIM E AO MC DONALDS  SENTIDO OLINDA;BOA VISTA;;SUBURBIO;COLISÃO LATERAL;0;1;0;0;0;0;0;0;0;1;0;;;;;;;;;;;;;
2023-07-22;sábado ;07:10:00;SEM VÍTIMA;NOVA DESCOBERTA;RUA;RUA NOVA DESCOBERTA;;;LADO OPOSTO AO ULTRAGAZ;NOVA DESCOBERTA;;SUBURBIO;;0;0;0;0;0;0;1;1;0;0;0;;;;;;;;;;;;;
2023-07-22;sábado ;07:54:00;COM VÍTIMA;MUSTARDINHA;RUA;RUA JOSE MOREIRA REIS;;;RUA DO SESI DA MUSTARDINHA;MUSTARDINHA;;;COLISÃO LATERAL;0;1;0;0;0;0;0;0;0;1;0;;;;;;;;;;;;;
2023-07-22;sábado ;09:37:00;COM VÍTIMA;IMBIRIBEIRA;AVENIDA;AVENIDA MARECHAL MASCARENHAS DE MORAES;;;POSTO IPIRANGA E LOCALIZA;IMBIRIBEIRA;;;COLISÃO COM CICLISTA;1;0;0;1;0;0;0;0;0;1;0;;;;;;;;;;;;;
2023-07-22;sábado ;09:37:00;COM VÍTIMA;IMBIRIBEIRA;AVENIDA;AVENIDA MARECHAL MASCARENHAS DE MORAES;;;PRÓXIMO A GRILLO;IMBIRIBEIRA;;;COLISÃO LATERAL;2;0;0;0;0;0;0;0;0;1;0;;;;;;;;;;;;;
2023-07-22;sábado ;10:02:00;COM VÍTIMA;AREIAS;AVENIDA;AVENIDA DR JOSE RUFINO;;;PRÓXIMO AO SENAI E HONDA DE AREIAS;AREIAS;;;COLISÃO LATERAL;0;1;0;0;0;0;0;0;0;1;0;;;;;;;;;;;;;
2023-07-22;sábado ;10:27:00;COM VÍTIMA;DERBY;RUA;RUA HENRIQUE DIAS;;;PRÓXIMO AO CINEMA DA FUNDAJ / COLÉGIO DA POLÍCIA;DERBY;;;COLISÃO LATERAL;0;1;0;0;0;0;0;0;0;1;0;;;;;;;;;;;;;
2023-07-23;domingo ;12:56:00;COM VÍTIMA;CORDEIRO;RUA;RUA GOMES TABORDA;;;PRÓXIMO AO VAPOR 82;CORDEIRO;;;COLISÃO LATERAL;0;0;0;0;0;0;0;0;0;1;0;;;;;;;;;;;;;
2023-07-23;domingo ;12:13:00;COM VÍTIMA;IBURA;RUA;RUA RIO XINGU;;;PROXIMO A OFICINA CENTRAL DE MOTOS E EM FRENTE AO ARMAZEM ANTÃO COMERCIO;IBURA;;;COLISÃO LATERAL;0;0;0;0;0;0;0;0;0;1;0;;;;;;;;;;;;;
2023-07-23;domingo ;03:26:00;COM VÍTIMA;IPSEP;RUA;RUA BLUMENAU;;;PROXIMO AO BAR DE LUCIANO;IPSEP;;;COLISÃO LATERAL;1;1;0;0;0;0;0;0;0;1;0;;;;;;;;;;;;;
2023-07-23;domingo ;06:43:00;COM VÍTIMA;SANTO AMARO;RUA;RUA DA AURORA;;;COM  A AV MARIO MELO (SEMAFORO Nº 090);SANTO AMARO;;;TOMBAMENTO;0;1;0;0;0;0;0;0;0;1;0;;;;;;;;;;;;;
2023-07-23;domingo ;07:02:00;COM VÍTIMA;PAISSANDU;AVENIDA;AVENIDA GOVERNADOR AGAMENON MAGALHAES;;;PONTE JOSE DE BARROS LIMA;PAISSANDU;;;COLISÃO TRANSVERSAL;1;1;0;0;0;0;0;0;0;1;0;;;;;;;;;;;;;
2023-07-23;domingo ;07:10:00;COM VÍTIMA;BARRO;AVENIDA;AVENIDA DR JOSE RUFINO;;;E  IGREJA  EVANGELICA DE AREIAS;BARRO;;;COLISÃO LATERAL;1;1;0;0;0;0;0;0;0;1;0;;;;;;;;;;;;;
2023-07-23;domingo ;08:49:00;SEM VÍTIMA;ALTO JOSE DO PINHO;COR;COR DO BARTOLOMEU;;;ESO CENTRO EDUCACIONAL;ALTO JOSE DO PINHO;;SUBURBIO;COLISÃO FRONTAL;1;0;0;0;0;1;0;0;0;0;0;;;;;;;;;;;;;
2023-07-23;domingo ;09:45:00;COM VÍTIMA;GRACAS;RUA;RUA ALBERTO PAIVA;;;PROXIMO A AVENIDA BEIRA RIO E AO MUSEU DO  ESTADO DE PERNAMBUCO;GRACAS;;;COLISÃO FRONTAL;1;1;0;0;0;0;0;0;0;1;0;;;;;;;;;;;;;
2023-07-24;segunda-feira ;01:21:00;COM VÍTIMA;SAO JOSE;RUA;RUA BRACO DO NORTE;;;;SAO JOSE;;;COLISÃO LATERAL;1;1;0;0;0;0;0;0;0;1;0;;;;;;;;;;;;;
2023-07-24;segunda-feira ;05:37:00;COM VÍTIMA;TOTO;RUA;RUA ONZE DE AGOSTO;;;EM FRENTE AO BIDÚ KRAUSE;TOTO;;;COLISÃO COM CICLISTA;0;0;0;1;0;1;0;0;0;1;0;;;;;;;;;;;;;
2023-07-24;segunda-feira ;06:37:00;COM VÍTIMA;SAO JOSE;RUA;RUA DO FORTE;;;PROX AO FORTE DAS CINCO PONTAS;SAO JOSE;;;CHOQUE;1;0;0;0;0;0;0;0;0;1;0;;;;;;;;;;;;;
2023-07-24;segunda-feira ;07:06:00;COM VÍTIMA;IMBIRIBEIRA;AVENIDA;AVENIDA MARECHAL MASCARENHAS DE MORAES;;;EM FRENTE A ANAC;IMBIRIBEIRA;;;COLISÃO TRASEIRA;0;1;0;0;0;1;0;0;0;1;0;;;;;;;;;;;;;
2023-07-24;segunda-feira ;07:54:00;COM VÍTIMA;JOANA BEZERRA;AVENIDA;AVENIDA ADVOGADO JOSE PAULO CAVALCANTI;RUA;RUA DES OTILIO NEIVA;PROX AO CENTRO DA ACD / NA RUA DO CANAL;JOANA BEZERRA;;;COLISÃO LATERAL;1;1;0;0;0;0;0;0;0;2;0;;;;;;;;;;;;;
2023-07-24;segunda-feira ;09:04:00;COM VÍTIMA;IMBIRIBEIRA;AVENIDA;AVENIDA MARECHAL MASCARENHAS DE MORAES;;;EM FRENTE A LOJA MARAVILHA MOTOS;IMBIRIBEIRA;;;COLISÃO LATERAL;0;2;0;0;0;0;0;0;0;2;0;;;;;;;;;;;;;
2023-07-24;segunda-feira ;11:25:00;COM VÍTIMA;CASA FORTE;RUA;RUA IRMA LUCIA;;;REF: EM FRENTE AO  EDIFÍCIO ENGENHO DA PRATA;CASA FORTE;;;ATROPELAMENTO DE PESSOA;1;0;0;0;1;0;0;0;0;1;0;;;;;;;;;;;;;
2023-07-24;segunda-feira ;02:00:00;COM VÍTIMA;NOVA DESCOBERTA;AVENIDA;AVENIDA VEREADOR OTACILIO AZEVEDO;;;NA ENTRADA DA MUBECA  PROX A CRECHE MARCIA BEZERRA DA COSTA;NOVA DESCOBERTA;;;COLISÃO LATERAL;0;0;0;0;0;0;0;0;0;1;0;;;;;;;;;;;;;
2023-07-24;segunda-feira ;02:07:00;COM VÍTIMA;AFOGADOS;RUA;RUA SAO MIGUEL;;;PROXIMO A IGREJA DA FÉ DO BRASIL E APOS O SÃO MIGUEL CENTER;AFOGADOS;;;COLISÃO TRASEIRA;1;1;0;0;0;0;0;0;0;1;0;;;;;;;;;;;;;
2023-07-24;segunda-feira ;02:13:00;COM VÍTIMA;BOA VIAGEM;RUA;RUA GENERAL EDSON AMANCIO RAMALHO;;;PROXIMO A ENTRADA DO SHOPPING RECIFE;BOA VIAGEM;;;COLISÃO LATERAL;0;0;0;0;0;0;0;0;0;1;0;;;;;;;;;;;;;
2023-07-24;segunda-feira ;03:02:00;COM VÍTIMA;BREJO DE BEBERIBE;AVENIDA;AVENIDA VEREADOR OTACILIO AZEVEDO;;;PRX A UPA DE NOVA DESCOBERTA;BREJO DE BEBERIBE;;;ATROPELAMENTO DE PESSOA;0;1;0;0;1;0;0;0;0;1;0;;;;;;;;;;;;;
2023-07-24;segunda-feira ;03:57:00;COM VÍTIMA;BAIRRO DO RECIFE;CAIS;CAIS DO APOLO;;;EM FRENTE A PREFEITURA DO RECIFE / SENTIDO PORTO DO RECIFE;BAIRRO DO RECIFE;;;COLISÃO LATERAL;0;0;0;0;0;0;0;0;0;1;0;;;;;;;;;;;;;
2023-07-24;segunda-feira ;04:31:00;COM VÍTIMA;ESPINHEIRO;AVENIDA;AVENIDA JOAO DE BARROS;;;PROXIMO A QUITANDARIA;ESPINHEIRO;;;COLISÃO LATERAL;0;0;0;0;0;0;0;0;0;1;0;;;;;;;;;;;;;
2023-07-24;segunda-feira ;05:19:00;SEM VÍTIMA;AFOGADOS;PTE;PTE DO MOTOCOLOMBO;;;EM CIMA DA PONTE / SENTIDO IMBIRIBEIRA;AFOGADOS;;;COLISÃO LATERAL;2;0;0;0;0;0;0;0;0;0;0;;;;;;;;;;;;;
2023-07-24;segunda-feira ;06:27:00;SEM VÍTIMA;AFOGADOS;RUA;RUA DA PAZ;;;APÓS A RECIFE GÁS, SOBRE A PONTE QUE DA ACESSO AO LARGO DA PAZ;AFOGADOS;;SUBURBIO;COLISÃO TRASEIRA;1;0;0;0;0;0;0;1;0;0;0;;;;;;;;;;;;;
2023-07-24;segunda-feira ;06:55:00;COM VÍTIMA;BOA VIAGEM;AVENIDA;AVENIDA ENGENHEIRO DOMINGOS FERREIRA;;;LOJA AMARELO MEL;BOA VIAGEM;;;COLISÃO COM CICLISTA;1;0;0;1;0;0;0;0;0;1;0;;;;;;;;;;;;;
2023-07-24;segunda-feira ;07:45:00;COM VÍTIMA;AGUA FRIA;RUA;RUA DA REGENERACAO;;;PROXIMO A POLICLINICA CAMPINA DO BARRETO;AGUA FRIA;;;COLISÃO FRONTAL;0;0;0;0;0;0;0;0;0;1;0;;;;;;;;;;;;;
2023-07-24;segunda-feira ;10:17:00;COM VÍTIMA;IMBIRIBEIRA;RUA;RUA JOAQUIM BANDEIRA;;;ABAIXO DO PONTILHÃO DO METRÔ NA ESTAÇÃO ANTÔNIO FALCÃO;IMBIRIBEIRA;;;COLISÃO FRONTAL;1;1;0;0;0;0;0;0;0;1;0;;;;;;;;;;;;;
2023-07-24;segunda-feira ;10:22:00;COM VÍTIMA;IBURA;AVENIDA;AVENIDA DOM HELDER CAMARA;;;NA ENTRADA DO IBURA EM FRENTE AO NÚCLEO POLICIAL;IBURA;;;COLISÃO FRONTAL;1;1;0;0;0;0;0;0;0;1;0;;;;;;;;;;;;;
2023-07-24;segunda-feira ;11:19:00;COM VÍTIMA;DOIS UNIDOS;RUA;RUA EPAMINONDAS MENDONCA;;;PRÓXIMO AO TERMINAL DE DOIS UNIDOS;DOIS UNIDOS;;;COLISÃO LATERAL;0;0;0;0;0;1;0;0;0;1;0;;;;;;;;;;;;;
2023-07-25;terça-feira ;07:28:00;COM VÍTIMA;CIDADE UNIVERSITARIA;AVENIDA;AVENIDA DOS ECONOMISTAS;;;DENTRO DA UFPE/ PROX A BIBLIOTECA;CIDADE UNIVERSITARIA;;;COLISÃO FRONTAL;0;1;0;0;0;0;0;0;0;1;0;;;;;;;;;;;;;
2023-07-25;terça-feira ;07:42:00;COM VÍTIMA;JARDIM SAO PAULO;RUA;RUA LEANDRO BARRETO;;;CRUZAMENTO DA RUA DA CAPELA / PROX A PADARIA LA ROQUE;JARDIM SAO PAULO;;;COLISÃO FRONTAL;0;1;0;0;0;0;0;0;0;1;0;;;;;;;;;;;;;
2023-07-25;terça-feira ;09:56:00;SEM VÍTIMA;LINHA DO TIRO;RUA;RUA URIEL DE HOLANDA;;;DEPOIS DO CAMPO DO CAFE / PROX A ANTIGO CAFE DE BEBERIBE;LINHA DO TIRO;;;COLISÃO TRASEIRA;2;0;0;0;0;1;0;0;0;0;0;;;;;;;;;;;;;
2023-07-25;terça-feira ;10:46:00;COM VÍTIMA;AREIAS;RUA;RUA CAPITAO ESTEVAO FERNANDES;AVENIDA;AVENIDA RECIFE;CRUZAMENTO DA AV RECIFE / AO LADO DO LAVA JATO CARRACA JATO;AREIAS;;;COLISÃO LATERAL;1;1;0;0;0;0;0;0;0;2;0;;;;;;;;;;;;;
2023-07-25;terça-feira ;11:26:00;COM VÍTIMA;AFLITOS;AVENIDA;AVENIDA CONS ROSA E SILVA;;;EM FRENTE A PADARIA PARLA DELY / AO COUNTRY CLUBE;AFLITOS;;;COLISÃO LATERAL;0;1;0;0;0;0;0;0;0;1;0;;;;;;;;;;;;;
2023-07-25;terça-feira ;11:37:00;COM VÍTIMA;BOA VIAGEM;AVENIDA;AVENIDA ANTONIO TORRES GALVAO;;;PROX AO COLEGIO CODINITIVO / EM FRENTE A AUDI;BOA VIAGEM;;;COLISÃO TRASEIRA;2;0;0;0;0;0;0;0;0;1;0;;;;;;;;;;;;;
2023-07-25;terça-feira ;12:04:00;COM VÍTIMA;CAMPO GRANDE;RUA;RUA ODORICO MENDES;;;PROX A COHAB / PROX A CENTRAL DE FLAGRANTES;CAMPO GRANDE;;;COLISÃO LATERAL;0;1;0;0;0;0;0;0;0;1;0;;;;;;;;;;;;;