data;dia_semana;hora;natureza;bairro;logradouro_endereco;endereco;logradouro_detalhe_endereço;detalhe_endereco_acidente;complemento;bairro_cruzamento;num_semaforo;sentido_via;tipo;auto;moto;ciclom;ciclista;pedestre;onibus;caminhao;viatura;outros;vitimas;vitimasfatais;acidente_verificado;tempo_clima;situacao_semaforo;sinalizacao;condicao_via;conservacao_via;ponto_controle;situacao_placa;velocidade_max_via;mao_direcao;divisao_via1;divisao_via2;divisao_via3
2023-07-25;terça-feira ;12:14:00;COM VÍTIMA;TORRE;RUA;RUA CONDE DE IRAJA;;;PROXIMO AO COLEGIO CRIATIVA E AO LADO DA FARMACIA PAGUE MENOS;TORRE;;;COLISÃO LATERAL;0;0;0;0;0;0;0;0;0;1;0;;;;;;;;;;;;;
2023-07-25;terça-feira ;01:14:00;COM VÍTIMA;IBURA;AVENIDA;AVENIDA RIO SAO FRANCISCO;;;PROXIMO A MERCEARIA DO JUCA E ASSEMBLEIA DE DEUS;IBURA;;;COLISÃO LATERAL;0;0;0;0;0;0;0;0;0;1;0;;;;;;;;;;;;;
2023-07-25;terça-feira ;01:21:00;COM VÍTIMA;MADALENA;RUA;RUA JOAO IVO DA SILVA;;;SAIDA DO TUNEL DA ABOLIÇÃO E PROXIMO AO POSTO PETROVIA;MADALENA;;;QUEDA;0;0;0;0;0;0;0;0;0;1;0;;;;;;;;;;;;;
2023-07-25;terça-feira ;02:15:00;COM VÍTIMA;ARRUDA;AVENIDA;AVENIDA BEBERIBE;;;PROXIMO AO BOMPREÇO;ARRUDA;;;COLISÃO LATERAL;0;0;0;0;0;0;0;0;0;1;0;;;;;;;;;;;;;
2023-07-25;terça-feira ;03:27:00;COM VÍTIMA;ARRUDA;AVENIDA;AVENIDA BEBERIBE;;;EM FRENTE AO ARMAZÉM CORAL;ARRUDA;;;COLISÃO TRANSVERSAL;1;1;0;0;0;0;0;0;0;2;0;;;;;;;;;;;;;
2023-07-25;terça-feira ;04:22:00;COM VÍTIMA;MACAXEIRA;RUA;RUA ANITA;;;PROX AO CAMPO DO UNIAO  E O MERCADINHO SAO SEBASTIÃO;MACAXEIRA;;;ATROPELAMENTO DE PESSOA;1;0;0;0;1;0;0;0;0;1;0;;;;;;;;;;;;;
2023-07-25;terça-feira ;04:51:00;SEM VÍTIMA;SAN MARTIN;AVENIDA;AVENIDA GENERAL SAN MARTIN;;;NA FRENTE DOS CORREIOS;SAN MARTIN;;;COLISÃO LATERAL;2;0;0;0;0;0;0;0;0;0;0;;;;;;;;;;;;;
2023-07-25;terça-feira ;05:25:00;COM VÍTIMA;SANTO AMARO;RUA;RUA ARNOBIO MARQUES;;;EM FRENTE A PORTARIA DO HOSPITAL OSVALDO CRUZ;SANTO AMARO;;;COLISÃO LATERAL;0;0;0;0;0;0;0;0;0;1;0;;;;;;;;;;;;;
2023-07-25;terça-feira ;05:56:00;COM VÍTIMA;TORRE;RUA;RUA MARCOS ANDRE;;;EM FRENTE AO CARREFOUR;TORRE;;;COLISÃO LATERAL;0;0;0;0;0;0;0;0;0;1;0;;;;;;;;;;;;;
2023-07-25;terça-feira ;06:34:00;SEM VÍTIMA;TORRE;RUA;RUA ANTONIO MACHADO;;;PROX AO  POSTO PETROCAL NA RUA DO CANAL;TORRE;;;COLISÃO TRASEIRA;2;0;0;0;0;0;0;0;0;0;0;;;;;;;;;;;;;
2023-07-25;terça-feira ;07:04:00;COM VÍTIMA;SANTO AMARO;AVENIDA;AVENIDA GOVERNADOR AGAMENON MAGALHAES;AVENIDA;AVENIDA JOAO DE BARROS;APÓS A CEF AGAMENOM MAGALHÃES - SOBRE O VIADUTO - SENTIDO OLINDA;SANTO AMARO;;SUBURBIO;QUEDA;0;1;0;0;0;0;0;0;0;1;0;;;;;;;;;;;;;
2023-07-25;terça-feira ;09:38:00;COM VÍTIMA;COHAB;AVENIDA;AVENIDA SANTOS;AVENIDA;AVENIDA RIO LARGO;PROXIMO A ESCOLA MUNICIPAL CRISTIANO CORDEIRO;COHAB;;;COLISÃO LATERAL;1;1;0;0;0;0;0;0;0;1;0;;;;;;;;;;;;;
2023-07-26;quarta-feira ;12:51:00;SEM VÍTIMA;COHAB;AVENIDA;AVENIDA SANTA FE;;;PROXIMO A IGREJA EL SHADAY;COHAB;;;TOMBAMENTO;0;0;0;0;0;0;1;0;0;0;0;;;;;;;;;;;;;
2023-07-26;quarta-feira ;05:32:00;COM VÍTIMA;SANTO AMARO;AVENIDA;AVENIDA CRUZ CABUGA;;;PRÓXIMO AO HOSPITAL NAVAL;SANTO AMARO;;;COLISÃO TRANSVERSAL;1;1;0;0;0;0;0;0;0;1;0;;;;;;;;;;;;;
2023-07-26;quarta-feira ;06:15:00;COM VÍTIMA;IMBIRIBEIRA;AVENIDA;AVENIDA PINHEIROS;RUA;RUA DAVID KAUFFMAN;PROX A ACADEMIA DE MARQUINHOS;IMBIRIBEIRA;;;QUEDA;0;1;0;0;0;0;0;0;0;1;0;;;;;;;;;;;;;
2023-07-26;quarta-feira ;08:27:00;COM VÍTIMA;SANTO AMARO;AVENIDA;AVENIDA CRUZ CABUGA;AVENIDA;AVENIDA NORTE MIGUEL ARRAES DE ALENCAR;;SANTO AMARO;;;COLISÃO FRONTAL;1;1;0;0;0;0;0;0;0;1;0;;;;;;;;;;;;;
2023-07-26;quarta-feira ;08:27:00;COM VÍTIMA;BAIRRO DO RECIFE;CAIS;CAIS SANTA RITA;;;AO LADO DO NOVO HOTEL;BAIRRO DO RECIFE;;;COLISÃO FRONTAL;2;0;0;0;0;0;0;0;0;1;0;;;;;;;;;;;;;
2023-07-26;quarta-feira ;09:47:00;COM VÍTIMA;AGUA FRIA;AVENIDA;AVENIDA BEBERIBE;RUA;RUA ABDON LIMA;EM FRENTE AO MERCADÃO DO  ÓLEO;AGUA FRIA;;;CHOQUE;1;0;0;0;0;1;0;0;0;1;0;;;;;;;;;;;;;
2023-07-26;quarta-feira ;09:58:00;COM VÍTIMA;SITIO DOS PINTOS;RUA;RUA MANUEL DE MEDEIROS;;;PROX A UFRPE;SITIO DOS PINTOS;;;COLISÃO TRASEIRA;1;1;0;0;0;0;0;0;0;1;0;;;;;;;;;;;;;
2023-07-26;quarta-feira ;10:13:00;COM VÍTIMA;LINHA DO TIRO;RUA;RUA URIEL DE HOLANDA;;;PROX AO TERMINAL DE ONIBUS DA LINHA DO TIRO / EM FRENTE A LOJA MAZINHOS MOTOS;LINHA DO TIRO;;;COLISÃO LATERAL;0;0;1;0;0;0;0;0;0;1;0;;;;;;;;;;;;;
2023-07-26;quarta-feira ;10:37:00;SEM VÍTIMA;BOA VISTA;RUA;RUA DO SOL;;;CORREIOS;BOA VISTA;;;COLISÃO LATERAL;1;0;0;0;0;0;0;1;0;0;0;;;;;;;;;;;;;
2023-07-26;quarta-feira ;10:42:00;COM VÍTIMA;SANTO AMARO;AVENIDA;AVENIDA GOVERNADOR AGAMENON MAGALHAES;;;APOS A CHEVROLET / SENTIDO BOA VIAGEM;SANTO AMARO;;;COLISÃO LATERAL;0;1;0;0;0;0;0;0;0;1;0;;;;;;;;;;;;;
2023-07-26;quarta-feira ;10:45:00;COM VÍTIMA;ENCRUZILHADA;RUA;RUA FERNANDO CESAR;;;PROX AO MERCADO PUBLICO / AO LADO DA PRAÇA;ENCRUZILHADA;;;COLISÃO FRONTAL;0;1;0;0;0;0;0;0;0;1;0;;;;;;;;;;;;;
2023-07-26;quarta-feira ;11:29:00;COM VÍTIMA;AREIAS;AVENIDA;AVENIDA RECIFE;AVENIDA;AVENIDA CAPITAO GREGORIO DE CALDAS;PROX AO HM VEÍCULOS / SENTIDO BOA VIAGEM , ANTES DO CARREFOUR / ANTIGO BOMPREÇO;AREIAS;494;;COLISÃO TRANSVERSAL;0;1;0;0;0;0;0;0;0;1;0;;;;;;;;;;;;;
2023-07-26;quarta-feira ;11:34:00;VÍTIMA FATAL;SANTO AMARO;RUA;RUA DO POMBAL;RUA;RUA FREI CASSIMIRO;PROX. A ANTIGA CTTU;SANTO AMARO;;;COLISÃO FRONTAL;1;1;0;0;0;0;0;0;0;0;1;;;;;;;;;;;;;
2023-07-26;quarta-feira ;12:02:00;COM VÍTIMA;SANTO AMARO;AVENIDA;AVENIDA GOVERNADOR AGAMENON MAGALHAES;;;DE FRENTE AO TACARUNA;SANTO AMARO;;;COLISÃO FRONTAL;1;1;0;0;0;0;0;0;0;1;0;;;;;;;;;;;;;
2023-07-26;quarta-feira ;03:01:00;COM VÍTIMA;SOLEDADE;AVENIDA;AVENIDA JOAO DE BARROS;;;EM FRNTE AOS BOMBEIROS;SOLEDADE;;;COLISÃO TRASEIRA;3;0;0;0;0;0;0;0;0;1;0;;;;;;;;;;;;;
2023-07-26;quarta-feira ;04:25:00;COM VÍTIMA;SANTO ANTONIO;PRC;PRC DA REPUBLICA;;;TRIBUNAL DA JUSTIÇA DE PE;SANTO ANTONIO;;;ATROPELAMENTO DE PESSOA;0;1;0;1;0;0;0;0;0;1;0;;;;;;;;;;;;;
2023-07-26;quarta-feira ;07:11:00;COM VÍTIMA;CORDEIRO;RUA;RUA PAES CABRAL;;;PRÓXIMO AO BAR DO VAPOR;CORDEIRO;;;COLISÃO TRANSVERSAL;1;1;0;0;0;0;0;0;0;1;0;;;;;;;;;;;;;
2023-07-26;quarta-feira ;08:31:00;COM VÍTIMA;JARDIM SAO PAULO;RUA;RUA LEANDRO BARRETO;;;EM CIMA DO VIADUTO;JARDIM SAO PAULO;;;COLISÃO LATERAL;0;1;0;0;0;0;0;0;0;1;0;;;;;;;;;;;;;
2023-07-26;quarta-feira ;09:05:00;SEM VÍTIMA;JOANA BEZERRA;RUA;RUA CABO EUTROPIO;RUA;RUA CAIBI;DEPÓSITO MANGABA;JOANA BEZERRA;;;CHOQUE;0;0;0;0;0;0;0;1;0;0;0;;;;;;;;;;;;;
2023-07-26;quarta-feira ;09:09:00;COM VÍTIMA;SAN MARTIN;RUA;RUA BONIFACIO DE ANDRADE;;;PRÓXIMO AO POSTO DE SAÚDE;SAN MARTIN;;;COLISÃO TRANSVERSAL;0;1;0;0;0;0;0;0;0;1;0;;;;;;;;;;;;;
2023-07-26;quarta-feira ;09:10:00;COM VÍTIMA;MADALENA;RUA;RUA JOAO IVO DA SILVA;;;APÓS O TÚNEL DA ABOLIÇÃO;MADALENA;;;COLISÃO LATERAL;0;1;0;0;0;0;0;0;0;1;0;;;;;;;;;;;;;
2023-07-26;quarta-feira ;09:26:00;SEM VÍTIMA;GRACAS;RUA;RUA JOAQUIM NABUCO;;;APÓS O HEMOPE;GRACAS;;;COLISÃO LATERAL;1;1;0;0;0;0;0;0;0;0;0;;;;;;;;;;;;;
2023-07-26;quarta-feira ;10:09:00;SEM VÍTIMA;ENGENHO DO MEIO;RUA;RUA DR MIGUEL VIEIRA FERREIRA;;;EM FRENTE A ESCOLA FONTAINHA DE ABREU;ENGENHO DO MEIO;;;COLISÃO TRANSVERSAL;2;0;0;0;0;0;0;0;0;0;0;;;;;;;;;;;;;
2023-07-27;quinta-feira ;03:05:00;COM VÍTIMA;IBURA;AVENIDA;AVENIDA DOIS RIOS;;;ENTRADA DO IBURA / SUPERMERCADO MR;IBURA;;;CAPOTAMENTO;1;0;0;0;0;0;0;0;0;3;0;;;;;;;;;;;;;
2023-07-27;quinta-feira ;06:07:00;COM VÍTIMA;PINA;PTE;PTE VICE PRESIDENTE JOSE ALENCAR;;;PONTE ESTAIADA, ACESSO AO RIO MAR;PINA;;;;0;1;0;0;0;0;0;1;0;1;0;;;;;;;;;;;;;
2023-07-27;quinta-feira ;07:03:00;COM VÍTIMA;TAMARINEIRA;EST;EST DO ARRAIAL;;;PROX A CASAS JOSE ARAUJO;TAMARINEIRA;;;COLISÃO LATERAL;0;2;0;0;0;0;0;0;0;1;0;;;;;;;;;;;;;
2023-07-27;quinta-feira ;07:04:00;COM VÍTIMA;ARRUDA;RUA;RUA DAS MOCAS;;;EM FRENTE AO BIBOX / POR TRÁS DO CAMPO DO SANTA CRUZ;ARRUDA;;;COLISÃO LATERAL;0;1;0;0;0;0;0;0;0;1;0;;;;;;;;;;;;;
2023-07-27;quinta-feira ;07:20:00;COM VÍTIMA;BOA VIAGEM;AVENIDA;AVENIDA BOA VIAGEM;;;ANTES DO PARQUE DONA LINDU / PROX AO QUIOSQUE BEIRA MAR 51;BOA VIAGEM;;;COLISÃO FRONTAL;0;1;0;0;0;0;0;0;0;1;0;;;;;;;;;;;;;
2023-07-27;quinta-feira ;08:27:00;COM VÍTIMA;ESTANCIA;AVENIDA;AVENIDA DR JOSE RUFINO;RUA;RUA BARAO DE BUIQUE;PRÓXIMO AO COLEGIO VISÃO;ESTANCIA;;;COLISÃO LATERAL;1;1;0;0;0;0;0;0;0;1;0;;;;;;;;;;;;;
2023-07-27;quinta-feira ;08:59:00;COM VÍTIMA;SANTO AMARO;AVENIDA;AVENIDA GOVERNADOR AGAMENON MAGALHAES;;;EM FRENTE AO ANTIGA FABRICA DO TACARUNA / DEPOIS DA CHEVROLET / SENTIDO BOA VIAGEM;SANTO AMARO;;;COLISÃO LATERAL;0;2;0;0;0;0;0;0;0;2;0;;;;;;;;;;;;;
2023-07-27;quinta-feira ;10:32:00;COM VÍTIMA;BOA VIAGEM;AVENIDA;AVENIDA CELSO FURTADO (VIA MANGUE);;;PROX AO BIG BOMPREÇO / APOS A DESCIDA DO VIADUTO;BOA VIAGEM;;;QUEDA;0;1;0;0;0;0;0;0;0;1;0;;;;;;;;;;;;;
2023-07-27;quinta-feira ;10:47:00;COM VÍTIMA;VARZEA;RUA;RUA BRASUELA;;;PROX AO BAR DO CARECA / E AO CANO DA COMPESA;VARZEA;;;COLISÃO LATERAL;1;0;0;0;0;0;0;0;0;1;0;;;;;;;;;;;;;
2023-07-27;quinta-feira ;10:55:00;COM VÍTIMA;TORRE;RUA;RUA PROFESSOR TRAJANO DE MENDONCA;;;APOS O POSTO DE GASOLINA SHELL / PROX AO ATACADO DOS PRESENTES;TORRE;;;COLISÃO FRONTAL;0;1;0;0;0;0;0;0;0;1;0;;;;;;;;;;;;;
2023-07-27;quinta-feira ;11:12:00;COM VÍTIMA;MORRO DA CONCEICAO;COR;COR DO BARTOLOMEU;;;PROX A RODINHA  /E PIZZARIA SORVETÃO;MORRO DA CONCEICAO;;;COLISÃO LATERAL;0;1;0;0;0;0;0;0;0;1;0;;;;;;;;;;;;;
2023-07-27;quinta-feira ;11:23:00;COM VÍTIMA;AREIAS;AVENIDA;AVENIDA DR JOSE RUFINO;;;APOS A HONDA;AREIAS;;;ATROPELAMENTO DE PESSOA;0;1;0;0;1;0;0;0;0;1;0;;;;;;;;;;;;;
2023-07-27;quinta-feira ;11:23:00;COM VÍTIMA;MACAXEIRA;AVENIDA;AVENIDA NORTE MIGUEL ARRAES DE ALENCAR;;;E/F PARQUE DA MACAXEIRA;MACAXEIRA;;;COLISÃO TRASEIRA;0;0;0;0;0;1;1;0;0;1;0;;;;;;;;;;;;;
2023-07-27;quinta-feira ;03:39:00;COM VÍTIMA;BONGI;EST;EST DO BONGI;;;EM FRENTE AO MOTEL COSTA AZUL/ E PROXIMO A IGREJA BATISTA;BONGI;;;COLISÃO LATERAL;0;0;0;0;0;0;0;0;0;1;0;;;;;;;;;;;;;
2023-07-27;quinta-feira ;04:23:00;COM VÍTIMA;ARRUDA;RUA;RUA BOLIVAR;;;PROXIMO AO CAMPO DO SANTA CRUZ E PROXIMO AO ARMAZEM CORAL;ARRUDA;;;COLISÃO LATERAL;0;0;0;0;0;0;0;0;0;1;0;;;;;;;;;;;;;
2023-07-27;quinta-feira ;06:13:00;COM VÍTIMA;PINA;AVENIDA;AVENIDA HERCULANO BANDEIRA;;;IGREJA DO PINA;PINA;;;COLISÃO TRASEIRA;1;1;0;0;0;0;0;0;0;1;0;;;;;;;;;;;;;
2023-07-27;quinta-feira ;06:26:00;COM VÍTIMA;IMBIRIBEIRA;AVENIDA;AVENIDA ENGENHEIRO ALVES DE SOUZA;;;AO LADO DO MERCADINHO QUALIMAX;IMBIRIBEIRA;;;COLISÃO LATERAL;1;1;0;0;0;0;0;0;0;1;0;;;;;;;;;;;;;
2023-07-27;quinta-feira ;06:50:00;COM VÍTIMA;CORDEIRO;AVENIDA;AVENIDA INACIO MONTEIRO;;;APOS EXPOSIÇÃO DOS ANIMAIS PROXIMO A FEIRA;CORDEIRO;;;COLISÃO LATERAL;1;1;0;0;0;0;0;0;0;1;0;;;;;;;;;;;;;
2023-07-27;quinta-feira ;08:48:00;COM VÍTIMA;IPSEP;AVENIDA;AVENIDA RECIFE;;;AV DOM HELDER CAMARA;IPSEP;;;COLISÃO LATERAL;1;1;0;0;0;0;0;0;0;1;0;;;;;;;;;;;;;
2023-07-28;sexta-feira ;07:48:00;COM VÍTIMA;IMBIRIBEIRA;AVENIDA;AVENIDA MARECHAL MASCARENHAS DE MORAES;;;EM FRENTE A JUSTIÇA FEDERAL / PROX AO AEROPORTO;IMBIRIBEIRA;;;COLISÃO FRONTAL;0;1;0;0;0;0;0;0;0;1;0;;;;;;;;;;;;;
2023-07-28;sexta-feira ;09:02:00;COM VÍTIMA;BAIRRO DO RECIFE;CAIS;CAIS DO APOLO;;;EM FRENTE A  PREFEITURA DO RECIFE!;BAIRRO DO RECIFE;340;CIDADE;TOMBAMENTO;0;1;0;0;0;0;0;0;0;1;0;;;;;;;;;;;;;
2023-07-28;sexta-feira ;12:51:00;SEM VÍTIMA;BOA VIAGEM;AVENIDA;AVENIDA BOA VIAGEM;;;EM FRENTE  CONDOMINIO RESIDENCIAL NUAMGULO;BOA VIAGEM;;;COLISÃO TRASEIRA;2;2;0;0;0;0;0;0;0;0;0;;;;;;;;;;;;;
2023-07-28;sexta-feira ;02:11:00;COM VÍTIMA;BRASILIA TEIMOSA;AVENIDA;AVENIDA BRASILIA FORMOSA;;;PROX  AO IATE CLUBE   E/F AO QUIOSQUE DO CABO;BRASILIA TEIMOSA;;;ATROPELAMENTO DE PESSOA;0;1;0;0;1;0;0;0;0;1;0;;;;;;;;;;;;;
2023-07-28;sexta-feira ;02:21:00;COM VÍTIMA;SAO JOSE;AVENIDA;AVENIDA DANTAS BARRETO;RUA;RUA SAO JOAO;EM FRENTE AO EDIFICIO SAN RAFAEL;SAO JOSE;54;;ATROPELAMENTO DE PESSOA;1;0;0;0;1;0;0;0;0;1;0;;;;;;;;;;;;;
2023-07-28;sexta-feira ;02:35:00;SEM VÍTIMA;AREIAS;AVENIDA;AVENIDA RECIFE;;;APOS A FARMACIA  PAGUE MENOS  E A CHURRASCARIA   PAJUÇARA S/T BOA VIAGEM;AREIAS;;;COLISÃO TRASEIRA;1;0;0;0;0;0;1;0;0;0;0;;;;;;;;;;;;;
2023-07-28;sexta-feira ;04:07:00;VÍTIMA FATAL;CAXANGA;AVENIDA;AVENIDA CAXANGA;;;MERCADO EXTRA;CAXANGA;;;COLISÃO LATERAL;0;1;0;0;0;1;0;0;0;0;1;;;;;;;;;;;;;
2023-07-28;sexta-feira ;04:15:00;COM VÍTIMA;IBURA;RUA;RUA SANTA LEOPOLDINA;;;PROX AO ESCRITORIO BAR DO IBURA DE BAIXO  PROX AV DOIS RIOS;IBURA;;;COLISÃO LATERAL;0;1;0;0;0;0;0;0;0;1;0;;;;;;;;;;;;;
2023-07-28;sexta-feira ;08:16:00;COM VÍTIMA;VARZEA;RUA;RUA GENERAL POLIDORO;;;EM FRENTE A ACADEMIA UNIT;VARZEA;;;COLISÃO FRONTAL;0;0;0;0;0;0;0;0;0;1;0;;;;;;;;;;;;;
2023-07-28;sexta-feira ;10:19:00;COM VÍTIMA;HIPODROMO;RUA;RUA MARQUES DE BAIPENDI;;;PRÓXIMO A PRAÇA MENDES SÁ;HIPODROMO;;;COLISÃO LATERAL;0;1;0;0;0;0;0;0;0;1;0;;;;;;;;;;;;;
2023-07-29;sábado ;05:11:00;SEM VÍTIMA;IMBIRIBEIRA;AVENIDA;AVENIDA MARECHAL MASCARENHAS DE MORAES;;;COM A ARUA JAMAIACA;IMBIRIBEIRA;;;COLISÃO TRASEIRA;1;1;0;0;0;0;0;0;0;0;0;;;;;;;;;;;;;
2023-07-29;sábado ;10:57:00;COM VÍTIMA;SANTO AMARO;AVENIDA;AVENIDA GOVERNADOR AGAMENON MAGALHAES;;;AO LADO SHOPPING TACARUNA / SENTIDO RECIFE;SANTO AMARO;;;COLISÃO FRONTAL;0;1;0;0;0;0;0;0;0;1;0;;;;;;;;;;;;;
2023-07-29;sábado ;02:25:00;COM VÍTIMA;BOA VIAGEM;RUA;RUA SIDERAL;;;PROXIMO AO RESTAURANTE DONA GULA;BOA VIAGEM;;;COLISÃO LATERAL;0;0;0;0;0;0;0;0;0;1;0;;;;;;;;;;;;;
2023-07-29;sábado ;07:07:00;COM VÍTIMA;TAMARINEIRA;RUA;RUA CONEGO BARATA;;;PRÓXIMO AO DNOCS;TAMARINEIRA;;;COLISÃO TRANSVERSAL;0;2;0;0;0;0;0;0;0;1;0;;;;;;;;;;;;;
2023-07-29;sábado ;07:16:00;COM VÍTIMA;MADALENA;RUA;RUA JOAO IVO DA SILVA;;;APOS O TUNEL DA ABOLIÇÃO,  PROX AO POSTO DE GASOLINA;MADALENA;;;COLISÃO TRANSVERSAL;1;1;0;0;0;0;0;0;0;2;0;;;;;;;;;;;;;
2023-07-29;sábado ;08:05:00;COM VÍTIMA;ARRUDA;RUA;RUA DAS MOCAS;RUA;RUA ZEFERINO AGRA;EM FRENTE A COMEDORIA CACULÉ;ARRUDA;;;COLISÃO LATERAL;1;1;0;0;0;0;0;0;0;1;0;;;;;;;;;;;;;
2023-07-29;sábado ;09:12:00;SEM VÍTIMA;IBURA;AVENIDA;AVENIDA DOIS RIOS;;;EM FRENTE A AUTO ESCOLA PILOTO;IBURA;;;COLISÃO TRASEIRA;2;0;0;0;0;0;0;0;0;0;0;;;;;;;;;;;;;
2023-07-30;domingo ;12:16:00;COM VÍTIMA;MANGABEIRA;AVENIDA;AVENIDA NORTE MIGUEL ARRAES DE ALENCAR;;;RUA TENENTE GONÇALVES E/F AO SESC DA AV NORTE;MANGABEIRA;;SUBURBIO;COLISÃO LATERAL;0;1;0;0;0;0;0;0;0;1;0;;;;;;;;;;;;;
2023-07-30;domingo ;12:18:00;COM VÍTIMA;ALTO SANTA TERESINHA;AVENIDA;AVENIDA ANIBAL BENEVOLO;;;APOS O COMPAZ DO ALTO SANTA TEREZINHA PROX AO ANTIGO MERDINHIO PASSIRA PROX A RUA DA FEIRA;ALTO SANTA TERESINHA;;;COLISÃO LATERAL;0;1;0;0;0;0;0;0;0;1;0;;;;;;;;;;;;;
2023-07-30;domingo ;12:52:00;COM VÍTIMA;JORDAO;RUA;RUA NOVA CANAA;;;PX AO TERMINAL DO JORDAO BAIXO E AO SUPEMRERCADO ECONOMICO;JORDAO;;;COLISÃO FRONTAL;1;1;0;0;0;0;0;0;0;2;0;;;;;;;;;;;;;
2023-07-30;domingo ;05:49:00;COM VÍTIMA;BOA VIAGEM;RUA;RUA CAMBOIM;RUA;RUA DEZ DE JULHO;EM FRENTE A MEISO CRISTAL ,PROX A ESTAÇÃO DO METRO DO AEROPORTO;BOA VIAGEM;;SUBURBIO;COLISÃO FRONTAL;1;1;0;0;0;0;0;0;0;1;0;;;;;;;;;;;;;
2023-07-30;domingo ;07:33:00;COM VÍTIMA;BOA VIAGEM;RUA;RUA CAMBOIM;;;PROX. AO RESTAURANTE MANIA CASEIRA;BOA VIAGEM;;;COLISÃO LATERAL;0;1;0;0;0;0;0;0;0;1;0;;;;;;;;;;;;;
2023-07-30;domingo ;08:09:00;COM VÍTIMA;VARZEA;AVENIDA;AVENIDA AFONSO OLINDENSE;;;PRÓXIMO A LOMBADA ELETRÔNICA;VARZEA;;;COLISÃO LATERAL;1;1;0;0;0;0;0;0;0;1;0;;;;;;;;;;;;;
2023-07-30;domingo ;08:16:00;COM VÍTIMA;VASCO DA GAMA;RUA;RUA VASCO DA GAMA;;;PROXIMO AO SESI DO VASCO;VASCO DA GAMA;;;COLISÃO LATERAL;0;1;0;0;0;0;0;0;0;1;0;;;;;;;;;;;;;
2023-07-30;domingo ;10:24:00;COM VÍTIMA;BOA VIAGEM;RUA;RUA ATLANTICO;;;CONDOMINIO ESTUDIO EVERESTI;BOA VIAGEM;;;COLISÃO FRONTAL;3;0;0;0;0;0;0;0;0;1;0;;;;;;;;;;;;;
2023-07-30;domingo ;11:32:00;COM VÍTIMA;IPUTINGA;TRV;TRV SANTA LUCIA;;;PROXIMO AO FITEIRO DO DOUGLAS;IPUTINGA;;;COLISÃO LATERAL;0;1;0;0;0;0;0;0;0;1;0;;;;;;;;;;;;;
2023-07-31;segunda-feira ;08:08:00;COM VÍTIMA;SANTO ANTONIO;RUA;RUA IMPERADOR PEDRO SEGUNDO;;;EM FRENTE A SECRETÁRIA DA FAZENDA;SANTO ANTONIO;;;COLISÃO LATERAL;1;1;0;0;0;0;0;0;0;1;0;;;;;;;;;;;;;
2023-07-31;segunda-feira ;09:10:00;COM VÍTIMA;AREIAS;RUA;RUA CARUARU;;;PRAÇA DA LAVADEIRAS;AREIAS;;;COLISÃO LATERAL;1;1;0;0;0;0;0;0;0;1;0;;;;;;;;;;;;;
2023-07-31;segunda-feira ;09:51:00;COM VÍTIMA;SANTO AMARO;RUA;RUA TREZE DE MAIO;;;PX A BORRACHARIA MODESTO RUA DO SESC SENTIDO AVENIDA NORTE;SANTO AMARO;;;COLISÃO LATERAL;1;1;0;0;0;0;0;0;0;1;0;;;;;;;;;;;;;
2023-07-31;segunda-feira ;10:08:00;COM VÍTIMA;ILHA DO LEITE;AVENIDA;AVENIDA GOVERNADOR AGAMENON MAGALHAES;;;EM FRENTE AO HOSPITAL PORTUGUES;ILHA DO LEITE;;;COLISÃO LATERAL;0;1;0;0;0;0;0;0;0;1;0;;;;;;;;;;;;;
2023-07-31;segunda-feira ;02:48:00;COM VÍTIMA;SANTO AMARO;RUA;RUA TREZE DE MAIO;;;BORRACHARIA MODESTO;SANTO AMARO;;;COLISÃO LATERAL;0;0;0;0;0;0;0;0;0;1;0;;;;;;;;;;;;;
2023-07-31;segunda-feira ;03:01:00;COM VÍTIMA;SANTO AMARO;AVENIDA;AVENIDA CRUZ CABUGA;;;ASSEMBLEIA DE DEUS/ESTAÇÃO BRT;SANTO AMARO;;;COLISÃO LATERAL;0;0;0;0;0;0;0;0;0;1;0;;;;;;;;;;;;;
2023-07-31;segunda-feira ;05:59:00;COM VÍTIMA;IBURA;RUA;RUA RIO UNA;;;AUTO ESCOLA ARCO IRIS;IBURA;;;COLISÃO LATERAL;0;0;0;0;0;0;0;0;0;1;0;;;;;;;;;;;;;
2023-07-31;segunda-feira ;06:16:00;COM VÍTIMA;IMBIRIBEIRA;AVENIDA;AVENIDA MARECHAL MASCARENHAS DE MORAES;;;EM FRENTE A UNIVERSO / SENTIDO AEROPORTO;IMBIRIBEIRA;;;ATROPELAMENTO DE PESSOA;0;1;0;0;1;0;0;0;0;1;0;;;;;;;;;;;;;
2023-07-31;segunda-feira ;06:23:00;COM VÍTIMA;IBURA;AVENIDA;AVENIDA JORNALISTA COSTA PORTO;;;COMPESA;IBURA;;;COLISÃO LATERAL;0;0;0;0;0;0;0;0;0;1;0;;;;;;;;;;;;;