data;dia_semana;hora;natureza;bairro;logradouro_endereco;endereco;logradouro_detalhe_endereço;detalhe_endereco_acidente;complemento;bairro_cruzamento;num_semaforo;sentido_via;tipo;auto;moto;ciclom;ciclista;pedestre;onibus;caminhao;viatura;outros;vitimas;vitimasfatais;acidente_verificado;tempo_clima;situacao_semaforo;sinalizacao;condicao_via;conservacao_via;ponto_controle;situacao_placa;velocidade_max_via;mao_direcao;divisao_via1;divisao_via2;divisao_via3
2023-08-07;segunda-feira ;07:03:00;COM VÍTIMA;CASA AMARELA;AVENIDA;AVENIDA NORTE MIGUEL ARRAES DE ALENCAR;;;NA ENTRADA DA MANGABEIRA SENTIDO CIDADE;CASA AMARELA;;;COLISÃO LATERAL;0;1;0;0;0;0;0;0;0;1;0;;;;;;;;;;;;;
2023-08-07;segunda-feira ;07:45:00;COM VÍTIMA;JARDIM SAO PAULO;AVENIDA;AVENIDA LIBERDADE;;;EM FRENTE AO COND VILA JARDIM E A VIDRAÇARIA;JARDIM SAO PAULO;;;COLISÃO TRANSVERSAL;0;1;0;0;0;0;0;0;0;1;0;;;;;;;;;;;;;
2023-08-07;segunda-feira ;08:47:00;COM VÍTIMA;BOA VIAGEM;AVENIDA;AVENIDA BOA VIAGEM;;;HA 500 METROS DO HOSPITAL DA AERONAUTICA;BOA VIAGEM;;;COLISÃO TRASEIRA;1;1;0;0;0;0;0;0;0;1;0;;;;;;;;;;;;;
2023-08-07;segunda-feira ;10:37:00;COM VÍTIMA;IMBIRIBEIRA;AVENIDA;AVENIDA MARECHAL MASCARENHAS DE MORAES;;;EM FRENTE A FACULDADE;IMBIRIBEIRA;;;ATROPELAMENTO DE PESSOA;1;0;0;0;1;0;0;0;0;1;0;;;;;;;;;;;;;
2023-08-07;segunda-feira ;11:54:00;COM VÍTIMA;IBURA;AVENIDA;AVENIDA DOIS RIOS;;;LABORATORIO GILSOM CIDRIM;IBURA;;;COLISÃO LATERAL;1;1;0;0;0;0;0;0;0;1;0;;;;;;;;;;;;;
2023-08-07;segunda-feira ;06:27:00;COM VÍTIMA;LINHA DO TIRO;RUA;RUA SANTA MERCEDES;;;NA SUBIDA DA GONZAGA RECEPÇÕES, PX AO N144;LINHA DO TIRO;;;COLISÃO FRONTAL;0;1;0;0;0;0;0;0;0;1;0;;;;;;;;;;;;;
2023-08-07;segunda-feira ;06:42:00;COM VÍTIMA;IPSEP;RUA;RUA PROFESSOR JOSE VICENTE;;;NA RUA DO CANAL PROX AO MERCADINHO CONVENÇÃO;IPSEP;;;COLISÃO FRONTAL;0;1;0;0;0;0;0;0;0;1;0;;;;;;;;;;;;;
2023-08-07;segunda-feira ;08:33:00;COM VÍTIMA;IPUTINGA;AVENIDA;AVENIDA MAURICIO DE NASSAU;EST;EST DO BARBALHO;;IPUTINGA;246;;COLISÃO LATERAL;0;1;0;1;0;0;0;0;0;1;0;;;;;;;;;;;;;
2023-08-08;terça-feira ;07:21:00;COM VÍTIMA;SAN MARTIN;AVENIDA;AVENIDA GENERAL SAN MARTIN;;;PROX A CAVALARIA // NA LOMBADA ELETRONICA;SAN MARTIN;;;COLISÃO LATERAL;0;1;0;0;0;0;0;0;0;1;0;;;;;;;;;;;;;
2023-08-08;terça-feira ;07:37:00;COM VÍTIMA;BOA VIAGEM;AVENIDA;AVENIDA CELSO FURTADO (VIA MANGUE);;;;BOA VIAGEM;;;COLISÃO TRASEIRA;0;0;0;0;0;0;0;0;0;1;0;;;;;;;;;;;;;
2023-08-08;terça-feira ;07:43:00;COM VÍTIMA;CASA FORTE;RUA;RUA LEONARDO BEZERRA CAVALCANTE;;;HOSPITAL MARIA LUCINDA // PET SHOOP;CASA FORTE;;;COLISÃO LATERAL;1;1;0;0;0;0;0;0;0;1;0;;;;;;;;;;;;;
2023-08-08;terça-feira ;07:55:00;COM VÍTIMA;SAN MARTIN;AVENIDA;AVENIDA GENERAL SAN MARTIN;;;PROXIMO A CAVALARIA;SAN MARTIN;;;COLISÃO LATERAL;0;1;0;0;0;0;0;0;0;1;0;;;;;;;;;;;;;
2023-08-08;terça-feira ;08:00:00;COM VÍTIMA;IBURA;AVENIDA;AVENIDA DOIS RIOS;;;PROXIMO A FARMACIA DIARIAMENTE E PROX A FARMACIA IDEPENDENTE;IBURA;;;COLISÃO LATERAL;0;1;0;0;0;0;0;0;0;1;0;;;;;;;;;;;;;
2023-08-08;terça-feira ;08:15:00;COM VÍTIMA;PINA;AVENIDA;AVENIDA ENGENHEIRO DOMINGOS FERREIRA;;;PROX AO MULTI POSTO / E AO HOTEL IBIS;PINA;;;COLISÃO LATERAL;1;1;0;0;0;0;0;0;0;1;0;;;;;;;;;;;;;
2023-08-08;terça-feira ;10:07:00;COM VÍTIMA;BAIRRO DO RECIFE;AVENIDA;AVENIDA BARBOSA LIMA;;;PROX AO SOF PET;BAIRRO DO RECIFE;;;COLISÃO LATERAL;0;1;0;0;0;0;0;0;0;1;0;;;;;;;;;;;;;
2023-08-08;terça-feira ;10:06:00;COM VÍTIMA;SAN MARTIN;AVENIDA;AVENIDA JOAO CABRAL DE MELO NETO;RUA;RUA TENENTE MINDELO;;SAN MARTIN;250;;COLISÃO LATERAL;0;2;0;0;0;0;0;0;0;1;0;;;;;;;;;;;;;
2023-08-08;terça-feira ;03:01:00;COM VÍTIMA;BEBERIBE;AVENIDA;AVENIDA BEBERIBE;;;EM FRENTE A FERREIRA PINTO;BEBERIBE;;;COLISÃO LATERAL;0;1;0;0;0;0;0;0;0;1;0;;;;;;;;;;;;;
2023-08-08;terça-feira ;04:20:00;COM VÍTIMA;BOA VISTA;RUA;RUA DA AURORA;RUA;RUA PRINCESA IZABEL;;BOA VISTA;;;COLISÃO TRASEIRA;0;2;0;0;0;0;0;0;0;1;0;;;;;;;;;;;;;
2023-08-08;terça-feira ;04:32:00;COM VÍTIMA;IBURA;AVENIDA;AVENIDA DOIS RIOS;;;PROX AO SESI E A CLINICA ODONTO MEDIC;IBURA;;;COLISÃO LATERAL;0;1;0;0;0;0;0;0;0;1;0;;;;;;;;;;;;;
2023-08-08;terça-feira ;04:33:00;COM VÍTIMA;SAO JOSE;RUA;RUA IMPERADOR PEDRO SEGUNDO;;;PROX A LOJA FERRO E AÇO;SAO JOSE;;;COLISÃO LATERAL;0;1;0;0;0;0;0;0;0;1;0;;;;;;;;;;;;;
2023-08-08;terça-feira ;04:38:00;COM VÍTIMA;SAO JOSE;RUA;RUA IMPERIAL;;;PRÓXIMO A JUCEPE;SAO JOSE;510;;COLISÃO LATERAL;0;1;0;0;0;0;1;0;0;1;0;;;;;;;;;;;;;
2023-08-08;terça-feira ;04:51:00;COM VÍTIMA;BOA VIAGEM;AVENIDA;AVENIDA DOM JOAO VI;RUA;RUA PEDRO PAES DE MENDONCA;PROX  AO BIG BOMPREÇO  FECHADO  E PROX AO NUMERO 200;BOA VIAGEM;;;COLISÃO LATERAL;1;1;0;0;0;0;0;0;0;1;0;;;;;;;;;;;;;
2023-08-08;terça-feira ;06:10:00;COM VÍTIMA;GRACAS;RUA;RUA AMELIA;;;EM FRENTE AO COLEGIO AGNES E A FARMACIA DROGASIL;GRACAS;;;COLISÃO LATERAL;0;1;0;0;0;0;0;0;0;1;0;;;;;;;;;;;;;
2023-08-08;terça-feira ;06:48:00;COM VÍTIMA;IPSEP;AVENIDA;AVENIDA RECIFE;;;EM FRENTE AO POSTO BR;IPSEP;393;;COLISÃO TRASEIRA;0;2;0;0;0;0;0;0;0;1;0;;;;;;;;;;;;;
2023-08-08;terça-feira ;08:52:00;COM VÍTIMA;BOA VIAGEM;RUA;RUA FELIX DE BRITO E MELO;;;EM FRENTA A FARMACIA DEPENDENDE, PROXIMO AO CARRIFOUR;BOA VIAGEM;;;COLISÃO FRONTAL;1;1;0;0;0;0;0;0;0;1;0;;;;;;;;;;;;;
2023-08-08;terça-feira ;10:49:00;COM VÍTIMA;TORROES;RUA;RUA IRANI;RUA;RUA ZUMBI DOS PALMARES;E/F AO MERCADINHO BEZERRA - AO LADO DA IGREJA BATISTA;TORROES;;;COLISÃO LATERAL;1;1;0;0;0;0;0;0;0;1;0;;;;;;;;;;;;;
2023-08-09;quarta-feira ;06:36:00;COM VÍTIMA;MACAXEIRA;AVENIDA;AVENIDA NORTE MIGUEL ARRAES DE ALENCAR;;;INTEGRAÇÃO DA MACAXEIRA;MACAXEIRA;;;ATROPELAMENTO DE PESSOA;0;0;0;0;0;1;0;0;0;1;0;;;;;;;;;;;;;
2023-08-09;quarta-feira ;07:23:00;COM VÍTIMA;VARZEA;AVENIDA;AVENIDA AFONSO OLINDENSE;;;PROX A LOMBADA ELETRONICA EM FRENTE A ACADEMIA GREEN ATENDIDO PELA BASICA 17 RECIFE(ARLIENE);VARZEA;;;COLISÃO LATERAL;1;1;0;0;0;0;0;0;0;1;0;;;;;;;;;;;;;
2023-08-09;quarta-feira ;07:25:00;COM VÍTIMA;BONGI;AVENIDA;AVENIDA ENGENHEIRO ABDIAS DE CARVALHO;;;EM FRENTE AO NOVO ATACAREJO;BONGI;;CIDADE;COLISÃO LATERAL;0;1;0;0;0;0;0;0;0;1;0;;;;;;;;;;;;;
2023-08-09;quarta-feira ;07:39:00;COM VÍTIMA;IPUTINGA;AVENIDA;AVENIDA MARIO ALVARES PEREIRA DE LYRA;;;PROX AO CANAL DO CAVOCO / PROX A ACADEMIA DA CIDADE;IPUTINGA;;;COLISÃO LATERAL;1;1;0;0;0;0;0;0;0;1;0;;;;;;;;;;;;;
2023-08-09;quarta-feira ;08:33:00;COM VÍTIMA;AREIAS;AVENIDA;AVENIDA DR JOSE RUFINO;;;EM FRENTE A HONDA;AREIAS;;;COLISÃO LATERAL;0;1;0;0;0;0;0;0;0;1;0;;;;;;;;;;;;;
2023-08-09;quarta-feira ;10:55:00;SEM VÍTIMA;PINA;AVENIDA;AVENIDA REPUBLICA DO LIBANO;RUA;RUA NOGUEIRA DE SOUZA;;PINA;;;COLISÃO FRONTAL;1;0;0;0;0;0;1;0;0;0;0;;;;;;;;;;;;;
2023-08-09;quarta-feira ;12:32:00;COM VÍTIMA;SANTO AMARO;AVENIDA;AVENIDA DR JAYME DA FONTE;;;PROX A COMPESA / AO LADO LOJA RAIO BIKE;SANTO AMARO;;;ATROPELAMENTO DE PESSOA;1;0;0;0;1;0;0;0;0;1;0;;;;;;;;;;;;;
2023-08-09;quarta-feira ;12:52:00;COM VÍTIMA;ARRUDA;RUA;RUA DO MACHADO;;;PROX AO ESPERTINHO DO BIO / EM FRENTE IMPORIO DA CERVEJA;ARRUDA;;;COLISÃO FRONTAL;0;1;0;0;0;0;0;0;0;1;0;;;;;;;;;;;;;
2023-08-09;quarta-feira ;02:01:00;COM VÍTIMA;AFOGADOS;RUA;RUA SAO MIGUEL;;;E/F A  DISTRIBUIDORA RENASCER;AFOGADOS;;;COLISÃO LATERAL;1;1;0;0;0;0;0;0;0;1;0;;;;;;;;;;;;;
2023-08-09;quarta-feira ;02:39:00;COM VÍTIMA;BOA VIAGEM;RUA;RUA JOAO DIAS MARTINS;;;PROIX AO EDIFICIO MIRELAE AO FRATELLI TURISMO;BOA VIAGEM;;;COLISÃO LATERAL;0;1;0;0;0;0;0;0;0;1;0;;;;;;;;;;;;;
2023-08-09;quarta-feira ;07:09:00;COM VÍTIMA;CABANGA;VIADUTO;VIADUTO CAPITAO TEMUDO;;;SOBRE O VIADUTO;CABANGA;;;COLISÃO TRASEIRA;0;0;0;0;0;0;0;0;0;1;0;;;;;;;;;;;;;
2023-08-09;quarta-feira ;07:16:00;COM VÍTIMA;CORDEIRO;AVENIDA;AVENIDA INACIO MONTEIRO;;;ASSEMBLEIA DE DEUS;CORDEIRO;;;COLISÃO LATERAL;1;1;0;0;0;0;0;0;0;1;0;;;;;;;;;;;;;
2023-08-09;quarta-feira ;07:33:00;COM VÍTIMA;ILHA DO LEITE;RUA;RUA FRANCISCO ALVES;;;ESQUINA COM HOSPITAL ESPERANÇA;ILHA DO LEITE;;;COLISÃO FRONTAL;1;1;0;0;0;0;0;0;0;1;0;;;;;;;;;;;;;
2023-08-10;quinta-feira ;09:58:00;SEM VÍTIMA;SANTO AMARO;AVENIDA;AVENIDA GOVERNADOR AGAMENON MAGALHAES;;;PRÓXIMO A REITORIA;SANTO AMARO;;;COLISÃO LATERAL;1;0;0;0;0;0;0;1;0;0;0;;;;;;;;;;;;;
2023-08-10;quinta-feira ;10:02:00;COM VÍTIMA;SANTO ANTONIO;RUA;RUA FLORIANO PEIXOTO;;;AO LADO DA CASA DA CULTURA;SANTO ANTONIO;;;COLISÃO FRONTAL;0;1;0;0;0;0;0;0;0;1;0;;;;;;;;;;;;;
2023-08-10;quinta-feira ;11:23:00;COM VÍTIMA;TORRE;RUA;RUA REAL DA TORRE;;;EM FRENTE A ESCOLA DESPERTAR;TORRE;;;COLISÃO LATERAL;1;1;0;0;0;0;0;0;0;1;0;;;;;;;;;;;;;
2023-08-10;quinta-feira ;01:26:00;SEM VÍTIMA;CASA AMARELA;AVENIDA;AVENIDA NORTE MIGUEL ARRAES DE ALENCAR;;;ACADEMIA DA SAÚDE;CASA AMARELA;;;COLISÃO LATERAL;0;0;0;0;0;0;1;1;0;0;0;;;;;;;;;;;;;
2023-08-10;quinta-feira ;04:08:00;COM VÍTIMA;TORROES;AVENIDA;AVENIDA ENGENHEIRO ABDIAS DE CARVALHO;;;RETIFICA SÃO PEDRO;TORROES;;;COLISÃO LATERAL;1;2;0;0;0;0;0;0;0;2;0;;;;;;;;;;;;;
2023-08-10;quinta-feira ;06:03:00;COM VÍTIMA;IMBIRIBEIRA;AVENIDA;AVENIDA MARECHAL MASCARENHAS DE MORAES;;;EM FRENTE A FOCUS LOCADORA DE VEICULOS E PROX AO AEROPORTO;IMBIRIBEIRA;;;COLISÃO LATERAL;0;1;0;0;0;0;0;0;0;1;0;;;;;;;;;;;;;
2023-08-10;quinta-feira ;08:02:00;COM VÍTIMA;AREIAS;AVENIDA;AVENIDA DR JOSE RUFINO;;;PRÓXIMO À FARMÁCIA DROGASIL E POSTO SHELL;AREIAS;;;COLISÃO LATERAL;0;1;0;0;0;0;0;0;0;1;0;;;;;;;;;;;;;
2023-08-10;quinta-feira ;08:31:00;COM VÍTIMA;ZUMBI;RUA;RUA TOMAZ GONZAGA;;;PROXIMO AO EDF TEMER;ZUMBI;;;COLISÃO LATERAL;0;1;0;0;0;0;0;0;0;1;0;;;;;;;;;;;;;
2023-08-11;sexta-feira ;03:59:00;SEM VÍTIMA;MADALENA;RUA;RUA MENEZES DRUMOND;;;PROSSIMO DA PRAÇA DA MADALENA;MADALENA;;;COLISÃO TRASEIRA;3;0;0;0;0;0;0;1;0;0;0;;;;;;;;;;;;;
2023-08-11;sexta-feira ;07:55:00;COM VÍTIMA;IBURA;RUA;RUA DR BENIGNO JORDAO DE VASCONCELOS;;;PROX A UPA DE LAGOA ENCANTADA IBURA DE CIMA;IBURA;;;COLISÃO FRONTAL;0;1;0;0;0;0;0;0;0;1;0;;;;;;;;;;;;;
2023-08-11;sexta-feira ;07:59:00;SEM VÍTIMA;AREIAS;AVENIDA;AVENIDA RECIFE;;;PROX A LOJA ARMAZEM CORAL / NA DESCINDA DO VIATUDO DA ESTAÇÃO SANTA LUZIA, PROX AO SUPERMERCADO ATACADÃO;AREIAS;;SUBURBIO;COLISÃO LATERAL;1;0;0;0;0;0;1;0;0;0;0;;;;;;;;;;;;;
2023-08-11;sexta-feira ;10:45:00;COM VÍTIMA;MORRO DA CONCEICAO;RUA;RUA ITACOATIARA;;;SUB DO MORRO DA CONCEIÇÃO / EM FRENTE AO CALDO DE CANA;MORRO DA CONCEICAO;;;COLISÃO FRONTAL;0;1;0;0;0;0;0;0;0;1;0;;;;;;;;;;;;;
2023-08-11;sexta-feira ;10:55:00;COM VÍTIMA;MADALENA;RUA;RUA REAL DA TORRE;;;PROX AO POSTO SETA / ANTES DO MERCADO DA MADALENA;MADALENA;;;COLISÃO LATERAL;0;1;0;0;0;0;0;0;0;1;0;;;;;;;;;;;;;
2023-08-11;sexta-feira ;12:11:00;COM VÍTIMA;BOMBA DO HEMETERIO;RUA;RUA BOMBA DO HEMETERIO;;;PROX AO CONSULTORIO MEDICO /  E FUNERARIA CANAA;BOMBA DO HEMETERIO;;;COLISÃO LATERAL;0;1;0;0;0;0;0;0;0;1;0;;;;;;;;;;;;;
2023-08-11;sexta-feira ;12:44:00;COM VÍTIMA;CABANGA;AVENIDA;AVENIDA ENGENHEIRO JOSE ESTELITA;;;EM FRENTE A MOURA B / NO CAIS DO ESTELITA AO LADO DO CABANGA;CABANGA;;;COLISÃO LATERAL;1;0;0;0;0;0;0;0;0;1;0;;;;;;;;;;;;;
2023-08-11;sexta-feira ;02:32:00;COM VÍTIMA;AFOGADOS;RUA;RUA SAO MIGUEL;;;PROX A MATERNIDADE BANDEIRA FILHO E AO POSTO DE GASOLINA DISLURB;AFOGADOS;;;COLISÃO LATERAL;0;1;0;0;0;0;0;0;0;1;0;;;;;;;;;;;;;
2023-08-11;sexta-feira ;02:54:00;COM VÍTIMA;IMBIRIBEIRA;AVENIDA;AVENIDA GENERAL MAC ARTHUR;;;EM FRENTE AO POSTO BR APOS O LE PARQUE;IMBIRIBEIRA;;;COLISÃO LATERAL;1;0;0;0;0;0;0;0;0;1;0;;;;;;;;;;;;;
2023-08-11;sexta-feira ;05:05:00;COM VÍTIMA;IMBIRIBEIRA;RUA;RUA ARQUITETO LUIZ NUNES;;;SEMÁFORO 635;IMBIRIBEIRA;;;COLISÃO LATERAL;0;1;0;0;0;0;1;0;0;1;0;;;;;;;;;;;;;
2023-08-11;sexta-feira ;05:34:00;COM VÍTIMA;PAISSANDU;AVENIDA;AVENIDA ENGENHEIRO ABDIAS DE CARVALHO;;;POSTO IPIRANGA E PROXIMO A BURGER KING;PAISSANDU;;SUBURBIO;COLISÃO LATERAL;0;2;0;0;0;0;0;0;0;3;0;;;;;;;;;;;;;
2023-08-11;sexta-feira ;09:45:00;COM VÍTIMA;ESPINHEIRO;RUA;RUA DO ESPINHEIRO;;;EM FRENTEA A PADARIA ESPINHEIRO;ESPINHEIRO;;;COLISÃO LATERAL;1;1;0;0;0;0;0;0;0;1;0;;;;;;;;;;;;;
2023-08-11;sexta-feira ;10:48:00;SEM VÍTIMA;BOA VIAGEM;RUA;RUA DR LUIZ INACIO PESSOA DE MELO;;;PRÓXIMO AO MERCADO RM;BOA VIAGEM;;;COLISÃO FRONTAL;2;0;0;0;0;0;0;0;0;0;0;;;;;;;;;;;;;
2023-08-12;sábado ;07:20:00;COM VÍTIMA;AFOGADOS;RUA;RUA SANTA EDWIRGES;;;PROX AO CANAL E A IGREJA PREBITERIANA / DEPOIS DO ARQUIVO TRIBUNAL DE JUSTICA;AFOGADOS;;;COLISÃO LATERAL;1;1;0;0;0;0;0;0;0;1;0;;;;;;;;;;;;;
2023-08-12;sábado ;10:09:00;COM VÍTIMA;VARZEA;RUA;RUA ABATIA;;;PROX MERCADO BARATEIRO REAL;VARZEA;;;COLISÃO FRONTAL;0;1;0;0;0;0;0;0;0;1;0;;;;;;;;;;;;;
2023-08-12;sábado ;10:33:00;SEM VÍTIMA;LINHA DO TIRO;RUA;RUA SODRELANDIA;;;PROX A BARRACA DE BIU;LINHA DO TIRO;;;COLISÃO FRONTAL;1;1;0;0;0;0;0;0;0;0;0;;;;;;;;;;;;;
2023-08-12;sábado ;12:28:00;COM VÍTIMA;CABANGA;VIADUTO;VIADUTO PAPA JOAO PAULO II;;;ANTES DA ALÇA DA RUA IMPERIAL;CABANGA;;BOA VIAGEM;COLISÃO LATERAL;1;1;0;0;0;0;0;0;0;1;0;;;;;;;;;;;;;
2023-08-12;sábado ;12:36:00;COM VÍTIMA;SANTO AMARO;RUA;RUA DOIS DE JULHO;;;AO LADO DO SENAI;SANTO AMARO;;;COLISÃO LATERAL;1;1;0;0;0;0;0;0;0;1;0;;;;;;;;;;;;;
2023-08-12;sábado ;01:35:00;COM VÍTIMA;ILHA DO LEITE;RUA;RUA HENRIQUE DIAS;;;NOVO COCO BAMBU / SENTIDO BOA VIAGEM;ILHA DO LEITE;;;COLISÃO TRASEIRA;2;0;0;0;0;0;0;0;0;2;0;;;;;;;;;;;;;
2023-08-12;sábado ;02:08:00;COM VÍTIMA;CASA AMARELA;AVENIDA;AVENIDA NORTE MIGUEL ARRAES DE ALENCAR;;;EM FRENTE AO RESTAURANTE PAJE;CASA AMARELA;;CIDADE;COLISÃO TRASEIRA;1;3;0;0;0;0;0;0;0;2;0;;;;;;;;;;;;;
2023-08-12;sábado ;03:41:00;COM VÍTIMA;GRACAS;AVENIDA;AVENIDA RUI BARBOSA;;;EM FRENTE AO COLEGIO DAMAS;GRACAS;;;COLISÃO LATERAL;0;1;0;0;0;0;0;0;0;1;0;;;;;;;;;;;;;
2023-08-12;sábado ;04:25:00;COM VÍTIMA;DOIS IRMAOS;RUA;RUA DOIS IRMAOS;;;ANTES DO AÇUDE DE APIPUCOS;DOIS IRMAOS;;;COLISÃO LATERAL;0;0;0;0;0;0;0;0;0;1;0;;;;;;;;;;;;;
2023-08-12;sábado ;04:27:00;COM VÍTIMA;JORDAO;AVENIDA;AVENIDA DONA CARENTINA;;;TERMINAL DE ÔNIBUS;JORDAO;;;COLISÃO LATERAL;0;0;0;0;0;0;0;0;0;1;0;;;;;;;;;;;;;
2023-08-12;sábado ;08:48:00;COM VÍTIMA;JORDAO;AVENIDA;AVENIDA DONA CARENTINA;;;PRÓXIMO AO TERMINAL DE ÔNIBUS DO JORDÃO ALTO;JORDAO;;;COLISÃO LATERAL;0;1;0;0;0;0;0;0;0;1;0;;;;;;;;;;;;;
2023-08-12;sábado ;10:46:00;COM VÍTIMA;IMBIRIBEIRA;AVENIDA;AVENIDA MARECHAL MASCARENHAS DE MORAES;;;E/F À LOJA GRILLO FLORES E POSTO YPIRANGA;IMBIRIBEIRA;;;COLISÃO LATERAL;1;1;0;0;0;0;0;0;0;1;0;;;;;;;;;;;;;
2023-08-13;domingo ;12:03:00;COM VÍTIMA;IPSEP;AVENIDA;AVENIDA SALDANHA MARINHO;RUA;RUA SILVEIRA NETO;PRÓXIMO AO RESTAURANTE DO LUNA;IPSEP;;;COLISÃO LATERAL;0;1;0;0;0;0;0;0;0;1;0;;;;;;;;;;;;;
2023-08-13;domingo ;04:00:00;SEM VÍTIMA;BOA VIAGEM;AVENIDA;AVENIDA BOA VIAGEM;;;EDF. MARIA LEOPOLDINA;BOA VIAGEM;;;COLISÃO TRASEIRA;0;0;0;0;0;0;0;0;0;0;0;;;;;;;;;;;;;
2023-08-13;domingo ;05:26:00;COM VÍTIMA;SANTO AMARO;AVENIDA;AVENIDA CRUZ CABUGA;;;E/F À IGREJA UNIVERSAL DO REINO DE DEUS;SANTO AMARO;;;COLISÃO LATERAL;1;1;0;0;0;0;0;0;0;1;0;;;;;;;;;;;;;
2023-08-13;domingo ;09:41:00;COM VÍTIMA;IMBIRIBEIRA;AVENIDA;AVENIDA MARECHAL MASCARENHAS DE MORAES;;;AV MARE MASCARENHAS DE MORAES 7571 EM FRENTE AO AEROPORTO NA PARTE DE CARGA QUE ESTA EM CONSTRUÇAO PROX AO HOTEL IBIS PROX AO RETORNO;IMBIRIBEIRA;;;COLISÃO LATERAL;0;1;0;0;0;0;0;0;0;1;0;;;;;;;;;;;;;
2023-08-13;domingo ;12:30:00;COM VÍTIMA;BOMBA DO HEMETERIO;RUA;RUA BOMBA DO HEMETERIO;;;E/F A IGREJA UNIVERSAL  PROX AO NOVO ATACAREJO;BOMBA DO HEMETERIO;;;COLISÃO LATERAL;0;0;0;0;0;0;0;0;0;1;0;;;;;;;;;;;;;
2023-08-13;domingo ;01:42:00;COM VÍTIMA;JOANA BEZERRA;RUA;RUA JARAGUARI;;;PROX ACADEMIA DA CIDADE E A ESTAÇÃO JOANA BEZERRA;JOANA BEZERRA;;;COLISÃO LATERAL;0;1;0;0;0;0;0;0;0;1;0;;;;;;;;;;;;;
2023-08-13;domingo ;05:31:00;COM VÍTIMA;CASA AMARELA;EST;EST DO ARRAIAL;;;PROX A ESCOLA DOM VITAL E AO ARMAZEM TOSCANO;CASA AMARELA;;;COLISÃO LATERAL;0;1;0;0;0;0;0;0;0;1;0;;;;;;;;;;;;;
2023-08-13;domingo ;07:40:00;COM VÍTIMA;JARDIM SAO PAULO;AVENIDA;AVENIDA SAO PAULO;;;EM FRENTE A FARMÁCIA PAGUE MENOS;JARDIM SAO PAULO;;;COLISÃO FRONTAL;1;1;0;0;0;0;0;0;0;1;0;;;;;;;;;;;;;
2023-08-14;segunda-feira ;07:01:00;COM VÍTIMA;BOA VIAGEM;AVENIDA;AVENIDA DES JOSE NEVES;;;PX TUNEL,SENTIDO ATACADAO , SHOPING BOA VIAGEM;BOA VIAGEM;;;COLISÃO LATERAL;0;1;0;0;0;0;0;0;0;1;0;;;;;;;;;;;;;
2023-08-14;segunda-feira ;07:15:00;SEM VÍTIMA;BOA VIAGEM;AVENIDA;AVENIDA ENGENHEIRO DOMINGOS FERREIRA;RUA;RUA PROFESSOR JOSE BRANDAO;LADO OPOSTO A FARMACIA INDEPENDENTE;BOA VIAGEM;550;SUBURBIO;COLISÃO TRANSVERSAL;1;1;0;0;0;0;0;0;0;0;0;;;;;;;;;;;;;
2023-08-14;segunda-feira ;07:50:00;COM VÍTIMA;JIQUIA;AVENIDA;AVENIDA DR JOSE RUFINO;;;EM FRENTE A LOJA ARMAZEM CORAL  / BODE DO NO  / POSTO DO JOÃO DIAS;JIQUIA;;;COLISÃO FRONTAL;1;1;0;0;0;0;0;0;0;1;0;;;;;;;;;;;;;
2023-08-14;segunda-feira ;07:53:00;COM VÍTIMA;SANTO AMARO;AVENIDA;AVENIDA GOVERNADOR AGAMENON MAGALHAES;;;POSTO BR;SANTO AMARO;;;ATROPELAMENTO DE PESSOA;1;0;0;0;1;0;0;0;0;1;0;;;;;;;;;;;;;
2023-08-14;segunda-feira ;07:58:00;COM VÍTIMA;SAO JOSE;AVENIDA;AVENIDA SUL;;;PX A SEDE DO GALO E POSTO DE GASOLINA SAO JOSE;SAO JOSE;;;QUEDA;0;1;0;0;0;0;0;0;0;1;0;;;;;;;;;;;;;
2023-08-14;segunda-feira ;08:53:00;COM VÍTIMA;SANTO AMARO;AVENIDA;AVENIDA NORTE MIGUEL ARRAES DE ALENCAR;;;PX A PRAÇA DA PICANHA E A CHEVROLET VEICULOS;SANTO AMARO;;;COLISÃO LATERAL;0;1;0;0;0;0;0;0;0;1;0;;;;;;;;;;;;;
2023-08-14;segunda-feira ;09:17:00;COM VÍTIMA;SAO JOSE;RUA;RUA DAS CALCADAS;;;PROX A FARMACIA SUCESSO FARMA EM FRENTE AO ATACADO DOS PRESENTES;SAO JOSE;;;COLISÃO LATERAL;0;1;0;0;0;0;0;0;0;1;0;;;;;;;;;;;;;
2023-08-14;segunda-feira ;09:20:00;COM VÍTIMA;BOA VIAGEM;AVENIDA;AVENIDA ENGENHEIRO DOMINGOS FERREIRA;;;PROX A FARMACIA INDEPENDENTE;BOA VIAGEM;;;COLISÃO LATERAL;0;1;0;0;0;0;0;0;0;1;0;;;;;;;;;;;;;