data;dia_semana;hora;natureza;bairro;logradouro_endereco;endereco;logradouro_detalhe_endereço;detalhe_endereco_acidente;complemento;bairro_cruzamento;num_semaforo;sentido_via;tipo;auto;moto;ciclom;ciclista;pedestre;onibus;caminhao;viatura;outros;vitimas;vitimasfatais;acidente_verificado;tempo_clima;situacao_semaforo;sinalizacao;condicao_via;conservacao_via;ponto_controle;situacao_placa;velocidade_max_via;mao_direcao;divisao_via1;divisao_via2;divisao_via3
2023-08-14;segunda-feira ;09:50:00;COM VÍTIMA;TORRE;RUA;RUA SOUZA BANDEIRA;;;PROX A PADARIA DELIA DO TRIGO PROX A CASA DO BOLO;TORRE;;;COLISÃO LATERAL;0;1;0;0;0;0;0;0;0;1;0;;;;;;;;;;;;;
2023-08-14;segunda-feira ;10:11:00;COM VÍTIMA;ARRUDA;RUA;RUA CLARA;;;PROX AO ARMAZEM DA VIVIANE;ARRUDA;;;COLISÃO FRONTAL;0;1;0;0;0;0;0;0;0;1;0;;;;;;;;;;;;;
2023-08-14;segunda-feira ;10:23:00;COM VÍTIMA;CASA AMARELA;RUA;RUA ARNOLDO MAGALHAES;;;PROX COLEGIO CARLOS DE LIMA CAVALCANTE;CASA AMARELA;;;COLISÃO FRONTAL;0;1;0;0;0;0;0;0;0;1;0;;;;;;;;;;;;;
2023-08-14;segunda-feira ;12:00:00;COM VÍTIMA;VARZEA;AVENIDA;AVENIDA JOAQUIM RIBEIRO;;;PROX A FACUDADE UNINASSAL PROX A ESTACAO BRT BARREIRAS NO RETORNO;VARZEA;0;;COLISÃO LATERAL;0;1;0;0;0;0;0;0;0;1;0;;;;;;;;;;;;;
2023-08-14;segunda-feira ;12:00:00;COM VÍTIMA;CAXANGA;RUA;RUA RIBEIRO PESSOA;;;EM FRENTE A UPA DA CAXANGA / SENTIDO CAMARAGIBE;CAXANGA;;SUBURBIO;COLISÃO FRONTAL;1;1;0;0;0;0;0;0;0;1;0;;;;;;;;;;;;;
2023-08-14;segunda-feira ;12:53:00;COM VÍTIMA;TAMARINEIRA;EST;EST DO ARRAIAL;;;PROX A LOJA JOSÉ ARAUJO;TAMARINEIRA;;;COLISÃO FRONTAL;0;1;0;0;0;0;0;0;0;1;0;;;;;;;;;;;;;
2023-08-14;segunda-feira ;02:28:00;COM VÍTIMA;ESPINHEIRO;AVENIDA;AVENIDA JOAO DE BARROS;;;E/F AO POSTO SELECTA;ESPINHEIRO;;;QUEDA;0;1;0;0;0;0;0;0;0;1;0;;;;;;;;;;;;;
2023-08-14;segunda-feira ;03:37:00;SEM VÍTIMA;SANTO AMARO;AVENIDA;AVENIDA MARIO MELO;;;ASSEMBLEIA DE DEUS;SANTO AMARO;;;COLISÃO LATERAL;0;1;0;0;0;0;0;1;0;0;0;;;;;;;;;;;;;
2023-08-14;segunda-feira ;03:49:00;COM VÍTIMA;CASA FORTE;AVENIDA;AVENIDA DEZESSETE DE AGOSTO;;;HA 100 METROS DA PRAÇA DE CASA FORTE  E PROX AO ESCRITORIO CALDAS;CASA FORTE;;;COLISÃO LATERAL;0;1;0;0;0;0;0;0;0;1;0;;;;;;;;;;;;;
2023-08-14;segunda-feira ;05:46:00;COM VÍTIMA;BONGI;RUA;RUA ISAAC MARKMAN;;;NEOENERGIA;BONGI;;;COLISÃO LATERAL;0;0;0;0;0;0;0;0;0;1;0;;;;;;;;;;;;;
2023-08-14;segunda-feira ;05:46:00;COM VÍTIMA;SANTO AMARO;AVENIDA;AVENIDA GOVERNADOR AGAMENON MAGALHAES;;;PROXIMO AO POSTO POLICIAL / SENTIDO OLINDA;SANTO AMARO;;;COLISÃO LATERAL;0;1;0;0;0;0;0;0;0;1;0;;;;;;;;;;;;;
2023-08-14;segunda-feira ;05:46:00;COM VÍTIMA;CAXANGA;AVENIDA;AVENIDA CAXANGA;;;E/F A PADARIA REPUBLICA DO PAO   E PROX A EXPOSIÇAO DE ANIMAIS;CAXANGA;;;COLISÃO LATERAL;0;0;0;0;0;0;0;0;0;1;0;;;;;;;;;;;;;
2023-08-14;segunda-feira ;06:46:00;COM VÍTIMA;BAIRRO DO RECIFE;RUA;RUA DO BRUM;;;PREFEITURA;BAIRRO DO RECIFE;;;COLISÃO LATERAL;0;1;0;0;0;0;0;0;0;1;0;;;;;;;;;;;;;
2023-08-15;terça-feira ;06:40:00;COM VÍTIMA;CORDEIRO;RUA;RUA JORNALISTA TRAJANO CHACON;;;EM FRENTE AO PARQUE DE EXPOSIÇÕES DO CORDEIRO;CORDEIRO;;;COLISÃO LATERAL;0;1;0;0;0;1;0;0;0;1;0;;;;;;;;;;;;;
2023-08-15;terça-feira ;09:29:00;COM VÍTIMA;IPSEP;AVENIDA;AVENIDA RECIFE;;;PROX AO POSTO DE GASOLINA FEDERAL / PROX A GUSTAVO VEÍCULOS;IPSEP;;;COLISÃO TRASEIRA;0;1;0;0;0;0;0;0;0;1;0;;;;;;;;;;;;;
2023-08-15;terça-feira ;09:45:00;COM VÍTIMA;AFOGADOS;RUA;RUA VINTE E UM DE ABRIL;;;EM FRENTE A PADARIA IPIRANGA;AFOGADOS;;;COLISÃO TRASEIRA;0;2;0;0;0;0;0;0;0;1;0;;;;;;;;;;;;;
2023-08-15;terça-feira ;09:51:00;COM VÍTIMA;AFOGADOS;RUA;RUA VINTE E UM DE ABRIL;;;PROX AO ARRETADO DE BOM;AFOGADOS;;;COLISÃO LATERAL;1;1;0;0;0;0;0;0;0;1;0;;;;;;;;;;;;;
2023-08-15;terça-feira ;11:31:00;SEM VÍTIMA;BAIRRO DO RECIFE;RUA;RUA DO OBSERVATORIO;RUA;RUA DE SAO JORGE;POR TRÁS DA RECEITA FEDERAL   PEGANDO A ESQUINA DA MARINHA;BAIRRO DO RECIFE;;;COLISÃO TRASEIRA;1;0;0;0;0;0;0;1;0;0;0;;;;;;;;;;;;;
2023-08-15;terça-feira ;11:39:00;COM VÍTIMA;IMBIRIBEIRA;AVENIDA;AVENIDA MARECHAL MASCARENHAS DE MORAES;;;EM FRENTE ASSOCIAÇÃO DOS FORNECEDORES DE CANA  / PROX A FACULDADE UNIVERSO;IMBIRIBEIRA;;;COLISÃO LATERAL;0;1;0;0;0;0;0;0;0;1;0;;;;;;;;;;;;;
2023-08-15;terça-feira ;01:35:00;COM VÍTIMA;JOANA BEZERRA;VIADUTO;VIADUTO PAPA JOAO PAULO II;;;NA SUBIDA DO VIADUTO  S/T FORUM JOANA BEZERRA EO PINA;JOANA BEZERRA;;;COLISÃO TRASEIRA;1;1;0;0;0;0;0;0;0;1;0;;;;;;;;;;;;;
2023-08-15;terça-feira ;02:43:00;SEM VÍTIMA;SAO JOSE;RUA;RUA FLORIANO PEIXOTO;RUA;RUA PASSO DA PATRIA;EM FRENTE À ESTAÇÃO METRÔ DO RECIFE;SAO JOSE;;CIDADE;COLISÃO TRASEIRA;2;0;0;0;0;0;0;0;0;0;0;;;;;;;;;;;;;
2023-08-15;terça-feira ;02:49:00;SEM VÍTIMA;SAO JOSE;RUA;RUA PASSO DA PATRIA;;;EM FRENTE A MOTO CRUZ;SAO JOSE;;;COLISÃO TRASEIRA;1;0;0;0;0;0;0;1;0;0;0;;;;;;;;;;;;;
2023-08-15;terça-feira ;04:14:00;COM VÍTIMA;GRACAS;RUA;RUA DO FUTURO;;;EDF. SENHOR DO BONFIM;GRACAS;;;COLISÃO LATERAL;1;1;0;0;0;0;0;0;0;1;0;;;;;;;;;;;;;
2023-08-15;terça-feira ;06:17:00;SEM VÍTIMA;MADALENA;AVENIDA;AVENIDA CAXANGA;;;POSTO IPIRANGA;MADALENA;;SUBURBIO;COLISÃO;0;0;0;0;0;1;0;1;0;0;0;;;;;;;;;;;;;
2023-08-15;terça-feira ;06:43:00;COM VÍTIMA;BOA VISTA;RUA;RUA JOAO LIRA;RUA;RUA DA UNIAO;AO LADO DA COMPESA;BOA VISTA;;;ATROPELAMENTO DE PESSOA;1;0;0;0;1;0;0;0;0;1;0;;;;;;;;;;;;;
2023-08-15;terça-feira ;09:55:00;COM VÍTIMA;IMBIRIBEIRA;VIADUTO;VIADUTO TANCREDO NEVES;;;EM CIMA DO VIADUTO TANCREDO NEVES;IMBIRIBEIRA;;;COLISÃO TRASEIRA;1;1;0;0;0;0;0;0;0;1;0;;;;;;;;;;;;;
2023-08-15;terça-feira ;10:12:00;COM VÍTIMA;SAN MARTIN;RUA;RUA OUREM;;;RESIDENCIAL QUINTA DE SANTO ANTONIO;SAN MARTIN;;;COLISÃO LATERAL;0;1;0;0;0;0;0;0;0;1;0;;;;;;;;;;;;;
2023-08-15;terça-feira ;10:42:00;COM VÍTIMA;JOANA BEZERRA;RUA;RUA JARAGUARI;;;PRÓXIMO AO FORUM E ACADEMIA DA CIDADE;JOANA BEZERRA;;;ATROPELAMENTO DE PESSOA;0;0;0;0;1;1;0;0;0;1;0;;;;;;;;;;;;;
2023-08-16;quarta-feira ;01:20:00;COM VÍTIMA;CAXANGA;AVENIDA;AVENIDA JOAQUIM RIBEIRO;;;EM FRENTE AO POSTO DISLUB;CAXANGA;;;COLISÃO LATERAL;0;0;0;0;0;0;0;0;0;1;0;;;;;;;;;;;;;
2023-08-16;quarta-feira ;06:54:00;COM VÍTIMA;SANTO AMARO;AVENIDA;AVENIDA GOVERNADOR AGAMENON MAGALHAES;;;EM FRENTE A FABRICA TACARUNA;SANTO AMARO;;;COLISÃO LATERAL;0;1;0;0;0;0;0;0;0;1;0;;;;;;;;;;;;;
2023-08-16;quarta-feira ;08:05:00;COM VÍTIMA;TAMARINEIRA;RUA;RUA CONEGO BARATA;AVENIDA;AVENIDA CONS ROSA E SILVA;ANTES DO SINAL 061 COMENDORIA DA PIZZA;TAMARINEIRA;61;;COLISÃO FRONTAL;1;1;0;0;0;0;0;0;0;1;0;;;;;;;;;;;;;
2023-08-16;quarta-feira ;10:45:00;COM VÍTIMA;BOA VISTA;RUA;RUA DA SOLEDADE;;;EM FRENTE AO ALTINO VENTURA;BOA VISTA;;;COLISÃO FRONTAL;2;0;0;0;0;0;0;0;0;1;0;;;;;;;;;;;;;
2023-08-16;quarta-feira ;12:45:00;COM VÍTIMA;MUSTARDINHA;AVENIDA;AVENIDA MANOEL GONCALVES DA LUZ;;;PROX A FARMACIA INDEPENDENTE / PROX A PRAÇA DO ABC;MUSTARDINHA;;;COLISÃO FRONTAL;1;1;0;0;0;0;0;0;0;1;0;;;;;;;;;;;;;
2023-08-16;quarta-feira ;12:55:00;COM VÍTIMA;CAMPO GRANDE;RUA;RUA FARIAS NEVES;;;PROX A PRAÇA DE CAMPO GRANDE;CAMPO GRANDE;;;COLISÃO LATERAL;1;1;0;0;0;0;0;0;0;2;0;;;;;;;;;;;;;
2023-08-16;quarta-feira ;03:50:00;COM VÍTIMA;IMBIRIBEIRA;AVENIDA;AVENIDA MARECHAL MASCARENHAS DE MORAES;;;LADO OPOSTO À FERREIRA COSTA;IMBIRIBEIRA;;;COLISÃO LATERAL;0;1;0;0;0;0;0;0;0;1;0;;;;;;;;;;;;;
2023-08-16;quarta-feira ;04:18:00;COM VÍTIMA;ARRUDA;AVENIDA;AVENIDA BEBERIBE;;;SEMÁFORO 492;ARRUDA;;;COLISÃO LATERAL;1;1;0;0;0;0;0;0;0;1;0;;;;;;;;;;;;;
2023-08-16;quarta-feira ;04:47:00;COM VÍTIMA;IMBIRIBEIRA;AVENIDA;AVENIDA PINHEIROS;;;E/F AO CONDOMINIO  ILHA  CIRIUS   PROX A LAGOA DO ARAÇA;IMBIRIBEIRA;;;COLISÃO LATERAL;0;1;0;0;0;0;0;0;0;1;0;;;;;;;;;;;;;
2023-08-16;quarta-feira ;05:05:00;COM VÍTIMA;DOIS IRMAOS;RUA;RUA MANUEL DE MEDEIROS;;;BIBLIOTECA CENTRAL DA RURAL;DOIS IRMAOS;;;COLISÃO LATERAL;0;0;0;0;0;0;0;0;0;1;0;;;;;;;;;;;;;
2023-08-16;quarta-feira ;07:17:00;COM VÍTIMA;NOVA DESCOBERTA;AVENIDA;AVENIDA VEREADOR OTACILIO AZEVEDO;;;EM FRENTE AO ESPETINHO DO JUCA;NOVA DESCOBERTA;;;COLISÃO FRONTAL;1;1;0;0;0;0;0;0;0;1;0;;;;;;;;;;;;;
2023-08-16;quarta-feira ;07:21:00;COM VÍTIMA;ESPINHEIRO;AVENIDA;AVENIDA GOVERNADOR AGAMENON MAGALHAES;;;PROXIMO AO VIADUTO DA AV. JOÃO DE BARROS;ESPINHEIRO;;;COLISÃO FRONTAL;1;1;0;0;0;0;0;0;0;1;0;;;;;;;;;;;;;
2023-08-16;quarta-feira ;11:39:00;COM VÍTIMA;JARDIM SAO PAULO;RUA;RUA TAVARES DE HOLANDA;;;RUA TAVARES DE HOLANDA, . - SOBRE O VIADUTO DA AV RECIFE, QUE DAR ACESSO A CEASA.;JARDIM SAO PAULO;;;COLISÃO FRONTAL;0;1;0;0;0;0;0;0;0;1;0;;;;;;;;;;;;;
2023-08-17;quinta-feira ;01:41:00;COM VÍTIMA;CASA AMARELA;EST;EST DO ARRAIAL;;;DEPOIS DA LOJA FERREIRA COSTA;CASA AMARELA;;;COLISÃO LATERAL;0;1;0;0;0;0;1;0;0;1;0;;;;;;;;;;;;;
2023-08-17;quinta-feira ;02:13:00;COM VÍTIMA;SANTO AMARO;AVENIDA;AVENIDA NORTE MIGUEL ARRAES DE ALENCAR;RUA;RUA TREZE DE MAIO;;SANTO AMARO;36;;COLISÃO LATERAL;1;1;0;0;0;0;0;0;0;1;0;;;;;;;;;;;;;
2023-08-17;quinta-feira ;02:45:00;COM VÍTIMA;SANTO AMARO;RUA;RUA DA AURORA;;;EM FRENTE A ESCULTURA (TORTURA NUNCA MAIS);SANTO AMARO;;;CHOQUE;1;0;0;0;0;0;0;0;0;1;0;;;;;;;;;;;;;
2023-08-17;quinta-feira ;06:45:00;COM VÍTIMA;VARZEA;RUA;RUA PROFESSOR ANTONIO COELHO;RUA;RUA JOAO SALES MENEZES;NO SEMAFORO 651;VARZEA;;;COLISÃO LATERAL;2;0;0;0;0;0;0;0;0;1;0;;;;;;;;;;;;;
2023-08-17;quinta-feira ;07:21:00;COM VÍTIMA;SANTO AMARO;AVENIDA;AVENIDA CRUZ CABUGA;;;EM FRENTE AO HOSPITAL DE SANTO AMARO;SANTO AMARO;;;ATROPELAMENTO DE PESSOA;0;1;0;0;1;0;0;0;0;1;0;;;;;;;;;;;;;
2023-08-17;quinta-feira ;07:43:00;COM VÍTIMA;ARRUDA;AVENIDA;AVENIDA BEBERIBE;;;EM FRENTE AO CANAL DA CONSTRUÇÃO;ARRUDA;;;COLISÃO FRONTAL;1;1;0;0;0;0;0;0;0;1;0;;;;;;;;;;;;;
2023-08-17;quinta-feira ;10:25:00;COM VÍTIMA;SANTO AMARO;AVENIDA;AVENIDA CRUZ CABUGA;;;EM FRENTE AO HOSPITAL NAVAL;SANTO AMARO;;;COLISÃO LATERAL;0;1;0;0;0;1;0;0;0;1;0;;;;;;;;;;;;;
2023-08-17;quinta-feira ;11:03:00;SEM VÍTIMA;CASA AMARELA;EST;EST DO ARRAIAL;;;EM FRENTE AO GOPSITAL AGAMENON MAGALHAES;CASA AMARELA;;;COLISÃO LATERAL;2;0;0;0;0;0;0;0;0;0;0;;;;;;;;;;;;;
2023-08-17;quinta-feira ;11:16:00;COM VÍTIMA;AGUA FRIA;EST;EST VELHA DE AGUA FRIA;;;EM FRENTE AO DENOX;AGUA FRIA;;;COLISÃO LATERAL;0;1;0;0;0;0;0;0;0;1;0;;;;;;;;;;;;;
2023-08-17;quinta-feira ;01:11:00;COM VÍTIMA;BOA VISTA;AVENIDA;AVENIDA CONDE DA BOA VISTA;RUA;RUA DOM BOSCO;E/F A EMLURB;BOA VISTA;;;COLISÃO LATERAL;0;1;0;0;0;0;0;0;0;1;0;;;;;;;;;;;;;
2023-08-17;quinta-feira ;02:33:00;COM VÍTIMA;TORRE;RUA;RUA MARQUES DE MARICA;;;PROX A PRAÇA BARRETO DE CAMPELO;TORRE;;;COLISÃO LATERAL;0;1;0;0;0;0;0;0;0;1;0;;;;;;;;;;;;;
2023-08-17;quinta-feira ;05:09:00;COM VÍTIMA;CORREGO DO JENIPAPO;AVENIDA;AVENIDA DA RECUPERACAO;;;PROX A UPA;CORREGO DO JENIPAPO;;;COLISÃO TRASEIRA;1;1;0;0;0;0;0;0;0;1;0;;;;;;;;;;;;;
2023-08-17;quinta-feira ;09:17:00;COM VÍTIMA;IMBIRIBEIRA;RUA;RUA ITACARI;;;PRÓXIMO AO BANCO ITAÚ;IMBIRIBEIRA;;;COLISÃO TRANSVERSAL;0;1;0;0;0;0;0;0;0;1;0;;;;;;;;;;;;;
2023-08-17;quinta-feira ;09:19:00;COM VÍTIMA;BOA VIAGEM;AVENIDA;AVENIDA BOA VIAGEM;;;EM FRENTE AO QUIOSQUE 53 E EDF. EL GRECO;BOA VIAGEM;;;COLISÃO LATERAL;1;1;0;0;0;0;0;0;0;1;0;;;;;;;;;;;;;
2023-08-17;quinta-feira ;10:41:00;COM VÍTIMA;BOA VIAGEM;RUA;RUA CRUZEIRO DO FORTE;;;PROXIMO AO SINDICATO DOS AEROVIÁRIOS;BOA VIAGEM;;;COLISÃO LATERAL;1;1;0;0;0;0;0;0;0;1;0;;;;;;;;;;;;;
2023-08-18;sexta-feira ;07:23:00;COM VÍTIMA;ENCRUZILHADA;AVENIDA;AVENIDA BEBERIBE;;;EM FRENTE AO POSTO DE GASOLINA SHELL / PROX A FARMACIA DROGASIL;ENCRUZILHADA;;;COLISÃO FRONTAL;0;1;0;0;0;0;0;0;0;1;0;;;;;;;;;;;;;
2023-08-18;sexta-feira ;07:38:00;COM VÍTIMA;CAMPO GRANDE;RUA;RUA ODORICO MENDES;;;EM FRENTE AO STTYLLO SUPERMERCADO / PROX A CENTRAL DE F;CAMPO GRANDE;;;COLISÃO FRONTAL;0;0;0;0;0;0;0;0;0;1;0;;;;;;;;;;;;;
2023-08-18;sexta-feira ;07:59:00;COM VÍTIMA;JARDIM SAO PAULO;AVENIDA;AVENIDA LIBERDADE;;;PROX A ANTIGA DELEGACIA ROUBOS E FURTOS;JARDIM SAO PAULO;;;COLISÃO LATERAL;0;1;0;0;0;0;0;0;0;1;0;;;;;;;;;;;;;
2023-08-18;sexta-feira ;08:00:00;COM VÍTIMA;ESTANCIA;AVENIDA;AVENIDA RECIFE;;;EM FRENTE AO RESTAURANTE PICANHA REAL / PROX AO POSTO SHELL. SENTIDO  SAN MARTINS;ESTANCIA;;;COLISÃO LATERAL;0;1;0;0;0;0;0;0;0;1;0;;;;;;;;;;;;;
2023-08-18;sexta-feira ;08:37:00;COM VÍTIMA;TEJIPIO;AVENIDA;AVENIDA LIBERDADE;;;PROX AO CEMITERIO PARQUE DAS FLORES;TEJIPIO;;;COLISÃO TRANSVERSAL;1;1;0;0;0;0;0;0;0;1;0;;;;;;;;;;;;;
2023-08-18;sexta-feira ;09:21:00;COM VÍTIMA;IPSEP;AVENIDA;AVENIDA RECIFE;;;EM FRENTE A LOJA PNUS DAIVE SERNTIDO HOSPITAL GERAL DE AREIAS;IPSEP;;;COLISÃO TRASEIRA;0;1;0;0;0;0;0;0;0;1;0;;;;;;;;;;;;;
2023-08-18;sexta-feira ;11:05:00;COM VÍTIMA;BARRO;AVENIDA;AVENIDA DR JOSE RUFINO;;;PROX A IGREJA CATOLICA / E PROX A ESCOLA IMACULADA CONCEIÇÃO;BARRO;;;COLISÃO LATERAL;0;1;0;0;0;0;0;0;0;1;0;;;;;;;;;;;;;
2023-08-18;sexta-feira ;11:44:00;COM VÍTIMA;VASCO DA GAMA;RUA;RUA PIRIZAL;;;PROX A OFICINA MARCELO MOTOS , SEGUINDO PELA AV NORTE , SUBINDO O ALTO DO EUCALPTO PRIMEIRA RUA A DIREITA;VASCO DA GAMA;;;QUEDA;0;1;0;0;0;0;0;0;0;1;0;;;;;;;;;;;;;
2023-08-18;sexta-feira ;12:24:00;COM VÍTIMA;MADALENA;RUA;RUA JOSE OSORIO;;;EM FRENTE A AUTO CAR / PROX A CONCERSIONARIASR KALANGO;MADALENA;;;COLISÃO LATERAL;1;1;0;0;0;0;0;0;0;1;0;;;;;;;;;;;;;
2023-08-18;sexta-feira ;12:27:00;COM VÍTIMA;CORDEIRO;AVENIDA;AVENIDA MAURICIO DE NASSAU;;;PROX AO POSTO DE SAUDE JOSE DUSTAN / EMFRENTE AO RESTAURANTE AZINHA MASTER;CORDEIRO;;;COLISÃO FRONTAL;1;1;0;0;0;0;0;0;0;1;0;;;;;;;;;;;;;
2023-08-18;sexta-feira ;12:54:00;COM VÍTIMA;AFOGADOS;EST;EST DOS REMEDIOS;;;PROX AO ARMAZEM CORAL /  POSTO PRETONEC;AFOGADOS;;;COLISÃO LATERAL;0;1;0;0;0;0;0;0;0;1;0;;;;;;;;;;;;;
2023-08-18;sexta-feira ;01:00:00;COM VÍTIMA;BOA VISTA;RUA;RUA DO RIACHUELO;;;POR TRÁS DO HOSPITAL DO EXERCITO;BOA VISTA;;;COLISÃO LATERAL;0;2;0;0;0;0;0;0;0;2;0;;;;;;;;;;;;;
2023-08-18;sexta-feira ;01:17:00;COM VÍTIMA;BOA VIAGEM;RUA;RUA PADRE CABRAL;;;POR TRÁS DO RESTAURANTE TIO PEPI;BOA VIAGEM;;;COLISÃO LATERAL;0;1;0;0;0;0;0;0;0;1;0;;;;;;;;;;;;;
2023-08-18;sexta-feira ;01:29:00;SEM VÍTIMA;JARDIM SAO PAULO;AVENIDA;AVENIDA RECIFE;;;EM FRENTE A LOJA FUMÊ E PROXIMO AO RESTAURANTE SOMBRA DA MANGUEIRA/ SENTIDO BOA VIAGEM;JARDIM SAO PAULO;;;COLISÃO LATERAL;0;2;0;0;0;0;0;0;0;0;0;;;;;;;;;;;;;
2023-08-18;sexta-feira ;01:59:00;COM VÍTIMA;PINA;AVENIDA;AVENIDA REPUBLICA DO LIBANO;;;ENTRADA DO RIOMAR;PINA;;;COLISÃO FRONTAL;1;1;0;0;0;0;0;0;0;1;0;;;;;;;;;;;;;
2023-08-18;sexta-feira ;02:20:00;COM VÍTIMA;PINA;RUA;RUA NOGUEIRA DE SOUZA;;;PROX A ENTRADA DO SHOPPING RIOMAR;PINA;;;COLISÃO LATERAL;0;0;0;0;0;0;0;0;0;1;0;;;;;;;;;;;;;
2023-08-18;sexta-feira ;04:22:00;COM VÍTIMA;BOA VIAGEM;AVENIDA;AVENIDA DES JOSE NEVES;RUA;RUA RIBEIRO DE BRITO;PROX AO COLEGIO 2001  E  A OFICINA MARTELINHO DE OURO;BOA VIAGEM;;;COLISÃO LATERAL;1;0;0;0;0;0;0;0;0;1;0;;;;;;;;;;;;;
2023-08-18;sexta-feira ;04:23:00;COM VÍTIMA;BOA VIAGEM;AVENIDA;AVENIDA DES JOSE NEVES;;;NA SAIDA DO TUNEL;BOA VIAGEM;;;COLISÃO TRASEIRA;2;0;0;0;0;0;0;0;0;1;0;;;;;;;;;;;;;
2023-08-18;sexta-feira ;05:07:00;COM VÍTIMA;ARRUDA;RUA;RUA ANA MAURICIA WANDERLEY;;;PROX AO MR CROCK FRANGO FRITO  E A ESCOLA ANA NERY;ARRUDA;;;COLISÃO LATERAL;0;0;0;0;0;0;0;0;0;1;0;;;;;;;;;;;;;
2023-08-18;sexta-feira ;05:12:00;COM VÍTIMA;BOA VISTA;RUA;RUA DO RIACHUELO;;;E/F AO  COLEGIO PINTO JUNIOR;BOA VISTA;;;COLISÃO LATERAL;0;0;0;0;0;0;0;0;0;1;0;;;;;;;;;;;;;
2023-08-18;sexta-feira ;07:45:00;COM VÍTIMA;SANTO AMARO;AVENIDA;AVENIDA GOVERNADOR AGAMENON MAGALHAES;;;PRÓXIMO AO POSTO BR - SENTIDO OLINDA;SANTO AMARO;;;COLISÃO LATERAL;0;1;0;0;0;0;0;0;0;1;0;;;;;;;;;;;;;
2023-08-18;sexta-feira ;08:19:00;COM VÍTIMA;VARZEA;RUA;RUA GENERAL POLIDORO;RUA;RUA BATINGA;EM A FARMACIA ESPERANÇA;VARZEA;;;COLISÃO LATERAL;1;1;0;0;0;0;0;0;0;1;0;;;;;;;;;;;;;
2023-08-18;sexta-feira ;09:04:00;SEM VÍTIMA;AREIAS;AVENIDA;AVENIDA DR JOSE RUFINO;;;FARMÁCIA DROGASIL / IGREJA PRESBITERIANA;AREIAS;44;CIDADE;COLISÃO LATERAL;0;1;0;0;0;0;0;1;0;0;0;;;;;;;;;;;;;
2023-08-18;sexta-feira ;10:20:00;COM VÍTIMA;IPUTINGA;AVENIDA;AVENIDA HISTORIAD JORDAO EMERENCIANO;;;PRÓXIMO AO ATACADÃO DA BR 101;IPUTINGA;;;COLISÃO LATERAL;0;1;0;0;0;0;0;0;0;1;0;;;;;;;;;;;;;
2023-08-19;sábado ;12:09:00;SEM VÍTIMA;TORROES;AVENIDA;AVENIDA ENGENHEIRO ABDIAS DE CARVALHO;;;CIA DA PEÇA;TORROES;;SUBURBIO;CHOQUE;2;0;0;0;0;0;0;1;0;0;0;;;;;;;;;;;;;
2023-08-19;sábado ;09:19:00;SEM VÍTIMA;IMBIRIBEIRA;AVENIDA;AVENIDA MARECHAL MASCARENHAS DE MORAES;RUA;RUA DR TAVARES CORREIA;PRÓXIMO A LOJA CENTER AÇO;IMBIRIBEIRA;289;SUBURBIO;COLISÃO;1;0;0;0;0;0;1;0;0;0;0;;;;;;;;;;;;;
2023-08-19;sábado ;12:03:00;COM VÍTIMA;TORREAO;AVENIDA;AVENIDA GOVERNADOR AGAMENON MAGALHAES;;;EM FRENTE AO HOSPITAL MANDACARU O POSTO BR NO RETORNO;TORREAO;;;COLISÃO LATERAL;1;1;0;0;0;0;0;0;0;2;0;;;;;;;;;;;;;
2023-08-19;sábado ;12:28:00;COM VÍTIMA;ARRUDA;AVENIDA;AVENIDA BEBERIBE;;;E/F A LOJA CANAL DA CONSTRUÇAO  E A EMPRESA DE ONIBUS SAO PAULO;ARRUDA;;;COLISÃO LATERAL;0;1;0;0;0;0;0;0;0;1;0;;;;;;;;;;;;;
2023-08-19;sábado ;02:21:00;COM VÍTIMA;IMBIRIBEIRA;AVENIDA;AVENIDA MARECHAL MASCARENHAS DE MORAES;;;ANTES DO VIADUTO TANCREDO NEVES  S/T CID  NA ENTRADA DA FABRICA SOLOS SANTINI;IMBIRIBEIRA;;;CAPOTAMENTO;1;0;0;0;0;0;0;0;0;1;0;;;;;;;;;;;;;
2023-08-19;sábado ;02:58:00;COM VÍTIMA;AFOGADOS;RUA;RUA SAO MIGUEL;;;PROX AO POSTO DE GASOLINA DISLUB  E OS CORREIOS;AFOGADOS;;;COLISÃO LATERAL;0;0;0;0;0;0;0;0;0;1;0;;;;;;;;;;;;;
2023-08-19;sábado ;03:27:00;COM VÍTIMA;BOA VIAGEM;RUA;RUA VISCONDE DE JEQUITINHONHA;;;EM FRENTE AO BRITANIC INGLES;BOA VIAGEM;;;COLISÃO LATERAL;1;1;0;0;0;0;0;0;0;1;0;;;;;;;;;;;;;