data;dia_semana;hora;natureza;bairro;logradouro_endereco;endereco;logradouro_detalhe_endereço;detalhe_endereco_acidente;complemento;bairro_cruzamento;num_semaforo;sentido_via;tipo;auto;moto;ciclom;ciclista;pedestre;onibus;caminhao;viatura;outros;vitimas;vitimasfatais;acidente_verificado;tempo_clima;situacao_semaforo;sinalizacao;condicao_via;conservacao_via;ponto_controle;situacao_placa;velocidade_max_via;mao_direcao;divisao_via1;divisao_via2;divisao_via3
2023-08-19;sábado ;06:20:00;COM VÍTIMA;BARRO;AVENIDA;AVENIDA DR JOSE RUFINO;;;EM CIMA DO VIADUTO QUE LIGA A BR 101 E PROX A ESCOLA ALBERTO TORRES;BARRO;;;COLISÃO LATERAL;0;1;0;0;0;0;0;0;0;1;0;;;;;;;;;;;;;
2023-08-19;sábado ;06:21:00;COM VÍTIMA;SANTO AMARO;RUA;RUA DA AURORA;;;PROX A PONTO DO LIMOEIRO E PROX A CHEVROLET E  A TV UNIVERSITARIA;SANTO AMARO;;;COLISÃO LATERAL;0;1;0;0;0;0;0;0;0;1;0;;;;;;;;;;;;;
2023-08-19;sábado ;06:30:00;COM VÍTIMA;CAXANGA;AVENIDA;AVENIDA CAXANGA;AVENIDA;AVENIDA GENERAL SAN MARTIN;PROX A ESTÇÃO DO TERMINAL DE GETULIO VARGAS;CAXANGA;;;COLISÃO COM CICLISTA;1;0;0;1;0;0;0;0;0;1;0;;;;;;;;;;;;;
2023-08-19;sábado ;06:56:00;COM VÍTIMA;PAISSANDU;RUA;RUA PAISSANDU;AVENIDA;AVENIDA GOVERNADOR AGAMENON MAGALHAES;;PAISSANDU;69;;COLISÃO TRANSVERSAL;1;1;0;0;0;0;0;0;0;1;0;;;;;;;;;;;;;
2023-08-19;sábado ;07:28:00;COM VÍTIMA;BOA VIAGEM;RUA;RUA COSMORAMA;;;EM FRENTE AO CLUBE DAS AGUIAS;BOA VIAGEM;;;COLISÃO FRONTAL;1;1;0;0;0;0;0;0;0;1;0;;;;;;;;;;;;;
2023-08-19;sábado ;07:36:00;COM VÍTIMA;SAN MARTIN;AVENIDA;AVENIDA GENERAL SAN MARTIN;;;EM FRENTE A CAVALARIA;SAN MARTIN;;;COLISÃO TRANSVERSAL;0;1;0;0;0;0;0;0;0;1;0;;;;;;;;;;;;;
2023-08-19;sábado ;09:25:00;COM VÍTIMA;TORRE;RUA;RUA MELQUISEDEQUE DE LIMA;;;EM FRENTE DO FRUTE VERDE;TORRE;;;COLISÃO LATERAL;0;1;0;0;0;0;0;0;0;1;0;;;;;;;;;;;;;
2023-08-20;domingo ;01:38:00;COM VÍTIMA;BOA VIAGEM;RUA;RUA VISCONDE DE JEQUITINHONHA;;;EM FRENTE AO BAR VILA SETÚBAL;BOA VIAGEM;;;COLISÃO FRONTAL;0;0;0;0;0;0;0;0;0;1;0;;;;;;;;;;;;;
2023-08-20;domingo ;12:00:00;COM VÍTIMA;IMBIRIBEIRA;RUA;RUA MARIA VICENTINA DA SILVA;;;APOS A FACULDADE BOA VIAGEM SEGUNDA RUA A DIREITA;IMBIRIBEIRA;;;COLISÃO TRASEIRA;1;0;0;0;0;1;0;0;0;1;0;;;;;;;;;;;;;
2023-08-20;domingo ;01:41:00;COM VÍTIMA;BOA VISTA;AVENIDA;AVENIDA GOVERNADOR AGAMENON MAGALHAES;;;EM FRENTE AO HOSPITAL MEMORIAL SÃO JOSE;BOA VISTA;6861;;COLISÃO LATERAL;0;1;0;0;0;0;0;0;0;1;0;;;;;;;;;;;;;
2023-08-20;domingo ;04:03:00;COM VÍTIMA;BOA VIAGEM;RUA;RUA JOAO CARDOSO AIRES;;;PROXIMO AO RECIBOM;BOA VIAGEM;574;;COLISÃO LATERAL;1;1;0;0;0;0;0;0;0;1;0;;;;;;;;;;;;;
2023-08-20;domingo ;05:26:00;COM VÍTIMA;IBURA;RUA;RUA PARNARAMA;;;PROXIMO A ECO ESTAÇÃO E AO COLEGIO CRISTIANO CORDEIRO;IBURA;;;COLISÃO LATERAL;0;1;0;0;0;0;0;0;0;1;0;;;;;;;;;;;;;
2023-08-20;domingo ;09:40:00;COM VÍTIMA;CAXANGA;AVENIDA;AVENIDA CAXANGA;;;EM FRENTE AO COMPAZ MIGUEL ARRAES;CAXANGA;;;ATROPELAMENTO DE PESSOA;2;0;0;0;2;0;0;0;0;2;0;;;;;;;;;;;;;
2023-08-20;domingo ;10:27:00;COM VÍTIMA;SANTO AMARO;AVENIDA;AVENIDA GOVERNADOR AGAMENON MAGALHAES;;;PROXIMO AO VIADUTO DA AV NORTE, E POSTO DE GASOLINA PETROBRÁS;SANTO AMARO;;;COLISÃO LATERAL;0;1;0;0;0;0;0;0;0;1;0;;;;;;;;;;;;;
2023-08-20;domingo ;10:40:00;COM VÍTIMA;MADALENA;RUA;RUA JOSE OSORIO;AVENIDA;AVENIDA VISCONDE DE ALBUQUERQUE;EM FRENTE A EXTRA FARMA;MADALENA;50;;COLISÃO LATERAL;0;2;0;0;0;0;0;0;0;1;0;;;;;;;;;;;;;
2023-08-21;segunda-feira ;06:22:00;COM VÍTIMA;IBURA;RUA;RUA RIO XINGU;;;EM FRENTE A PADARIA PAN ZILDA;IBURA;;;COLISÃO LATERAL;0;1;0;0;0;0;0;0;8;1;0;;;;;;;;;;;;;
2023-08-21;segunda-feira ;06:37:00;COM VÍTIMA;APIPUCOS;RUA;RUA DE APIPUCOS;RUA;RUA CORONEL JOAO BATISTA DO REGO BARROS;PROX. AO POSTO DE SAUDE SÃO JOAO;APIPUCOS;540;;COLISÃO LATERAL;1;1;0;0;0;0;0;0;0;1;0;;;;;;;;;;;;;
2023-08-21;segunda-feira ;07:11:00;COM VÍTIMA;IMBIRIBEIRA;AVENIDA;AVENIDA CELSO FURTADO (VIA MANGUE);;;COMPLEXO DO VIDUTO ENG. ANTONIO DE QUIEROS GALVÃO;IMBIRIBEIRA;;;QUEDA;0;1;0;0;0;0;0;0;0;2;0;;;;;;;;;;;;;
2023-08-21;segunda-feira ;07:16:00;COM VÍTIMA;BOA VISTA;RUA;RUA GONCALVES MAIA;;;PROX AO CONSULADO AMERICANO;BOA VISTA;;;COLISÃO FRONTAL;0;1;0;0;0;0;0;0;0;1;0;;;;;;;;;;;;;
2023-08-21;segunda-feira ;07:44:00;SEM VÍTIMA;BOA VIAGEM;RUA;RUA VISCONDE DE JEQUITINHONHA;;;APÓS A CAPELA DE NOSSA SRA DO LORETO;BOA VIAGEM;;SUBURBIO;COLISÃO TRASEIRA;3;0;0;0;0;0;0;0;0;0;0;;;;;;;;;;;;;
2023-08-21;segunda-feira ;09:44:00;COM VÍTIMA;IMBIRIBEIRA;AVENIDA;AVENIDA MARECHAL MASCARENHAS DE MORAES;;;TOYOLEX;IMBIRIBEIRA;;;COLISÃO TRASEIRA;2;0;0;0;0;0;0;0;0;1;0;;;;;;;;;;;;;
2023-08-21;segunda-feira ;10:03:00;COM VÍTIMA;JOANA BEZERRA;VIADUTO;VIADUTO CAPITAO TEMUDO;;;SOBRE VIADUTO NO SENTIDO OLINDA / ANTES DO HOSPITAL PORTUGUÊS;JOANA BEZERRA;;;COLISÃO FRONTAL;0;1;0;0;0;0;0;0;0;1;0;;;;;;;;;;;;;
2023-08-21;segunda-feira ;10:09:00;COM VÍTIMA;SANTO AMARO;AVENIDA;AVENIDA GOVERNADOR AGAMENON MAGALHAES;;;NA DESCIDA DO VIADUTO AO LADO DO SHOPPING TACARUNA, SENT. BOA VIAGEM;SANTO AMARO;;;COLISÃO LATERAL;0;1;0;0;0;0;0;0;0;1;0;;;;;;;;;;;;;
2023-08-21;segunda-feira ;10:19:00;COM VÍTIMA;SANTO AMARO;AVENIDA;AVENIDA CRUZ CABUGA;;;E/F ASSEMBLEIA DE DEUS;SANTO AMARO;;;COLISÃO TRASEIRA;1;1;0;0;0;0;0;0;0;1;0;;;;;;;;;;;;;
2023-08-21;segunda-feira ;10:23:00;COM VÍTIMA;PRADO;AVENIDA;AVENIDA ENGENHEIRO ABDIAS DE CARVALHO;;;PROX. A HABIB´S;PRADO;;;COLISÃO LATERAL;0;1;0;0;0;0;0;0;0;1;0;;;;;;;;;;;;;
2023-08-21;segunda-feira ;10:56:00;COM VÍTIMA;TAMARINEIRA;AVENIDA;AVENIDA CONS ROSA E SILVA;;;POSTO SHEL;TAMARINEIRA;;;COLISÃO LATERAL;1;0;0;1;0;0;0;0;0;1;0;;;;;;;;;;;;;
2023-08-21;segunda-feira ;11:06:00;COM VÍTIMA;IPUTINGA;AVENIDA;AVENIDA CAXANGA;;;EM FRENTE A LOJA DE VEICULOS SM PRIME / EM FRENTE DA ESTAÇÃO BRT PARQUE DO CORDEIRO;IPUTINGA;;;COLISÃO FRONTAL;0;1;0;0;0;0;0;0;0;1;0;;;;;;;;;;;;;
2023-08-21;segunda-feira ;01:19:00;COM VÍTIMA;ILHA DO RETIRO;AVENIDA;AVENIDA ENGENHEIRO ABDIAS DE CARVALHO;;;DE FRENTE A LOJA DO SPORT;ILHA DO RETIRO;;;COLISÃO TRASEIRA;1;1;0;0;0;0;0;0;0;1;0;;;;;;;;;;;;;
2023-08-21;segunda-feira ;04:34:00;COM VÍTIMA;AGUA FRIA;RUA;RUA NAZARE;;;PROXIMO AO MERCADO PUBLICO DE ÁGUA FRIA E PROXIMO A NEXOS TELECON;AGUA FRIA;;;COLISÃO LATERAL;0;1;0;0;0;0;0;0;0;1;0;;;;;;;;;;;;;
2023-08-21;segunda-feira ;12:00:00;COM VÍTIMA;BONGI;AVENIDA;AVENIDA ENGENHEIRO ABDIAS DE CARVALHO;;;PROXIMO AO TROCÃO E PROXIMO AO SR AUTO PEÇAS;BONGI;;;CHOQUE;1;0;0;0;0;0;0;0;0;1;0;;;;;;;;;;;;;
2023-08-21;segunda-feira ;06:25:00;COM VÍTIMA;BOA VIAGEM;AVENIDA;AVENIDA CONSELHEIRO AGUIAR;;;SEMÁFORO 005;BOA VIAGEM;;;COLISÃO LATERAL;1;1;0;0;0;0;0;0;0;1;0;;;;;;;;;;;;;
2023-08-21;segunda-feira ;06:51:00;COM VÍTIMA;MANGABEIRA;AVENIDA;AVENIDA NORTE MIGUEL ARRAES DE ALENCAR;;;SESC CASA AMARELA;MANGABEIRA;;;COLISÃO LATERAL;0;0;0;0;0;0;0;0;0;1;0;;;;;;;;;;;;;
2023-08-21;segunda-feira ;08:31:00;COM VÍTIMA;MADALENA;RUA;RUA REAL DA TORRE;;;PROXIMO À ESCOLA JOAQUIM TÁVORA E AO TÚNEL DA ABOLIÇÃO;MADALENA;;;COLISÃO LATERAL;1;1;0;0;0;0;0;0;0;1;0;;;;;;;;;;;;;
2023-08-21;segunda-feira ;08:31:00;COM VÍTIMA;BOA VISTA;RUA;RUA DOM BOSCO;;;PROXIMO AO SAMU;BOA VISTA;;;COLISÃO LATERAL;1;1;0;0;0;0;0;0;0;1;0;;;;;;;;;;;;;
2023-08-21;segunda-feira ;09:04:00;COM VÍTIMA;SANTO AMARO;AVENIDA;AVENIDA GOVERNADOR AGAMENON MAGALHAES;;;PROX AO POSTO DE COMBUSTÍVEL DISLUB;SANTO AMARO;;SUBURBIO;COLISÃO LATERAL;0;2;0;0;0;0;0;0;0;1;0;;;;;;;;;;;;;
2023-08-21;segunda-feira ;09:18:00;COM VÍTIMA;BARRO;AVENIDA;AVENIDA DR JOSE RUFINO;;;SOBRE O VIADUTO DA BR-101;BARRO;;;COLISÃO FRONTAL;0;0;0;0;0;0;0;0;0;1;0;;;;;;;;;;;;;
2023-08-22;terça-feira ;03:16:00;SEM VÍTIMA;SAO JOSE;RUA;RUA REALEZA;;;AO LADO DO NÚMERO 05;SAO JOSE;;CIDADE;CHOQUE;1;0;0;0;0;0;0;0;0;0;0;;;;;;;;;;;;;
2023-08-22;terça-feira ;06:54:00;COM VÍTIMA;SAN MARTIN;AVENIDA;AVENIDA JOAO CABRAL DE MELO NETO;;;RESTAURANTE XODO;SAN MARTIN;;;COLISÃO LATERAL;1;1;0;0;0;0;0;0;0;1;0;;;;;;;;;;;;;
2023-08-22;terça-feira ;07:16:00;COM VÍTIMA;IBURA;AVENIDA;AVENIDA SANTOS;;;PX A COMPESA;IBURA;;;COLISÃO LATERAL;0;1;0;0;0;0;0;0;0;1;0;;;;;;;;;;;;;
2023-08-22;terça-feira ;08:32:00;COM VÍTIMA;SAN MARTIN;AVENIDA;AVENIDA GENERAL SAN MARTIN;;;PROX A PRAÇA GENERAL SAN MARTIN;SAN MARTIN;;;COLISÃO LATERAL;1;1;0;0;0;0;0;0;0;1;0;;;;;;;;;;;;;
2023-08-22;terça-feira ;09:24:00;SEM VÍTIMA;SANTO AMARO;RUA;RUA TREZE DE MAIO;;;EM FRENTE A ESCOLA ESTADUAL JOSÉ MARIA;SANTO AMARO;;;COLISÃO;1;0;0;0;0;0;0;1;0;0;0;;;;;;;;;;;;;
2023-08-22;terça-feira ;10:41:00;COM VÍTIMA;MADALENA;AVENIDA;AVENIDA CAXANGA;;;EM FRENTE AO COMPAZ MIGUEL ARRAES / SENTIDO RECIFE  PROX AO SEMÁFORO;MADALENA;;;COLISÃO FRONTAL;0;1;0;0;0;0;0;0;0;1;0;;;;;;;;;;;;;
2023-08-22;terça-feira ;10:49:00;SEM VÍTIMA;BOA VIAGEM;AVENIDA;AVENIDA CONSELHEIRO AGUIAR;RUA;RUA PADRE BERNADINO PESSOA;SEMÁFORO 125 / PROX A FARMACIA SANTA MARIA;BOA VIAGEM;;;COLISÃO FRONTAL;2;1;0;0;0;0;0;0;0;0;0;;;;;;;;;;;;;
2023-08-22;terça-feira ;01:51:00;COM VÍTIMA;BOA VIAGEM;AVENIDA;AVENIDA VINTE DE JANEIRO;;;AO LADO DO ANTIGO  GAPAO DA SADIA E A  PROX AO COLEGIO DOURADO  EA FEIJOADA DO LEOPOLDO;BOA VIAGEM;;;COLISÃO LATERAL;0;1;0;0;0;0;0;0;0;1;0;;;;;;;;;;;;;
2023-08-22;terça-feira ;03:34:00;COM VÍTIMA;SANTO AMARO;AVENIDA;AVENIDA GOVERNADOR AGAMENON MAGALHAES;;;ENTRADA DO SHOP TACARUNA LADO DA AGAMENON;SANTO AMARO;;;COLISÃO LATERAL;1;1;0;0;0;0;1;0;0;1;0;;;;;;;;;;;;;
2023-08-22;terça-feira ;04:15:00;SEM VÍTIMA;AFOGADOS;RUA;RUA NICOLAU PEREIRA;;;;AFOGADOS;73;CIDADE;COLISÃO;1;0;0;0;0;0;0;1;0;0;0;;;;;;;;;;;;;
2023-08-22;terça-feira ;04:25:00;COM VÍTIMA;MADALENA;AVENIDA;AVENIDA CAXANGA;;;CENTRAL DAS BATERIAS;MADALENA;;;COLISÃO FRONTAL;2;1;0;1;0;0;0;0;0;1;0;;;;;;;;;;;;;
2023-08-22;terça-feira ;06:31:00;COM VÍTIMA;BOA VIAGEM;RUA;RUA RIBEIRO DE BRITO;;;PROX AO SHOP RECIFE/PADARIA RIO SERGIO;BOA VIAGEM;;;COLISÃO LATERAL;1;1;0;0;0;0;0;0;0;1;0;;;;;;;;;;;;;
2023-08-22;terça-feira ;10:41:00;COM VÍTIMA;BOA VISTA;RUA;RUA DO PROGRESSO;RUA;RUA DAS NINFAS;;BOA VISTA;;;COLISÃO FRONTAL;2;0;0;0;0;0;0;0;0;1;0;;;;;;;;;;;;;
2023-08-23;quarta-feira ;08:10:00;COM VÍTIMA;AREIAS;AVENIDA;AVENIDA DR JOSE RUFINO;;;NA FRENTE DA IGREJA PREBISTERIANA E COLEGIO INCENTIVO;AREIAS;;;COLISÃO LATERAL;0;1;0;0;0;0;0;0;0;1;0;;;;;;;;;;;;;
2023-08-23;quarta-feira ;08:11:00;COM VÍTIMA;CASA AMARELA;AVENIDA;AVENIDA NORTE MIGUEL ARRAES DE ALENCAR;;;EM FRENTE A BARRO LIMA;CASA AMARELA;;;COLISÃO LATERAL;0;1;0;0;0;0;0;0;0;1;0;;;;;;;;;;;;;
2023-08-23;quarta-feira ;08:11:00;COM VÍTIMA;MACAXEIRA;AVENIDA;AVENIDA NORTE MIGUEL ARRAES DE ALENCAR;;;APOS O PARQUE DA MACAXEIRA  PROXIMO A ESCOLA ESTADUAL MARIA AMALIA;MACAXEIRA;;;COLISÃO LATERAL;0;1;0;0;0;0;0;0;0;1;0;;;;;;;;;;;;;
2023-08-23;quarta-feira ;09:57:00;COM VÍTIMA;BEBERIBE;AVENIDA;AVENIDA BEBERIBE;;;PROX A PIZZARIA REI DO ARUMADINHO PROX A MB RASTREAMENTO;BEBERIBE;;;COLISÃO LATERAL;0;1;0;0;0;0;0;0;0;1;0;;;;;;;;;;;;;
2023-08-23;quarta-feira ;12:57:00;COM VÍTIMA;CASA AMARELA;AVENIDA;AVENIDA PEDRO ALLAIN;;;PX RETIFICA PADRA E LOJAO DAS CLINICAS;CASA AMARELA;;;COLISÃO LATERAL;0;0;1;0;0;0;0;0;0;1;0;;;;;;;;;;;;;
2023-08-23;quarta-feira ;03:11:00;COM VÍTIMA;ILHA DO RETIRO;RUA;RUA TABAIARES;;;POR TRAS DO GINASIO DO SPORT E PROXIMO AO SEBRAE;ILHA DO RETIRO;;;COLISÃO LATERAL;0;1;0;0;0;0;0;0;0;1;0;;;;;;;;;;;;;
2023-08-23;quarta-feira ;03:14:00;COM VÍTIMA;ILHA DO LEITE;RUA;RUA FRANCISCO ALVES;;;AO LADO DO HOSPITAL ESPERANÇA E EM FRENTE A CASA LUX OTICA;ILHA DO LEITE;;;COLISÃO LATERAL;0;1;0;0;0;0;0;0;0;1;0;;;;;;;;;;;;;
2023-08-23;quarta-feira ;04:31:00;COM VÍTIMA;IMBIRIBEIRA;VIADUTO;VIADUTO TANCREDO NEVES;;;DESCIDA DO VIADUTO;IMBIRIBEIRA;;;COLISÃO FRONTAL;1;1;0;0;0;0;0;0;0;1;0;;;;;;;;;;;;;
2023-08-23;quarta-feira ;06:23:00;SEM VÍTIMA;BOA VIAGEM;RUA;RUA ERNESTO DE PAULA SANTOS;RUA;RUA JONATHAS DE VASCONCELOS;EM FRENTE AO POSTO PETROBRAS;BOA VIAGEM;;CIDADE;COLISÃO;1;0;0;0;0;0;1;0;0;0;0;;;;;;;;;;;;;
2023-08-23;quarta-feira ;07:30:00;COM VÍTIMA;IPSEP;AVENIDA;AVENIDA RECIFE;;;;IPSEP;393;;COLISÃO LATERAL;0;1;0;0;0;0;0;0;0;1;0;;;;;;;;;;;;;
2023-08-23;quarta-feira ;08:35:00;SEM VÍTIMA;SANTO AMARO;RUA;RUA ISRAEL FONSECA;;;EM FRENTE AO Nº 93;SANTO AMARO;;SUBURBIO;COLISÃO;1;1;0;0;0;0;0;0;0;0;0;;;;;;;;;;;;;
2023-08-23;quarta-feira ;10:38:00;COM VÍTIMA;BOA VIAGEM;AVENIDA;AVENIDA CONSELHEIRO AGUIAR;RUA;RUA ATLANTICO;JHONY GASTROBAR;BOA VIAGEM;;;COLISÃO TRASEIRA;1;1;0;0;0;0;0;0;0;1;0;;;;;;;;;;;;;
2023-08-24;quinta-feira ;12:02:00;COM VÍTIMA;PINA;AVENIDA;AVENIDA HERCULANO BANDEIRA;;;PRÓXIMO AO ATACADO DOS PRESENTES;PINA;;;COLISÃO LATERAL;1;1;0;0;0;0;0;0;0;1;0;;;;;;;;;;;;;
2023-08-24;quinta-feira ;06:06:00;COM VÍTIMA;SANTO AMARO;AVENIDA;AVENIDA MARIO MELO;;;;SANTO AMARO;171;;COLISÃO TRANSVERSAL;0;2;0;0;0;0;0;0;0;2;0;;;;;;;;;;;;;
2023-08-24;quinta-feira ;12:49:00;SEM VÍTIMA;SANTO AMARO;RUA;RUA DO POMBAL;PRC;PRC DO CAMPO SANTO;SESC DE SANTO AMARO;SANTO AMARO;;SUBURBIO;COLISÃO;1;0;0;0;0;0;0;0;0;0;0;;;;;;;;;;;;;
2023-08-24;quinta-feira ;12:56:00;COM VÍTIMA;JORDAO;AVENIDA;AVENIDA MARIA IRENE;;;ANTES DO ATACAREJO   EDF JAYME RAMALHO;JORDAO;;;COLISÃO FRONTAL;1;1;0;0;0;0;0;0;0;2;0;;;;;;;;;;;;;
2023-08-24;quinta-feira ;01:23:00;COM VÍTIMA;DOIS IRMAOS;RUA;RUA MANUEL DE MEDEIROS;;;EM FRENTE A UFRPE E PROXIMO AO HOSPITAL VETERINARIO DA UFRPE;DOIS IRMAOS;;;COLISÃO LATERAL;0;1;0;0;0;0;0;0;0;1;0;;;;;;;;;;;;;
2023-08-24;quinta-feira ;06:07:00;COM VÍTIMA;DOIS IRMAOS;AVENIDA;AVENIDA DA RECUPERACAO;;;EM FRENTE AO TRADICIONAL CALDO DE CANA / FONTE DA ÁGUA MINERAL NOVA ERA;DOIS IRMAOS;;;COLISÃO LATERAL;0;0;0;0;0;0;0;0;0;1;0;;;;;;;;;;;;;
2023-08-24;quinta-feira ;06:44:00;COM VÍTIMA;IMBIRIBEIRA;RUA;RUA ITAJAI;;;MOTEL IMPERIO;IMBIRIBEIRA;;;COLISÃO LATERAL;0;1;0;0;0;0;0;0;0;1;0;;;;;;;;;;;;;
2023-08-24;quinta-feira ;07:18:00;COM VÍTIMA;CABANGA;AVENIDA;AVENIDA ENGENHEIRO JOSE ESTELITA;;;;CABANGA;;CIDADE;COLISÃO LATERAL;0;1;0;0;0;0;0;0;0;2;0;;;;;;;;;;;;;
2023-08-24;quinta-feira ;08:57:00;COM VÍTIMA;IBURA;AVENIDA;AVENIDA DOIS RIOS;RUA;RUA RIO XINGU;EM FRENTE AO POSTO BR;IBURA;;;COLISÃO FRONTAL;1;1;0;0;0;0;0;0;0;2;0;;;;;;;;;;;;;
2023-08-24;quinta-feira ;10:06:00;COM VÍTIMA;IBURA;AVENIDA;AVENIDA DOIS RIOS;;;PRÓXIMO À CLÍNICA À CLÍNICA ARNALDO MARQUES;IBURA;;;COLISÃO LATERAL;0;1;0;0;0;0;0;0;0;1;0;;;;;;;;;;;;;
2023-08-25;sexta-feira ;12:21:00;COM VÍTIMA;SANTO AMARO;AVENIDA;AVENIDA GOVERNADOR AGAMENON MAGALHAES;RUA;RUA ODORICO MENDES;PRÓXIMO AO IC E CEPLANC;SANTO AMARO;;;COLISÃO TRASEIRA;0;2;0;0;0;0;0;0;0;2;0;;;;;;;;;;;;;
2023-08-25;sexta-feira ;06:29:00;COM VÍTIMA;MACAXEIRA;AVENIDA;AVENIDA NORTE MIGUEL ARRAES DE ALENCAR;;;PROX. AO PARQUE E INTEGRAÇÃO DA MACAXEIRA;MACAXEIRA;;;COLISÃO LATERAL;0;1;0;0;0;0;0;0;0;1;0;;;;;;;;;;;;;
2023-08-25;sexta-feira ;08:01:00;SEM VÍTIMA;DOIS UNIDOS;AVENIDA;AVENIDA HILDEBRANDO DE VASCONCELOS;;;PROX AO DEPOSITO DE BEBIDA ALBURQUEQUE;DOIS UNIDOS;;;COLISÃO LATERAL;1;0;0;0;0;1;0;0;0;0;0;;;;;;;;;;;;;
2023-08-25;sexta-feira ;08:30:00;COM VÍTIMA;CASA AMARELA;AVENIDA;AVENIDA NORTE MIGUEL ARRAES DE ALENCAR;;;IGREJA DO AMOR;CASA AMARELA;;;COLISÃO LATERAL;1;0;0;1;0;0;0;0;0;1;0;;;;;;;;;;;;;
2023-08-25;sexta-feira ;08:56:00;SEM VÍTIMA;BOA VISTA;RUA;RUA DA SAUDADE;;;AO LADO DO EDIFÍCIO MARAJÓ;BOA VISTA;308;;COLISÃO TRASEIRA;3;0;0;0;0;0;0;0;0;0;0;;;;;;;;;;;;;
2023-08-25;sexta-feira ;11:16:00;COM VÍTIMA;BOA VIAGEM;RUA;RUA ANTONIO FALCAO;;;EMBAIXO DO VIADUTO DA VIA MANGUE;BOA VIAGEM;;;COLISÃO LATERAL;0;1;0;0;0;0;0;0;0;1;0;;;;;;;;;;;;;
2023-08-25;sexta-feira ;11:31:00;COM VÍTIMA;IMBIRIBEIRA;RUA;RUA DUQUE ESTRADA;;;CRUZAMENTO COM A RUA BARAO DE AGUA BRANCA , PROX AO LE PARK;IMBIRIBEIRA;;;COLISÃO LATERAL;0;1;0;0;0;0;0;0;0;1;0;;;;;;;;;;;;;
2023-08-25;sexta-feira ;01:50:00;COM VÍTIMA;BOA VISTA;RUA;RUA PRINCESA IZABEL;;;E/F A CAMARA  MUNICIPAL DOS VEREADORES;BOA VISTA;;;COLISÃO LATERAL;1;1;0;0;0;0;0;0;0;1;0;;;;;;;;;;;;;
2023-08-25;sexta-feira ;02:26:00;COM VÍTIMA;IMBIRIBEIRA;RUA;RUA ITAJUBA;;;PROX AO PANDEIRÃO E AO ARMAZEM ALICERPE;IMBIRIBEIRA;;;COLISÃO LATERAL;0;1;0;0;0;0;0;0;0;1;0;;;;;;;;;;;;;
2023-08-25;sexta-feira ;04:26:00;COM VÍTIMA;AFOGADOS;AVENIDA;AVENIDA SUL;;;MARMOARIA;AFOGADOS;;;COLISÃO LATERAL;1;0;0;1;0;0;0;0;0;1;0;;;;;;;;;;;;;
2023-08-25;sexta-feira ;05:58:00;COM VÍTIMA;NOVA DESCOBERTA;AVENIDA;AVENIDA VEREADOR OTACILIO AZEVEDO;;;PROXIMO A FABRICA DA KINITOS E PROXIMO AO PSF DA VILA DA BOA VISTA;NOVA DESCOBERTA;;;COLISÃO LATERAL;0;1;0;0;0;0;0;0;0;1;0;;;;;;;;;;;;;
2023-08-25;sexta-feira ;06:12:00;COM VÍTIMA;SANTO AMARO;AVENIDA;AVENIDA GOVERNADOR AGAMENON MAGALHAES;;;JEEP / SENTIDO OLINDA;SANTO AMARO;;;COLISÃO LATERAL;0;0;0;0;0;0;0;0;0;1;0;;;;;;;;;;;;;
2023-08-25;sexta-feira ;06:25:00;COM VÍTIMA;ARRUDA;AVENIDA;AVENIDA BEBERIBE;;;DE FRENTE AO ESTÁDIO DO SANTA CRUZ;ARRUDA;;;COLISÃO LATERAL;0;0;0;1;0;1;0;0;0;1;0;;;;;;;;;;;;;
2023-08-25;sexta-feira ;07:25:00;COM VÍTIMA;MADALENA;RUA;RUA JOSE OSORIO;;;TEXEIRA PRIME;MADALENA;;;COLISÃO FRONTAL;0;2;0;0;0;0;0;0;0;2;0;;;;;;;;;;;;;
2023-08-25;sexta-feira ;08:30:00;COM VÍTIMA;VASCO DA GAMA;RUA;RUA DOIS DE FEVEREIRO;;;;VASCO DA GAMA;;;COLISÃO LATERAL;0;1;0;0;0;0;0;0;0;1;0;;;;;;;;;;;;;
2023-08-25;sexta-feira ;08:36:00;SEM VÍTIMA;LINHA DO TIRO;AVENIDA;AVENIDA ANIBAL BENEVOLO;;;BORRACHARIA DO BURRO ANÃ;LINHA DO TIRO;;CIDADE;COLISÃO;0;1;0;0;0;0;0;1;0;0;0;;;;;;;;;;;;;
2023-08-25;sexta-feira ;11:27:00;COM VÍTIMA;BARRO;AVENIDA;AVENIDA DR JOSE RUFINO;;;EM FRENTE AO QUARTEL DO QUARTO BATALHÃO;BARRO;;;COLISÃO TRANSVERSAL;0;1;0;0;0;0;0;0;0;1;0;;;;;;;;;;;;;