data;dia_semana;hora;natureza;bairro;logradouro_endereco;endereco;logradouro_detalhe_endereço;detalhe_endereco_acidente;complemento;bairro_cruzamento;num_semaforo;sentido_via;tipo;auto;moto;ciclom;ciclista;pedestre;onibus;caminhao;viatura;outros;vitimas;vitimasfatais;acidente_verificado;tempo_clima;situacao_semaforo;sinalizacao;condicao_via;conservacao_via;ponto_controle;situacao_placa;velocidade_max_via;mao_direcao;divisao_via1;divisao_via2;divisao_via3
2023-08-26;sábado ;05:09:00;COM VÍTIMA;CAMPO GRANDE;AVENIDA;AVENIDA GOVERNADOR AGAMENON MAGALHAES;;;PRÓXIMO A CENTRAL DE FLAGRANTES;CAMPO GRANDE;;CIDADE;COLISÃO FRONTAL;1;1;0;0;0;0;0;0;0;1;0;;;;;;;;;;;;;
2023-08-26;sábado ;07:17:00;COM VÍTIMA;ESPINHEIRO;AVENIDA;AVENIDA GOVERNADOR AGAMENON MAGALHAES;;;EMPRESARIAL AGAMENON MAGALHAES;ESPINHEIRO;;;COLISÃO TRASEIRA;1;1;0;0;0;0;0;0;0;1;0;;;;;;;;;;;;;
2023-08-26;sábado ;08:16:00;COM VÍTIMA;SANTO AMARO;AVENIDA;AVENIDA GOVERNADOR AGAMENON MAGALHAES;;;EM FRENTE A DELEGACIA DE FLAGRANTE;SANTO AMARO;49;;COLISÃO LATERAL;1;1;0;0;0;0;0;0;0;1;0;;;;;;;;;;;;;
2023-08-26;sábado ;12:00:00;SEM VÍTIMA;AFLITOS;AVENIDA;AVENIDA CONS ROSA E SILVA;;;ESTACIONAMENTO INTERNO DO CLUBE NÁUTICO;AFLITOS;;SUBURBIO;COLISÃO;1;0;0;0;0;0;0;1;0;0;0;;;;;;;;;;;;;
2023-08-26;sábado ;12:09:00;COM VÍTIMA;ENCRUZILHADA;AVENIDA;AVENIDA NORTE MIGUEL ARRAES DE ALENCAR;;;AO LADO DA CONCESSIONARIA RENAULT;ENCRUZILHADA;;;COLISÃO TRASEIRA;1;2;0;0;0;0;0;0;0;2;0;;;;;;;;;;;;;
2023-08-26;sábado ;03:22:00;COM VÍTIMA;JARDIM SAO PAULO;RUA;RUA DR DEVALDO BORGES;;;EM FRENTE A FARMACIA PAGUE MENOS E AO CAMPO EL SALVADOR;JARDIM SAO PAULO;;;COLISÃO LATERAL;0;1;0;0;0;0;0;0;0;1;0;;;;;;;;;;;;;
2023-08-26;sábado ;03:59:00;COM VÍTIMA;AFOGADOS;RUA;RUA SAO MIGUEL;;;DEPATRI DELEGACIA;AFOGADOS;;;COLISÃO FRONTAL;1;1;0;0;0;0;0;0;0;1;0;;;;;;;;;;;;;
2023-08-26;sábado ;04:03:00;SEM VÍTIMA;SANTO AMARO;AVENIDA;AVENIDA GOVERNADOR AGAMENON MAGALHAES;;;REITORIA DA UPE;SANTO AMARO;465;SUBURBIO;COLISÃO;1;0;0;0;0;0;0;1;0;0;0;;;;;;;;;;;;;
2023-08-26;sábado ;06:18:00;COM VÍTIMA;AGUA FRIA;RUA;RUA CORONEL URBANO RIBEIRO DE SENA;;;COMPESA;AGUA FRIA;;;COLISÃO LATERAL;0;0;0;0;0;0;0;0;0;1;0;;;;;;;;;;;;;
2023-08-26;sábado ;07:22:00;COM VÍTIMA;SANTO AMARO;RUA;RUA DOS PALMARES;;;E/F AO POSTO MÉDICO JULIÃO - PROXIMO AO PROCAP;SANTO AMARO;;;COLISÃO LATERAL;1;1;0;0;0;0;0;0;0;1;0;;;;;;;;;;;;;
2023-08-27;domingo ;12:44:00;COM VÍTIMA;BOMBA DO HEMETERIO;RUA;RUA BOMBA DO HEMETERIO;;;EM FRENTE A FARMACIA;BOMBA DO HEMETERIO;;;COLISÃO LATERAL;0;1;0;0;0;0;0;0;0;1;0;;;;;;;;;;;;;
2023-08-27;domingo ;10:31:00;COM VÍTIMA;IPSEP;AVENIDA;AVENIDA RECIFE;;;EM FRENTE AO RESTAURANTE SAL E BRASA (REGISTRO DA SAMU)/// ANTES DO SEMAFORO DA SAL E BRASA;IPSEP;393;;COLISÃO LATERAL;1;1;0;0;0;0;0;0;0;1;0;;;;;;;;;;;;;
2023-08-27;domingo ;11:52:00;COM VÍTIMA;IMBIRIBEIRA;AVENIDA;AVENIDA MARECHAL MASCARENHAS DE MORAES;;;EM FRENTE A CONCESSIONARIA CHEVROLET, SENT. AEROPORTO // SENTIDO PRAZERES PROX A FACULDADE UNIVERSO EM FRENTE A CHEVROLET TAMBÉM;IMBIRIBEIRA;;;COLISÃO LATERAL;1;1;0;0;0;0;0;0;0;1;0;;;;;;;;;;;;;
2023-08-27;domingo ;04:06:00;SEM VÍTIMA;BOA VIAGEM;AVENIDA;AVENIDA CONSELHEIRO AGUIAR;AVENIDA;AVENIDA HERCULANO BANDEIRA;AO LADO DO NÚMERO 40 / PRÓXIMO AO SEMÁFORO 138;BOA VIAGEM;;CIDADE;COLISÃO TRASEIRA;2;0;0;0;0;0;0;0;0;0;0;;;;;;;;;;;;;
2023-08-28;segunda-feira ;07:23:00;SEM VÍTIMA;IPSEP;AVENIDA;AVENIDA RECIFE;;;LADO OPOSTO AO POSTO DE COMBUSTÍVEL FEDERAL;IPSEP;;CIDADE;COLISÃO TRASEIRA;2;0;0;0;0;0;0;0;0;0;0;;;;;;;;;;;;;
2023-08-28;segunda-feira ;07:29:00;COM VÍTIMA;IBURA;AVENIDA;AVENIDA SANTOS;;;PROXIMO A COMPESA;IBURA;;;COLISÃO LATERAL;1;1;0;0;0;0;0;0;0;1;0;;;;;;;;;;;;;
2023-08-28;segunda-feira ;08:15:00;COM VÍTIMA;FUNDAO;AVENIDA;AVENIDA BEBERIBE;AVENIDA;AVENIDA GEDALHA;PROX A IGREJA QUADRANGULAR;FUNDAO;;;COLISÃO COM CICLISTA;0;0;0;1;0;0;0;0;0;1;0;;;;;;;;;;;;;
2023-08-28;segunda-feira ;09:20:00;COM VÍTIMA;TORREAO;RUA;RUA OTHON PARAISO;;;PROX A IGREJA DOS MORMONS / PROX A PRAÇA;TORREAO;;;COLISÃO FRONTAL;0;1;0;0;0;0;0;0;0;1;0;;;;;;;;;;;;;
2023-08-28;segunda-feira ;10:05:00;SEM VÍTIMA;DOIS UNIDOS;SUB;SUB DA MEDALHA MILAGROSA;;;IGREJA ASSEMBLEIA DE DEUS;DOIS UNIDOS;;;CHOQUE;0;0;0;0;0;0;0;0;0;0;0;;;;;;;;;;;;;
2023-08-28;segunda-feira ;01:41:00;COM VÍTIMA;BOA VIAGEM;RUA;RUA JOAO CARDOSO AIRES;;;COLÉGIO MADRE DE DEUS;BOA VIAGEM;;;COLISÃO LATERAL;0;0;0;0;0;0;0;0;0;1;0;;;;;;;;;;;;;
2023-08-28;segunda-feira ;02:23:00;COM VÍTIMA;CAXANGA;RUA;RUA EMILIANO BRAGA;;;TERMINAL DA CDU / ESCOLA CONHECER;CAXANGA;;;COLISÃO TRANSVERSAL;0;1;0;0;0;1;0;0;0;1;0;;;;;;;;;;;;;
2023-08-28;segunda-feira ;04:25:00;COM VÍTIMA;DERBY;AVENIDA;AVENIDA GOVERNADOR AGAMENON MAGALHAES;;;;DERBY;75;OLINDA;ATROPELAMENTO DE PESSOA;0;1;0;0;1;0;0;0;0;2;0;;;;;;;;;;;;;
2023-08-28;segunda-feira ;05:06:00;COM VÍTIMA;TAMARINEIRA;RUA;RUA JOSE DE VASCONCELOS;RUA;RUA VISCONDE DE ABAETE;NA FRENTE DO COLEGIO ANGULO DA TAMARINEIRA;TAMARINEIRA;;;COLISÃO FRONTAL;0;2;0;0;0;0;0;0;0;1;0;;;;;;;;;;;;;
2023-08-28;segunda-feira ;05:19:00;COM VÍTIMA;IMBIRIBEIRA;RUA;RUA SARGENTO SILVINO DE MACEDO;;;COLÉGIO GGE;IMBIRIBEIRA;;;COLISÃO LATERAL;0;0;0;0;0;0;0;0;0;1;0;;;;;;;;;;;;;
2023-08-28;segunda-feira ;05:19:00;COM VÍTIMA;CAXANGA;AVENIDA;AVENIDA CAXANGA;;;BOI E BRASA;CAXANGA;;;COLISÃO LATERAL;0;0;0;0;0;0;0;0;0;1;0;;;;;;;;;;;;;
2023-08-28;segunda-feira ;05:58:00;COM VÍTIMA;JARDIM SAO PAULO;RUA;RUA BRAGANCA;;;TATU DIESEL;JARDIM SAO PAULO;;;COLISÃO LATERAL;0;0;0;0;0;0;0;0;0;1;0;;;;;;;;;;;;;
2023-08-28;segunda-feira ;05:58:00;COM VÍTIMA;IMBIRIBEIRA;RUA;RUA ALFREDO MARCONDES;;;IGREJA DA RECONCILIAÇÃO;IMBIRIBEIRA;;;COLISÃO LATERAL;0;0;0;0;0;0;0;0;0;1;0;;;;;;;;;;;;;
2023-08-28;segunda-feira ;07:34:00;COM VÍTIMA;IBURA;AVENIDA;AVENIDA DOIS RIOS;;;POLICLINICA ARNALDO MARQUES;IBURA;;;CHOQUE;1;1;0;0;0;0;1;0;0;1;0;;;;;;;;;;;;;
2023-08-28;segunda-feira ;08:31:00;COM VÍTIMA;IMBIRIBEIRA;AVENIDA;AVENIDA MARECHAL MASCARENHAS DE MORAES;;;AEROPORTO DO RECIFE;IMBIRIBEIRA;;;COLISÃO FRONTAL;0;3;0;0;0;0;0;0;0;1;0;;;;;;;;;;;;;
2023-08-28;segunda-feira ;08:48:00;COM VÍTIMA;JARDIM SAO PAULO;RUA;RUA LEANDRO BARRETO;;;EM FRENTE A ACADEMIA ARENA;JARDIM SAO PAULO;;;COLISÃO FRONTAL;0;1;0;0;0;0;0;0;0;1;0;;;;;;;;;;;;;
2023-08-28;segunda-feira ;10:39:00;COM VÍTIMA;JOANA BEZERRA;VIADUTO;VIADUTO CAPITAO TEMUDO;;;SENTIDO OLINDA;JOANA BEZERRA;;;COLISÃO LATERAL;0;1;0;0;0;0;0;0;0;1;0;;;;;;;;;;;;;
2023-08-29;terça-feira ;12:09:00;COM VÍTIMA;MADALENA;AVENIDA;AVENIDA ENGENHEIRO ABDIAS DE CARVALHO;;;"EM FRENTE A LANCHONETE BOB""S";MADALENA;;;COLISÃO TRANSVERSAL;0;1;0;0;0;0;0;0;0;1;0;;;;;;;;;;;;;
2023-08-29;terça-feira ;05:36:00;COM VÍTIMA;SANTO AMARO;AVENIDA;AVENIDA GOVERNADOR AGAMENON MAGALHAES;RUA;RUA ODORICO MENDES;PRÓXIMO À CEHAB  - SENTIDO BOA VIAGEM;SANTO AMARO;;;COLISÃO LATERAL;1;1;0;0;0;0;0;0;0;1;0;;;;;;;;;;;;;
2023-08-29;terça-feira ;06:47:00;COM VÍTIMA;CAXANGA;RUA;RUA RIBEIRO PESSOA;;;SENT. DOIS IRMÃOS APOS A UPA;CAXANGA;;;COLISÃO LATERAL;1;1;0;0;0;0;0;0;0;1;0;;;;;;;;;;;;;
2023-08-29;terça-feira ;08:49:00;COM VÍTIMA;DOIS IRMAOS;RUA;RUA MANUEL DE MEDEIROS;;;PROX. A UFRPE E ESCOLA LIONS DE PARNAMIRIM;DOIS IRMAOS;;;COLISÃO LATERAL;0;1;0;0;0;0;0;0;0;1;0;;;;;;;;;;;;;
2023-08-29;terça-feira ;11:23:00;COM VÍTIMA;TOTO;RUA;RUA JUVENCIO MARQUES DA CUNHA;;;EM FRENTE A CAPELINHA SÃO JOSÉ DO TOTO;TOTO;;;COLISÃO LATERAL;0;1;0;0;0;0;0;0;0;1;0;;;;;;;;;;;;;
2023-08-29;terça-feira ;12:21:00;COM VÍTIMA;AREIAS;AVENIDA;AVENIDA RECIFE;;;NO SEMAFORO 085  VT 21 NO LOCAL;AREIAS;;;COLISÃO LATERAL;1;1;0;0;0;0;0;0;0;1;0;;;;;;;;;;;;;
2023-08-29;terça-feira ;02:15:00;COM VÍTIMA;BEBERIBE;RUA;RUA URIEL DE HOLANDA;;;PRAÇA DA CONVENÇÃO;BEBERIBE;;;COLISÃO LATERAL;0;0;0;0;0;0;0;0;0;1;0;;;;;;;;;;;;;
2023-08-29;terça-feira ;04:48:00;COM VÍTIMA;SANTO AMARO;AVENIDA;AVENIDA GOVERNADOR AGAMENON MAGALHAES;;;PROXIMO AO SHOPPING TACARUNA E ANTES DO ESPAÇO CIÊNCIAS;SANTO AMARO;;;COLISÃO LATERAL;0;1;0;0;0;0;0;0;0;1;0;;;;;;;;;;;;;
2023-08-29;terça-feira ;05:43:00;COM VÍTIMA;IPSEP;AVENIDA;AVENIDA RECIFE;;;SPLASH PISCINAS / SUPERMERCADO ECONOMICO;IPSEP;;;COLISÃO TRASEIRA;0;1;0;0;0;0;1;0;0;1;0;;;;;;;;;;;;;
2023-08-29;terça-feira ;06:39:00;COM VÍTIMA;BOMBA DO HEMETERIO;RUA;RUA BOMBA DO HEMETERIO;;;EXTRA ATACAREJO;BOMBA DO HEMETERIO;;;COLISÃO LATERAL;0;0;0;0;0;0;0;0;0;1;0;;;;;;;;;;;;;
2023-08-29;terça-feira ;07:28:00;COM VÍTIMA;BONGI;AVENIDA;AVENIDA ENGENHEIRO ABDIAS DE CARVALHO;;;PRÓXIMO AOS CORREIOS;BONGI;;;COLISÃO LATERAL;1;1;0;0;0;0;0;0;0;1;0;;;;;;;;;;;;;
2023-08-29;terça-feira ;07:57:00;COM VÍTIMA;SANTO AMARO;RUA;RUA DOS PALMARES;RUA;RUA TREZE DE MAIO;;SANTO AMARO;;;COLISÃO LATERAL;1;1;0;0;0;0;0;0;0;2;0;;;;;;;;;;;;;
2023-08-30;quarta-feira ;06:48:00;COM VÍTIMA;CASA AMARELA;RUA;RUA EUGENIO SAMICO;RUA;RUA PAULA BATISTA;POR TRAS DA PRAÇA DO TRABALHO;CASA AMARELA;;;COLISÃO FRONTAL;1;1;0;0;0;0;0;0;0;1;0;;;;;;;;;;;;;
2023-08-30;quarta-feira ;07:49:00;SEM VÍTIMA;JAQUEIRA;AVENIDA;AVENIDA RUI BARBOSA;;;EM FRENTE AO PARQUE DA  JAQUEIRA;JAQUEIRA;452;CIDADE;CHOQUE;1;0;0;0;0;0;0;0;0;0;0;;;;;;;;;;;;;
2023-08-30;quarta-feira ;07:56:00;COM VÍTIMA;JORDAO;RUA;RUA EMILIO MONTEIRO FONSECA;;;APOS O TERMINAL DE ONIBUS DO JORDAO BAIXO, PROX. A IGREJA ASSEMBLEIA DE DEUS;JORDAO;;;COLISÃO LATERAL;0;1;0;0;0;0;0;0;0;1;0;;;;;;;;;;;;;
2023-08-30;quarta-feira ;08:16:00;COM VÍTIMA;IMBIRIBEIRA;AVENIDA;AVENIDA MARECHAL MASCARENHAS DE MORAES;;;EM FRENTE A CENTER AÇO E GERALDÃO;IMBIRIBEIRA;;;COLISÃO LATERAL;0;1;0;0;0;0;0;0;0;1;0;;;;;;;;;;;;;
2023-08-30;quarta-feira ;08:58:00;COM VÍTIMA;PRADO;AVENIDA;AVENIDA ENGENHEIRO ABDIAS DE CARVALHO;;;EM FRENTE A OFICINA SR. AUTO PEÇAS, PROX. A FACULDADE ESTACIO;PRADO;;;COLISÃO LATERAL;0;1;0;0;0;0;0;0;0;1;0;;;;;;;;;;;;;
2023-08-30;quarta-feira ;09:39:00;COM VÍTIMA;BOA VIAGEM;RUA;RUA VISCONDE DE JEQUITINHONHA;;;POR TRAS DO PARQUE DONA LINDU;BOA VIAGEM;;;COLISÃO LATERAL;0;1;0;0;0;0;0;0;0;1;0;;;;;;;;;;;;;
2023-08-30;quarta-feira ;09:49:00;COM VÍTIMA;ILHA DO LEITE;AVENIDA;AVENIDA GOVERNADOR AGAMENON MAGALHAES;;;NA DESCIDA DO VIADUTO DE JOANA BEZERRA, SENTIDO OLINDA /  PROX AO EMPRESARIAL CHARLES DAWIS;ILHA DO LEITE;;;COLISÃO LATERAL;0;1;0;0;0;0;0;0;0;1;0;;;;;;;;;;;;;
2023-08-30;quarta-feira ;12:47:00;COM VÍTIMA;VARZEA;RUA;RUA GENERAL POLIDORO;;;PROX AO HOSPITAL DAS CLINICAS / EM FRENTE AO POSTO DE GASOLINA BR;VARZEA;;;COLISÃO LATERAL;0;1;0;0;0;0;0;0;0;1;0;;;;;;;;;;;;;
2023-08-30;quarta-feira ;01:15:00;SEM VÍTIMA;BOA VIAGEM;RUA;RUA PADRE BERNADINO PESSOA;;;PROX PAMESA E O CURSO DE INGLES WIZARD;BOA VIAGEM;;;COLISÃO TRASEIRA;1;0;0;0;0;0;0;1;0;0;0;;;;;;;;;;;;;
2023-08-30;quarta-feira ;03:14:00;COM VÍTIMA;ENGENHO DO MEIO;AVENIDA;AVENIDA VISCONDE DE SAO LEOPOLDO;;;TERMINAL DE ÔNIBUS DO ENGENHO DO MEIO;ENGENHO DO MEIO;;;COLISÃO LATERAL;0;1;0;0;0;0;0;0;0;1;0;;;;;;;;;;;;;
2023-08-30;quarta-feira ;03:15:00;SEM VÍTIMA;IMBIRIBEIRA;AVENIDA;AVENIDA MARECHAL MASCARENHAS DE MORAES;RUA;RUA NORUEGA;BATERIAS MOURA;IMBIRIBEIRA;631;SUBURBIO;COLISÃO;1;0;0;0;0;0;0;1;0;0;0;;;;;;;;;;;;;
2023-08-30;quarta-feira ;04:43:00;COM VÍTIMA;IPSEP;AVENIDA;AVENIDA RAIMUNDO DINIZ;;;PADARIA VILA DO PÃO;IPSEP;;;COLISÃO LATERAL;0;0;0;0;0;0;0;0;0;1;0;;;;;;;;;;;;;
2023-08-30;quarta-feira ;09:14:00;COM VÍTIMA;APIPUCOS;RUA;RUA MANDACARU;;;PRÓXIMO A O AÇUDE DE APIPUCOS;APIPUCOS;;;COLISÃO TRANSVERSAL;0;1;0;0;0;0;0;0;0;1;0;;;;;;;;;;;;;
2023-08-30;quarta-feira ;11:00:00;COM VÍTIMA;IMBIRIBEIRA;AVENIDA;AVENIDA MARECHAL MASCARENHAS DE MORAES;;;E/F À CONCESSIONÁRIA VENEZA DIESEL  - SENTIDO AFOGADOS;IMBIRIBEIRA;;;COLISÃO TRASEIRA;1;0;0;1;0;0;0;0;0;2;0;;;;;;;;;;;;;
2023-08-31;quinta-feira ;07:04:00;COM VÍTIMA;ENCRUZILHADA;AVENIDA;AVENIDA NORTE MIGUEL ARRAES DE ALENCAR;;;PROX. AO POSTO DE GASOLINA DISLUB E NEW JATO;ENCRUZILHADA;;;COLISÃO LATERAL;0;1;0;0;0;0;0;0;0;1;0;;;;;;;;;;;;;
2023-08-31;quinta-feira ;07:12:00;COM VÍTIMA;IBURA;AVENIDA;AVENIDA DOM HELDER CAMARA;;;PROX. A NUPREV, NA ENTRADA DO IBURA;IBURA;;;COLISÃO LATERAL;0;1;0;0;0;0;0;0;0;1;0;;;;;;;;;;;;;
2023-08-31;quinta-feira ;07:52:00;COM VÍTIMA;IPUTINGA;AVENIDA;AVENIDA CAXANGA;;;PROX. A IGREJA PAZ E VIDA, EM FRENTE AO GOLF CLUB;IPUTINGA;;;COLISÃO LATERAL;0;1;0;0;0;0;0;0;0;1;0;;;;;;;;;;;;;
2023-08-31;quinta-feira ;08:10:00;SEM VÍTIMA;SANTO AMARO;RUA;RUA PRINCESA IZABEL;;;CAMERA DE VEREADORES;SANTO AMARO;;;COLISÃO LATERAL;1;1;0;0;0;0;0;0;0;0;0;;;;;;;;;;;;;
2023-08-31;quinta-feira ;08:24:00;COM VÍTIMA;SAN MARTIN;RUA;RUA DELMIRO GOUVEIA;;;EM FRENTE A CHESF;SAN MARTIN;;;COLISÃO LATERAL;1;1;0;0;0;0;0;0;0;1;0;;;;;;;;;;;;;
2023-08-31;quinta-feira ;08:45:00;COM VÍTIMA;SANTO AMARO;RUA;RUA ARLINDO MELO;;;AO LADO DO SHOPPING TACARUNA, PROX. AO PONTO DE TAXI;SANTO AMARO;;;COLISÃO LATERAL;0;1;0;0;0;0;0;0;0;1;0;;;;;;;;;;;;;
2023-08-31;quinta-feira ;08:49:00;COM VÍTIMA;BOA VIAGEM;AVENIDA;AVENIDA ENGENHEIRO DOMINGOS FERREIRA;;;PROX. AO EMPRESARIAL MOURA DUBEUX E CONCESSIONARIA NORDESTE IMPORT;BOA VIAGEM;;;COLISÃO LATERAL;0;1;0;0;0;0;0;0;0;1;0;;;;;;;;;;;;;
2023-08-31;quinta-feira ;08:49:00;COM VÍTIMA;PASSARINHO;RUA;RUA PEREIRA BARRETO;;;PROX AO GALPÃO DE AGUA MINERAL VALE NEVADO / PROX A MECEARIA DA IZA / PROX AO NUMERO 2016;PASSARINHO;;;COLISÃO LATERAL;0;1;0;0;0;0;0;0;0;1;0;;;;;;;;;;;;;
2023-08-31;quinta-feira ;09:30:00;COM VÍTIMA;AGUA FRIA;RUA;RUA FLORESTOPOLIS;;;PROX. A COMPESA E O TERMINAL DE ONIBUS DE AGUA FRIA;AGUA FRIA;;;COLISÃO LATERAL;0;1;0;0;0;0;0;0;0;1;0;;;;;;;;;;;;;
2023-08-31;quinta-feira ;11:24:00;SEM VÍTIMA;TORRE;RUA;RUA CONDE DE IRAJA;;;EM FRENTE AO CONDOMÍNIO CINE  TORRE;TORRE;191;SUBURBIO;COLISÃO TRASEIRA;0;1;0;0;0;0;0;1;0;0;0;;;;;;;;;;;;;
2023-08-31;quinta-feira ;12:31:00;COM VÍTIMA;DOIS IRMAOS;RUA;RUA MANUEL DE MEDEIROS;;;EM FRENTE A UFRPE E AO PREDIO DA CEGOE;DOIS IRMAOS;;;COLISÃO LATERAL;0;1;0;0;0;0;0;0;0;1;0;;;;;;;;;;;;;
2023-08-31;quinta-feira ;04:00:00;COM VÍTIMA;SANTO ANTONIO;AVENIDA;AVENIDA DANTAS BARRETO;;;PROXIMO AO TERMINAL DA 1002 E NO FINAL DO CAMELODROMO;SANTO ANTONIO;;;COLISÃO LATERAL;0;1;0;0;0;0;0;0;0;1;0;;;;;;;;;;;;;
2023-08-31;quinta-feira ;06:09:00;COM VÍTIMA;TORRE;AVENIDA;AVENIDA BEIRA RIO;;;PONTE DA TORRE / QUADRA DE FUTEBOL;TORRE;;;COLISÃO LATERAL;1;1;0;0;0;0;0;0;0;1;0;;;;;;;;;;;;;
2023-09-01;sexta-feira ;03:54:00;SEM VÍTIMA;TAMARINEIRA;RUA;RUA GOMES COUTINHO;;;TORRES DA TAMARINEIRA;TAMARINEIRA;;;COLISÃO LATERAL;4;0;0;0;0;0;0;0;0;0;0;;;;;;;;;;;;;
2023-09-01;sexta-feira ;09:36:00;COM VÍTIMA;BOA VIAGEM;AVENIDA;AVENIDA CELSO FURTADO (VIA MANGUE);;;SENT. CENTRO,  APOS O ASSAI ATACADISTA;BOA VIAGEM;;;COLISÃO;0;1;0;0;0;0;0;0;0;1;0;;;;;;;;;;;;;
2023-09-01;sexta-feira ;09:36:00;COM VÍTIMA;APIPUCOS;RUA;RUA DE APIPUCOS;;;EM FRENTE AO EDF. SARDENHA// APOS O LARGO DO APIPUCOS;APIPUCOS;;;COLISÃO;0;1;0;0;0;0;0;0;0;1;0;;;;;;;;;;;;;
2023-09-01;sexta-feira ;10:13:00;COM VÍTIMA;AFOGADOS;RUA;RUA VINTE E UM DE ABRIL;;;PROX A GALERIA CENTER / ESTAÇÃO IPIRANGA / CLUBE FERROVIARIO;AFOGADOS;;;COLISÃO LATERAL;2;1;0;0;0;0;0;0;0;1;0;;;;;;;;;;;;;
2023-09-01;sexta-feira ;12:03:00;COM VÍTIMA;DOIS UNIDOS;AVENIDA;AVENIDA HILDEBRANDO DE VASCONCELOS;;;PROX A PADARIA ESTELANÇA;DOIS UNIDOS;;;COLISÃO;0;1;0;0;0;0;0;0;0;1;0;;;;;;;;;;;;;
2023-09-01;sexta-feira ;12:45:00;COM VÍTIMA;TORROES;AVENIDA;AVENIDA ENGENHEIRO ABDIAS DE CARVALHO;;;DEPOIS DA UPA / SENTIDO CURADO PROX A LOMBADA ELETRONICA;TORROES;271;;COLISÃO LATERAL;0;2;0;0;0;0;0;0;0;1;0;;;;;;;;;;;;;
2023-09-01;sexta-feira ;03:49:00;COM VÍTIMA;BONGI;AVENIDA;AVENIDA ENGENHEIRO ABDIAS DE CARVALHO;;;BIG CAR;BONGI;;;COLISÃO LATERAL;0;0;0;0;0;0;0;0;0;1;0;;;;;;;;;;;;;
2023-09-01;sexta-feira ;04:46:00;COM VÍTIMA;SAO JOSE;RUA;RUA DA CONCORDIA;;;EM FRENTE A CASA DAS PLACAS E PROXIMO AO SINDICATO DOS TRABALHADORES;SAO JOSE;;;COLISÃO LATERAL;0;1;0;0;0;0;0;0;0;1;0;;;;;;;;;;;;;
2023-09-01;sexta-feira ;05:18:00;COM VÍTIMA;CAXANGA;PTE;PTE PROFESSOR MORAES REGO;;;HOSPITAL BARÃO DE LUCENA;CAXANGA;;;COLISÃO LATERAL;0;0;0;0;0;0;0;0;0;1;0;;;;;;;;;;;;;
2023-09-01;sexta-feira ;05:50:00;COM VÍTIMA;MONTEIRO;AVENIDA;AVENIDA DEZESSETE DE AGOSTO;;;HOSPITAL ERMIRIO DE MORAES;MONTEIRO;;;COLISÃO LATERAL;0;0;0;0;0;0;0;0;0;1;0;;;;;;;;;;;;;
2023-09-01;sexta-feira ;06:09:00;COM VÍTIMA;ROSARINHO;RUA;RUA DR JOSE MARIA;;;PORTAL DA PICANHA;ROSARINHO;;;COLISÃO LATERAL;0;0;0;0;0;0;0;0;0;1;0;;;;;;;;;;;;;
2023-09-01;sexta-feira ;06:22:00;COM VÍTIMA;IPSEP;RUA;RUA PINTOR ANTONIO ALBUQUERQUE;;;ASSOCIAÇÃO DOS MOTORISTAS DE PE;IPSEP;;;COLISÃO LATERAL;0;0;0;0;0;0;0;0;0;1;0;;;;;;;;;;;;;
2023-09-01;sexta-feira ;07:15:00;VÍTIMA FATAL;FUNDAO;AVENIDA;AVENIDA BEBERIBE;;;PROXIMO AO COLEGIO PEDRO AUGUSTO;FUNDAO;;CIDADE;ATROPELAMENTO DE PESSOA;0;0;0;0;1;1;0;0;0;0;1;;;;;;;;;;;;;
2023-09-01;sexta-feira ;10:58:00;COM VÍTIMA;PORTO DA MADEIRA;AVENIDA;AVENIDA BEBERIBE;;;E/F À ANTIGA PIZZARIA DO GORDO;PORTO DA MADEIRA;;;COLISÃO TRANSVERSAL;0;1;0;0;0;0;0;0;0;1;0;;;;;;;;;;;;;
2023-09-02;sábado ;12:27:00;COM VÍTIMA;CAXANGA;RUA;RUA RIBEIRO PESSOA;;;EM FRENTE AO CONDOMINIO FICCOS BENJAMIM;CAXANGA;;;COLISÃO;1;1;0;0;0;0;0;0;0;1;0;;;;;;;;;;;;;
2023-09-02;sábado ;01:38:00;COM VÍTIMA;IPSEP;RUA;RUA JEAN EMILE FAVRE;AVENIDA;AVENIDA RECIFE;;IPSEP;;;COLISÃO LATERAL;1;1;0;0;0;0;0;0;0;1;0;;;;;;;;;;;;;
2023-09-02;sábado ;01:47:00;SEM VÍTIMA;CASA FORTE;AVENIDA;AVENIDA DEZESSETE DE AGOSTO;;;EM FRENTE AO LABORATORIO MARCELO MAGALHAES;CASA FORTE;;;COLISÃO FRONTAL;2;0;0;0;0;0;0;0;0;0;0;;;;;;;;;;;;;