data;dia_semana;hora;natureza;bairro;logradouro_endereco;endereco;logradouro_detalhe_endereço;detalhe_endereco_acidente;complemento;bairro_cruzamento;num_semaforo;sentido_via;tipo;auto;moto;ciclom;ciclista;pedestre;onibus;caminhao;viatura;outros;vitimas;vitimasfatais;acidente_verificado;tempo_clima;situacao_semaforo;sinalizacao;condicao_via;conservacao_via;ponto_controle;situacao_placa;velocidade_max_via;mao_direcao;divisao_via1;divisao_via2;divisao_via3
2023-09-02;sábado ;05:37:00;COM VÍTIMA;CORDEIRO;AVENIDA;AVENIDA CAXANGA;;;EM FRENTE AO GOLF CLUB;CORDEIRO;;CIDADE;QUEDA;0;1;0;0;1;0;1;0;0;1;0;;;;;;;;;;;;;
2023-09-02;sábado ;09:45:00;COM VÍTIMA;IMBIRIBEIRA;VIADUTO;VIADUTO TANCREDO NEVES;;;EM CIMA DO VIADUTO, APOS O RESTAURANTE SAL E BRASA;IMBIRIBEIRA;;;COLISÃO LATERAL;0;1;0;0;0;0;0;0;0;1;0;;;;;;;;;;;;;
2023-09-02;sábado ;10:27:00;COM VÍTIMA;BEBERIBE;AVENIDA;AVENIDA BEBERIBE;;;PROX. A BEBERIBE AUTO PEÇAS E PRAÇA DA CONVENÇÃO;BEBERIBE;;;COLISÃO LATERAL;0;1;0;0;0;0;0;0;0;1;0;;;;;;;;;;;;;
2023-09-02;sábado ;11:19:00;COM VÍTIMA;SAO JOSE;RUA;RUA IMPERIAL;;;PROX. AO CRISTAL EXECUTIVO HOTEL, AO LADO DO SEMAFORO 511;SAO JOSE;;;COLISÃO LATERAL;0;1;0;0;0;0;0;0;0;1;0;;;;;;;;;;;;;
2023-09-02;sábado ;11:21:00;COM VÍTIMA;BOA VIAGEM;RUA;RUA CARLOS PEREIRA FALCAO;;;PROX. AO EMPRESARIAL IBRAHIM NEJAIM;BOA VIAGEM;;;COLISÃO LATERAL;0;1;0;0;0;0;0;0;0;1;0;;;;;;;;;;;;;
2023-09-02;sábado ;12:56:00;COM VÍTIMA;AGUA FRIA;AVENIDA;AVENIDA BEBERIBE;;;LOJA DOMINANTE;AGUA FRIA;;;COLISÃO LATERAL;1;1;0;0;0;0;0;0;0;1;0;;;;;;;;;;;;;
2023-09-02;sábado ;01:43:00;COM VÍTIMA;TORRE;RUA;RUA JOSE BONIFACIO;;;EM FRENTE AO CARREFOUR;TORRE;;;COLISÃO LATERAL;0;0;0;0;0;0;0;0;0;1;0;;;;;;;;;;;;;
2023-09-02;sábado ;02:56:00;COM VÍTIMA;AGUA FRIA;EST;EST VELHA DE AGUA FRIA;;;O BOTICARIO;AGUA FRIA;;;COLISÃO LATERAL;1;1;0;0;0;0;0;0;0;1;0;;;;;;;;;;;;;
2023-09-02;sábado ;03:01:00;COM VÍTIMA;IBURA;LAD;LAD DA COHAB;;;ANTIGO HOTEL GIRADOURO;IBURA;;;COLISÃO TRASEIRA;0;1;0;0;0;1;0;0;0;2;0;;;;;;;;;;;;;
2023-09-02;sábado ;03:22:00;COM VÍTIMA;BOA VIAGEM;RUA;RUA VISCONDE DE CABO FRIO;;;POUSADA MARAVILHA;BOA VIAGEM;;;COLISÃO FRONTAL;1;1;0;0;0;0;0;0;0;1;0;;;;;;;;;;;;;
2023-09-02;sábado ;03:26:00;COM VÍTIMA;AREIAS;RUA;RUA IPOJUCA;;;MINI SHOPPING;AREIAS;;;CHOQUE;0;1;0;0;0;0;0;0;0;1;0;;;;;;;;;;;;;
2023-09-02;sábado ;09:08:00;COM VÍTIMA;JOANA BEZERRA;VIADUTO;VIADUTO CAPITAO TEMUDO;;;EM CIMA DO VIADUTO CAPITÃO TEMUDO;JOANA BEZERRA;;;COLISÃO LATERAL;1;1;0;0;0;0;0;0;0;1;0;;;;;;;;;;;;;
2023-09-03;domingo ;07:54:00;COM VÍTIMA;SANTO AMARO;AVENIDA;AVENIDA MARIO MELO;AVENIDA;AVENIDA CRUZ CABUGA;;SANTO AMARO;;;COLISÃO LATERAL;0;0;0;0;0;0;0;0;0;1;0;;;;;;;;;;;;;
2023-09-03;domingo ;09:53:00;COM VÍTIMA;CASA AMARELA;RUA;RUA PADRE LEMOS;;;PROX FERREIRA PINTO E A KINITOS;CASA AMARELA;;;COLISÃO LATERAL;0;1;0;0;0;0;0;0;0;1;0;;;;;;;;;;;;;
2023-09-03;domingo ;10:29:00;COM VÍTIMA;IBURA;RUA;RUA VISCONDE DE AZUARA;;;ALTO DA BELA VISTA IBURA DE BAIXO;IBURA;;;COLISÃO FRONTAL;0;1;0;0;0;0;0;0;0;1;0;;;;;;;;;;;;;
2023-09-03;domingo ;11:34:00;COM VÍTIMA;SAO JOSE;RUA;RUA ANDRE VIDAL DE NEGREIROS;;;E/F FORTE DE CINCO PONTES;SAO JOSE;;;;0;1;0;0;0;0;0;0;0;1;0;;;;;;;;;;;;;
2023-09-03;domingo ;11:37:00;COM VÍTIMA;AGUA FRIA;AVENIDA;AVENIDA ANIBAL BENEVOLO;;;EM FRENTE AO CLUBE BELA VISTA AO LADO DO VIA SHOW;AGUA FRIA;;;COLISÃO LATERAL;0;1;0;0;0;0;0;0;0;1;0;;;;;;;;;;;;;
2023-09-03;domingo ;03:33:00;COM VÍTIMA;BOA VIAGEM;AVENIDA;AVENIDA ENGENHEIRO DOMINGOS FERREIRA;;;PROX AO MEDICAL CENTER;BOA VIAGEM;;;COLISÃO LATERAL;0;1;0;0;0;0;0;0;0;1;0;;;;;;;;;;;;;
2023-09-03;domingo ;04:48:00;COM VÍTIMA;TEJIPIO;RUA;RUA FALCAO DE LACERDA;;;PROX A ESTAÇAO DO METRO E/F AO CARTORIO DE TEJIPIO;TEJIPIO;;;COLISÃO FRONTAL;1;1;0;0;0;0;0;0;0;1;0;;;;;;;;;;;;;
2023-09-03;domingo ;06:09:00;COM VÍTIMA;TOTO;AVENIDA;AVENIDA LIBERDADE;;;PROX AO BIDU KRAUSE  E O BAR DO AMARELINDO;TOTO;;;COLISÃO LATERAL;0;1;0;0;0;0;0;0;0;1;0;;;;;;;;;;;;;
2023-09-03;domingo ;08:04:00;COM VÍTIMA;MADALENA;RUA;RUA ARLINDO GOUVEIA;;;EDFº MARIA CARMEN E  MARIA DA GLORIA;MADALENA;;;ATROPELAMENTO DE PESSOA;1;0;0;0;1;0;0;0;0;1;0;;;;;;;;;;;;;
2023-09-03;domingo ;08:54:00;SEM VÍTIMA;BOMBA DO HEMETERIO;RUA;RUA BOMBA DO HEMETERIO;;;EM FRENTE AO POSTO DE GASOLINA;BOMBA DO HEMETERIO;;;CHOQUE;0;0;0;0;0;0;0;0;0;0;0;;;;;;;;;;;;;
2023-09-03;domingo ;10:59:00;COM VÍTIMA;IBURA;AVENIDA;AVENIDA DOIS RIOS;RUA;RUA RIO XINGU;PROX. A ACADEMIA MOTIVO;IBURA;;;COLISÃO TRANSVERSAL;1;1;0;0;0;0;0;0;0;1;0;;;;;;;;;;;;;
2023-09-04;segunda-feira ;12:58:00;COM VÍTIMA;IPSEP;RUA;RUA BLUMENAU;;;PROX. AO BAR DE LUCIANO;IPSEP;;;COLISÃO TRANSVERSAL;0;1;0;0;0;0;0;0;0;1;0;;;;;;;;;;;;;
2023-09-04;segunda-feira ;08:47:00;COM VÍTIMA;BOA VIAGEM;AVENIDA;AVENIDA BOA VIAGEM;;;APOS ACADAMIA DA CIDADE // ED. CALIFORNIA ,E/F AS QUADRAS;BOA VIAGEM;;;COLISÃO LATERAL;0;1;0;0;0;0;0;0;0;1;0;;;;;;;;;;;;;
2023-09-04;segunda-feira ;10:00:00;COM VÍTIMA;MONTEIRO;AVENIDA;AVENIDA DEZESSETE DE AGOSTO;;;EM FRENTE AO COLEGIO SILVA JARDIM;MONTEIRO;;;COLISÃO LATERAL;0;1;0;0;0;0;0;0;0;1;0;;;;;;;;;;;;;
2023-09-04;segunda-feira ;11:04:00;COM VÍTIMA;PINA;AVENIDA;AVENIDA REPUBLICA ARABE UNIDA;;;ENTRE O EMPRESARIAL TRADE CENTER E SHOPPING RIO MAR;PINA;;;COLISÃO LATERAL;0;1;0;0;0;0;0;0;0;1;0;;;;;;;;;;;;;
2023-09-04;segunda-feira ;12:57:00;SEM VÍTIMA;BOA VIAGEM;AVENIDA;AVENIDA ARMINDO MOURA;;;AV. BOA VIAGEM;;84;SUBURBIO;;1;1;0;0;0;0;0;0;0;0;0;;;;;;;;;;;;;
2023-09-04;segunda-feira ;01:09:00;SEM VÍTIMA;SAO JOSE;RUA;RUA BARAO DA VITORIA;;;AO LADO DA LOJA MOTOKEIRO;SAO JOSE;;SUBURBIO;;1;0;0;0;0;0;0;1;0;0;0;;;;;;;;;;;;;
2023-09-04;segunda-feira ;01:15:00;COM VÍTIMA;TAMARINEIRA;RUA;RUA CONEGO BARATA;;;EM FRENTE AO ESPAÇO DE REVENDEDORES O BOTICARIO/ SENTIDO ESTRADA VELHA DE AGUA FRIA;TAMARINEIRA;;;COLISÃO LATERAL;1;1;0;0;0;0;0;0;0;1;0;;;;;;;;;;;;;
2023-09-04;segunda-feira ;01:30:00;COM VÍTIMA;BOA VIAGEM;AVENIDA;AVENIDA CONSELHEIRO AGUIAR;;;PROX AO EMPRESARIAL JOÃO ROMA E ANTES DA PIZZARIA HUT;BOA VIAGEM;;;COLISÃO LATERAL;0;1;0;0;0;0;0;0;0;1;0;;;;;;;;;;;;;
2023-09-04;segunda-feira ;01:38:00;COM VÍTIMA;SANTO AMARO;AVENIDA;AVENIDA CRUZ CABUGA;;;EM FRENTE A CAIXA ECONOMICA FEDERALE EM FRENTE AO COLEGIO SIZENANDO SILVEIRA;SANTO AMARO;;;COLISÃO LATERAL;0;1;0;0;0;0;0;0;0;1;0;;;;;;;;;;;;;
2023-09-04;segunda-feira ;02:42:00;COM VÍTIMA;BRASILIA TEIMOSA;RUA;RUA FRANCISCO VALPASSOS;;;AO LADO DO PATIO DA FEIRA  APOS A ESCOLA ESTATUAL  CHATEAU BRIAND;BRASILIA TEIMOSA;;;ATROPELAMENTO DE PESSOA;0;0;0;0;1;1;0;0;0;1;0;;;;;;;;;;;;;
2023-09-04;segunda-feira ;02:52:00;COM VÍTIMA;VARZEA;AVENIDA;AVENIDA JOAQUIM RIBEIRO;;;PROX A UPA DA CAXANGÁ E AO POSTO DE GASOLINA SHELL;VARZEA;;;COLISÃO LATERAL;0;1;0;0;0;0;0;0;0;1;0;;;;;;;;;;;;;
2023-09-04;segunda-feira ;03:27:00;COM VÍTIMA;ILHA DO LEITE;RUA;RUA GENERAL JOAQUIM INACIO;;;306 POR TRAS DO COLEGIO SALESIANO;ILHA DO LEITE;;;COLISÃO LATERAL;0;1;0;0;0;0;0;0;0;1;0;;;;;;;;;;;;;
2023-09-04;segunda-feira ;04:21:00;COM VÍTIMA;BOA VIAGEM;AVENIDA;AVENIDA ENGENHEIRO DOMINGOS FERREIRA;;;EM FRENTE AO HOTEL GABRIEL BACELAR E PROX A ESCOLA MUNICIPAL OSVALDO LIMA FILHO;BOA VIAGEM;;;COLISÃO LATERAL;0;1;0;0;0;0;0;0;0;1;0;;;;;;;;;;;;;
2023-09-04;segunda-feira ;05:08:00;COM VÍTIMA;APIPUCOS;RUA;RUA DE APIPUCOS;;;11º BATALHÃO DA POLICIA MILITAR;APIPUCOS;;;ATROPELAMENTO DE PESSOA;0;1;0;0;1;0;0;0;0;1;0;;;;;;;;;;;;;
2023-09-04;segunda-feira ;05:13:00;COM VÍTIMA;MORRO DA CONCEICAO;AVENIDA;AVENIDA NORTE MIGUEL ARRAES DE ALENCAR;;;EM FRENTE A UPINHA MOACIR ANDRE GOMES;MORRO DA CONCEICAO;;;COLISÃO LATERAL;0;1;0;0;0;0;0;0;0;1;0;;;;;;;;;;;;;
2023-09-04;segunda-feira ;05:39:00;COM VÍTIMA;SAO JOSE;LARGO;LARGO DA PAZ;;;PROX ESTAÇAO DO LARGO DA PAZ;SAO JOSE;;;COLISÃO LATERAL;0;0;0;0;0;0;0;0;0;1;0;;;;;;;;;;;;;
2023-09-04;segunda-feira ;05:46:00;COM VÍTIMA;IPSEP;AVENIDA;AVENIDA RECIFE;RUA;RUA ADOLFO FARO;ESQUINA COM POSTO DE COMBUSTIVEL FEDERAL;IPSEP;;;COLISÃO LATERAL;1;1;0;0;0;0;0;0;0;2;0;;;;;;;;;;;;;
2023-09-04;segunda-feira ;05:49:00;COM VÍTIMA;SANTO ANTONIO;AVENIDA;AVENIDA GUARARAPES;;;EM FRENTE A CAIXA ECONOMICA E PROXIMO AOS CORREIOS;SANTO ANTONIO;;;COLISÃO LATERAL;0;1;0;0;0;0;0;0;0;1;0;;;;;;;;;;;;;
2023-09-04;segunda-feira ;06:15:00;COM VÍTIMA;TAMARINEIRA;AVENIDA;AVENIDA NORTE MIGUEL ARRAES DE ALENCAR;RUA;RUA CONEGO BARATA;PROX AO ATACADO DOS PRESENTES;TAMARINEIRA;;;COLISÃO LATERAL;0;1;0;0;0;0;0;0;0;1;0;;;;;;;;;;;;;
2023-09-04;segunda-feira ;08:37:00;COM VÍTIMA;PRADO;AVENIDA;AVENIDA ENGENHEIRO ABDIAS DE CARVALHO;EST;EST DOS REMEDIOS;DROGASIL;PRADO;;;COLISÃO LATERAL;0;2;0;0;0;0;0;0;0;2;0;;;;;;;;;;;;;
2023-09-05;terça-feira ;06:01:00;COM VÍTIMA;IMBIRIBEIRA;AVENIDA;AVENIDA MARECHAL MASCARENHAS DE MORAES;;;EM FRENTE A CONCESSIONÁRIA RENAULT;IMBIRIBEIRA;;SUBURBIO;COLISÃO FRONTAL;0;0;0;0;0;0;0;0;0;1;0;;;;;;;;;;;;;
2023-09-05;terça-feira ;07:08:00;COM VÍTIMA;ARRUDA;AVENIDA;AVENIDA BEBERIBE;;;ARMAZEM CORAL // ESTADIO DO SANTA CRUZ;ARRUDA;;;;0;1;0;0;0;0;0;0;0;1;0;;;;;;;;;;;;;
2023-09-05;terça-feira ;07:25:00;COM VÍTIMA;ENCRUZILHADA;AVENIDA;AVENIDA BEBERIBE;RUA;RUA PROFESSOR MIRANDA CURIO;EM FRENTE A AUTO ESCOLA BELEM// PROXIMO AO MERCADO DA ENCRUZILHADA // E EM FRENTE AO NÚMERO 247;ENCRUZILHADA;;;COLISÃO LATERAL;2;1;0;0;0;0;0;0;0;1;0;;;;;;;;;;;;;
2023-09-05;terça-feira ;08:16:00;COM VÍTIMA;AREIAS;AVENIDA;AVENIDA RECIFE;;;E/F ATACADÃO  ANTIGO MAKRO;AREIAS;;;;0;1;0;0;0;0;0;0;0;1;0;;;;;;;;;;;;;
2023-09-05;terça-feira ;08:19:00;COM VÍTIMA;VARZEA;AVENIDA;AVENIDA AFONSO OLINDENSE;;;E/F A EMPRESA BIOLOGICO // PROXIMO AO DESFIO JOVEM  ( PROGRAMA DA IGREJA);VARZEA;;;COLISÃO LATERAL;0;1;0;0;0;0;0;0;0;1;0;;;;;;;;;;;;;
2023-09-05;terça-feira ;09:18:00;COM VÍTIMA;BOA VIAGEM;RUA;RUA BARAO DE SOUZA LEAO;;;EM FRENTE A SORVETERIA CHIQUINHO /// EM FRENTE AO ESTACIONAMENTO DO HOSPITAL ALFA;BOA VIAGEM;;;ATROPELAMENTO DE PESSOA;1;0;0;0;1;0;0;0;0;1;0;;;;;;;;;;;;;
2023-09-05;terça-feira ;11:07:00;COM VÍTIMA;SAN MARTIN;AVENIDA;AVENIDA GENERAL SAN MARTIN;;;EM FRENTE A PRAÇA NEWTON PEIXE;SAN MARTIN;;;COLISÃO;0;0;0;1;0;0;0;0;0;1;0;;;;;;;;;;;;;
2023-09-05;terça-feira ;12:05:00;COM VÍTIMA;JARDIM SAO PAULO;AVENIDA;AVENIDA LIBERDADE;;;EM FRENTE AO PRESIDIO ANIBAL BRUNO;JARDIM SAO PAULO;;;COLISÃO;0;1;0;0;0;0;0;0;0;1;0;;;;;;;;;;;;;
2023-09-05;terça-feira ;02:45:00;SEM VÍTIMA;AFOGADOS;LARGO;LARGO DA PAZ;;;E/F A PRAÇA ESQUINA DO BRADESCO;AFOGADOS;;;COLISÃO LATERAL;1;0;0;0;0;0;1;0;0;0;0;;;;;;;;;;;;;
2023-09-05;terça-feira ;04:32:00;COM VÍTIMA;DOIS UNIDOS;RUA;RUA TUPIRACABA;;;PROX A PADARIA MENDONÇA E AO TERMINAL DO ALTO  DO CAPITÃO;DOIS UNIDOS;;;COLISÃO LATERAL;0;1;0;0;0;0;0;0;0;1;0;;;;;;;;;;;;;
2023-09-05;terça-feira ;05:31:00;COM VÍTIMA;PRADO;AVENIDA;AVENIDA ENGENHEIRO ABDIAS DE CARVALHO;RUA;RUA SANTA EDWIRGES;;PRADO;354;;COLISÃO;0;1;0;0;0;0;0;0;0;1;0;;;;;;;;;;;;;
2023-09-05;terça-feira ;08:31:00;COM VÍTIMA;SAN MARTIN;AVENIDA;AVENIDA GENERAL SAN MARTIN;;;E/F À CAVALARIA DA POLICIA MILITAR;SAN MARTIN;;;COLISÃO FRONTAL;1;1;0;0;0;0;0;0;0;2;0;;;;;;;;;;;;;
2023-09-05;terça-feira ;09:43:00;COM VÍTIMA;CASA AMARELA;RUA;RUA PAULA BATISTA;RUA;RUA CONS PERETTI;PROX. AO CENTRO ESPIRITA MOACIR;CASA AMARELA;;;COLISÃO TRANSVERSAL;1;1;0;0;0;0;0;0;0;1;0;;;;;;;;;;;;;
2023-09-05;terça-feira ;10:02:00;COM VÍTIMA;BARRO;AVENIDA;AVENIDA DR JOSE RUFINO;;;E/F AO CARTÓRIO DE AREIAS;BARRO;;;COLISÃO;0;1;0;0;0;0;0;0;0;1;0;;;;;;;;;;;;;
2023-09-05;terça-feira ;10:37:00;COM VÍTIMA;DOIS UNIDOS;RUA;RUA PADRE CICERO;;;SUBIDA DA LADEIRA DA MEDALHA MILAGROSA - ALTO DO MARACANÃ;DOIS UNIDOS;;;COLISÃO;0;1;0;0;0;0;0;0;0;1;0;;;;;;;;;;;;;
2023-09-06;quarta-feira ;06:42:00;COM VÍTIMA;CASA AMARELA;AVENIDA;AVENIDA NORTE MIGUEL ARRAES DE ALENCAR;;;PROX. AO SESC DE CASA AMARELA X CRUSAMENTO ALTO JOSE DO PINHO;CASA AMARELA;;;;0;1;0;0;0;0;0;0;0;1;0;;;;;;;;;;;;;
2023-09-06;quarta-feira ;07:55:00;COM VÍTIMA;ILHA DO RETIRO;AVENIDA;AVENIDA JOSE GONCALVES DE MEDEIROS;;;PROX. A MC´DONALD;ILHA DO RETIRO;;;COLISÃO LATERAL;1;1;0;0;0;0;0;0;0;1;0;;;;;;;;;;;;;
2023-09-06;quarta-feira ;07:56:00;COM VÍTIMA;ENCRUZILHADA;EST;EST DE BELEM;;;PROX AO BANCO ITAU E DA CAIXA ECONOMICA E DA IGREJA BATISTA MEMORIAL DE BELEM;ENCRUZILHADA;;;COLISÃO LATERAL;0;1;0;0;0;0;0;0;0;1;0;;;;;;;;;;;;;
2023-09-06;quarta-feira ;07:57:00;COM VÍTIMA;PINA;PTE;PTE GOVERNADOR PAULO GUERRA;;;ENCIMA DO VIADUTO / PROX AO SHOPPING RIOMAR;PINA;;;COLISÃO;1;1;0;0;0;0;0;0;0;1;0;;;;;;;;;;;;;
2023-09-06;quarta-feira ;08:31:00;COM VÍTIMA;PINA;PTE;PTE GOVERNADOR PAULO GUERRA;;;EM CIMA DO VIA DULTO PROX DO RIO MAR;PINA;;;COLISÃO LATERAL;0;1;0;0;0;0;0;0;0;1;0;;;;;;;;;;;;;
2023-09-06;quarta-feira ;08:33:00;COM VÍTIMA;CORDEIRO;AVENIDA;AVENIDA CAXANGA;;;PROX AO EXPOSIÇÃO DE ANIMAIS;CORDEIRO;;;COLISÃO;0;1;0;0;0;0;0;0;0;1;0;;;;;;;;;;;;;
2023-09-06;quarta-feira ;08:53:00;COM VÍTIMA;CORDEIRO;AVENIDA;AVENIDA GENERAL SAN MARTIN;;;PX AO HOSPITAL GETULIO VARGAS // APOS O MERCADO DO CORDEIRO;CORDEIRO;;;COLISÃO LATERAL;0;1;0;0;0;0;0;0;0;1;0;;;;;;;;;;;;;
2023-09-06;quarta-feira ;08:53:00;COM VÍTIMA;AFOGADOS;RUA;RUA SAO MIGUEL;;;MARTELINHO DE OURO;AFOGADOS;;;COLISÃO LATERAL;1;1;0;0;0;0;0;0;0;1;0;;;;;;;;;;;;;
2023-09-06;quarta-feira ;08:57:00;COM VÍTIMA;IMBIRIBEIRA;AVENIDA;AVENIDA MARECHAL MASCARENHAS DE MORAES;;;EM FRENTE AO HOTEL IBIS , LADO OPOSTO DO AEREOPORTO;IMBIRIBEIRA;;;COLISÃO LATERAL;0;1;0;0;0;0;0;0;0;1;0;;;;;;;;;;;;;
2023-09-06;quarta-feira ;11:03:00;COM VÍTIMA;BAIRRO DO RECIFE;AVENIDA;AVENIDA BARBOSA LIMA;;;PROX AO MARCO ZERO  / AO LADO DA CAIXA CULTURAL;BAIRRO DO RECIFE;;;COLISÃO;0;1;0;0;0;0;0;0;0;1;0;;;;;;;;;;;;;
2023-09-06;quarta-feira ;11:06:00;COM VÍTIMA;MADALENA;RUA;RUA ERNANI BRAGA;;;POR TRAS DO MERCADO PUBLICO DA MADALENA;MADALENA;;;COLISÃO LATERAL;1;1;0;0;0;0;0;0;0;1;0;;;;;;;;;;;;;
2023-09-06;quarta-feira ;11:14:00;COM VÍTIMA;DERBY;AVENIDA;AVENIDA GOVERNADOR AGAMENON MAGALHAES;;;E/F HOSPITAL DA RESTAURAÇÃO;DERBY;;;COLISÃO TRASEIRA;1;2;0;0;0;0;0;0;0;2;0;;;;;;;;;;;;;
2023-09-06;quarta-feira ;04:06:00;COM VÍTIMA;IMBIRIBEIRA;RUA;RUA JALISCO;;;AO LADO DO GINASIO DE ESPORTES GERALDAO;IMBIRIBEIRA;;;;1;0;0;0;1;0;0;0;0;1;0;;;;;;;;;;;;;
2023-09-06;quarta-feira ;04:08:00;COM VÍTIMA;IPUTINGA;AVENIDA;AVENIDA MAURICIO DE NASSAU;;;PROX AO ALTINO VENTURA E AO RESIDENCIAL MULHERES DE TECUJUPAPO;IPUTINGA;;;COLISÃO LATERAL;0;0;0;0;0;0;0;0;0;1;0;;;;;;;;;;;;;
2023-09-06;quarta-feira ;04:44:00;COM VÍTIMA;CORDEIRO;AVENIDA;AVENIDA INACIO MONTEIRO;;;EM FRENTE A DROGARIA DO CORDEIRO;CORDEIRO;;;COLISÃO LATERAL;1;1;0;0;0;0;0;0;0;1;0;;;;;;;;;;;;;
2023-09-06;quarta-feira ;04:49:00;COM VÍTIMA;TAMARINEIRA;AVENIDA;AVENIDA NORTE MIGUEL ARRAES DE ALENCAR;;;PROX AO ANTIGO MOTEL VILA NOVA;TAMARINEIRA;;;COLISÃO LATERAL;0;1;0;0;0;0;0;0;0;1;0;;;;;;;;;;;;;
2023-09-06;quarta-feira ;06:55:00;COM VÍTIMA;SANTO AMARO;AVENIDA;AVENIDA GOVERNADOR AGAMENON MAGALHAES;;;POSTO DISLUB PRÓX A UPE;SANTO AMARO;;;COLISÃO LATERAL;1;1;0;0;0;0;0;0;0;1;0;;;;;;;;;;;;;
2023-09-06;quarta-feira ;07:20:00;COM VÍTIMA;BONGI;AVENIDA;AVENIDA ENGENHEIRO ABDIAS DE CARVALHO;;;EM FRENTE A OFICINA POINTS / PRÓXIMO A ENGEFRIO / PRÓXIMO A IGREJA SANTA EDWIRGES;BONGI;;;COLISÃO;0;1;0;0;0;0;0;0;0;1;0;;;;;;;;;;;;;
2023-09-07;quinta-feira ;10:08:00;COM VÍTIMA;ESTANCIA;AVENIDA;AVENIDA RECIFE;;;LADO OPOSTO AO Nº 150 - ATACADÃO;ESTANCIA;;SUB;COLISÃO COM CICLISTA;1;0;0;1;0;0;0;0;0;1;0;;;;;;;;;;;;;
2023-09-07;quinta-feira ;01:35:00;COM VÍTIMA;IMBIRIBEIRA;RUA;RUA PARIS;RUA;RUA NORUEGA;;IMBIRIBEIRA;637;;COLISÃO FRONTAL;1;2;0;0;0;0;0;0;0;4;0;;;;;;;;;;;;;
2023-09-07;quinta-feira ;02:47:00;COM VÍTIMA;CAMPO GRANDE;RUA;RUA ODORICO MENDES;;;DROGASIL;CAMPO GRANDE;;;COLISÃO LATERAL;0;0;0;0;0;0;0;0;0;1;0;;;;;;;;;;;;;
2023-09-07;quinta-feira ;04:05:00;COM VÍTIMA;IPUTINGA;AVENIDA;AVENIDA CAXANGA;;;EM FRENTE À MOTO CRUZ;IPUTINGA;;;COLISÃO COM CICLISTA;0;1;0;1;0;0;0;0;0;2;0;;;;;;;;;;;;;
2023-09-07;quinta-feira ;06:19:00;COM VÍTIMA;IBURA;AVENIDA;AVENIDA PERNAMBUCO;;;ACADEMIA DE CROSSFIT;IBURA;;;COLISÃO LATERAL;0;0;0;0;0;0;0;0;0;1;0;;;;;;;;;;;;;
2023-09-07;quinta-feira ;09:01:00;COM VÍTIMA;POCO DA PANELA;AVENIDA;AVENIDA DEZESSETE DE AGOSTO;;;PRÓXIMO AO MUSEU DO HOMEM DO HOMEM DO NORDESTE E  BAR CHÁ COM CHITA;POCO DA PANELA;;;COLISÃO;0;1;0;0;0;0;0;0;0;1;0;;;;;;;;;;;;;
2023-09-08;sexta-feira ;07:37:00;COM VÍTIMA;DERBY;AVENIDA;AVENIDA GOVERNADOR AGAMENON MAGALHAES;TRV;TRV DOUTOR SABINO PINHO;EM FRENTE AO HOSPITAL DA RESTAURAÇÃO, SENT. BOA VIAGEM;DERBY;;;COLISÃO LATERAL;0;1;0;0;0;0;0;0;0;1;0;;;;;;;;;;;;;
2023-09-08;sexta-feira ;08:03:00;COM VÍTIMA;CASA FORTE;AVENIDA;AVENIDA DEZESSETE DE AGOSTO;;;VIA LOCAL, PRAÇA DE CASA FORTE;CASA FORTE;;;COLISÃO LATERAL;0;1;0;0;0;0;0;0;0;1;0;;;;;;;;;;;;;
2023-09-08;sexta-feira ;09:21:00;COM VÍTIMA;BOA VIAGEM;RUA;RUA BARAO DE SOUZA LEAO;;;EM FRENTE AO COLEGIOSANTOS DUMONT;BOA VIAGEM;;;COLISÃO LATERAL;0;1;0;0;0;0;0;0;0;1;0;;;;;;;;;;;;;
2023-09-08;sexta-feira ;11:16:00;COM VÍTIMA;BONGI;AVENIDA;AVENIDA ENGENHEIRO ABDIAS DE CARVALHO;;;PROX A FUNASE CARUARU;BONGI;;;COLISÃO;0;1;0;0;0;0;0;0;0;1;0;;;;;;;;;;;;;
2023-09-08;sexta-feira ;01:46:00;COM VÍTIMA;BEBERIBE;AVENIDA;AVENIDA BEBERIBE;;;E/F AO MAGAZINE LUIZA PROX  PRAÇA DA CONVENÇAO;BEBERIBE;;;COLISÃO LATERAL;0;0;0;0;0;0;0;0;0;1;0;;;;;;;;;;;;;
2023-09-08;sexta-feira ;02:43:00;COM VÍTIMA;SANTO AMARO;RUA;RUA PRINCESA IZABEL;;;PROXIMO A POLICIA CIVIL;SANTO AMARO;;;COLISÃO LATERAL;0;1;0;0;0;0;0;0;0;1;0;;;;;;;;;;;;;
2023-09-08;sexta-feira ;08:09:00;COM VÍTIMA;CASA FORTE;AVENIDA;AVENIDA DEZESSETE DE AGOSTO;;;EM FRENTE AO POSTO DISLUB;CASA FORTE;;;COLISÃO;0;1;0;0;0;0;0;0;0;1;0;;;;;;;;;;;;;