data;dia_semana;hora;natureza;bairro;logradouro_endereco;endereco;logradouro_detalhe_endereço;detalhe_endereco_acidente;complemento;bairro_cruzamento;num_semaforo;sentido_via;tipo;auto;moto;ciclom;ciclista;pedestre;onibus;caminhao;viatura;outros;vitimas;vitimasfatais;acidente_verificado;tempo_clima;situacao_semaforo;sinalizacao;condicao_via;conservacao_via;ponto_controle;situacao_placa;velocidade_max_via;mao_direcao;divisao_via1;divisao_via2;divisao_via3
2023-09-08;sexta-feira ;09:49:00;COM VÍTIMA;SANTO AMARO;RUA;RUA DA AURORA;;;EM FRENTE AO TAVARES BURIL;SANTO AMARO;;;COLISÃO FRONTAL;0;1;0;0;0;0;0;0;0;2;0;;;;;;;;;;;;;
2023-09-08;sexta-feira ;09:53:00;COM VÍTIMA;AGUA FRIA;RUA;RUA ZEFERINO AGRA;;;PRÓX. A DELEGACIA;AGUA FRIA;;;COLISÃO;0;1;0;0;0;0;0;0;0;1;0;;;;;;;;;;;;;
2023-09-09;sábado ;08:27:00;COM VÍTIMA;NOVA DESCOBERTA;AVENIDA;AVENIDA VEREADOR OTACILIO AZEVEDO;;;PROXIMO AO BAR DE TEREZINHA;NOVA DESCOBERTA;;;COLISÃO;0;1;0;0;0;0;0;0;0;1;0;;;;;;;;;;;;;
2023-09-09;sábado ;08:46:00;COM VÍTIMA;TORRE;RUA;RUA CONDE DE IRAJA;;;PROXIMO AO POSTO POLICIAL;TORRE;;;COLISÃO;0;1;0;0;0;0;0;0;0;1;0;;;;;;;;;;;;;
2023-09-09;sábado ;08:58:00;COM VÍTIMA;AFOGADOS;AVENIDA;AVENIDA SUL;;;APOS A CAIXA ECÕNOMICA;AFOGADOS;;;COLISÃO;0;1;0;0;0;1;0;0;0;1;0;;;;;;;;;;;;;
2023-09-09;sábado ;09:20:00;COM VÍTIMA;ALTO JOSE BONIFACIO;RUA;RUA ALTO JOSE BONIFACIO;;;APOS A QUADRA DE SPORTE DESCENDO PARA RODINHA;ALTO JOSE BONIFACIO;;;COLISÃO LATERAL;0;1;0;0;0;1;0;0;0;2;0;;;;;;;;;;;;;
2023-09-09;sábado ;11:38:00;SEM VÍTIMA;BOA VIAGEM;AVENIDA;AVENIDA BOA VIAGEM;;;EM FRENTE AO ATLANTE PLAZA;BOA VIAGEM;;;COLISÃO TRASEIRA;4;0;0;0;0;0;0;0;0;0;0;;;;;;;;;;;;;
2023-09-09;sábado ;01:54:00;COM VÍTIMA;MADALENA;RUA;RUA REAL DA TORRE;;;PROXIMO AO ARMAZEM DIAS E PROXIMO AO ACQUAZERO MADALENA;MADALENA;;;COLISÃO LATERAL;0;1;0;0;0;0;0;0;0;1;0;;;;;;;;;;;;;
2023-09-09;sábado ;02:30:00;COM VÍTIMA;SAO JOSE;RUA;RUA DAS CALCADAS;;;PROXIMO A IGREJA DA PENHA;SAO JOSE;;;COLISÃO LATERAL;0;1;0;0;0;0;0;0;0;1;0;;;;;;;;;;;;;
2023-09-09;sábado ;08:18:00;COM VÍTIMA;MADALENA;RUA;RUA JOSE OSORIO;;;ENTRE O MERCADO DA MADALENA E A AV. CAXANGÁ;MADALENA;;;COLISÃO;0;1;0;0;0;0;0;0;0;1;0;;;;;;;;;;;;;
2023-09-09;sábado ;08:48:00;COM VÍTIMA;AREIAS;RUA;RUA BARROS SOBRINHO;;;POR TRÁS DO MERCADO PUBLICO DE AREAIS;AREIAS;;;COLISÃO;0;0;0;0;0;0;0;0;0;1;0;;;;;;;;;;;;;
2023-09-10;domingo ;08:19:00;COM VÍTIMA;NOVA DESCOBERTA;AVENIDA;AVENIDA VEREADOR OTACILIO AZEVEDO;;;EM FRENTE AO CLUBE DA FAZENDA;NOVA DESCOBERTA;;;COLISÃO LATERAL;0;1;0;0;0;0;0;0;0;1;0;;;;;;;;;;;;;
2023-09-10;domingo ;08:38:00;COM VÍTIMA;IMBIRIBEIRA;AVENIDA;AVENIDA MARECHAL MASCARENHAS DE MORAES;;;EM FRENTE AO GERALDÃO, SENT. AEROPORTO;IMBIRIBEIRA;;;COLISÃO LATERAL;1;1;0;0;0;0;0;0;0;1;0;;;;;;;;;;;;;
2023-09-10;domingo ;11:39:00;COM VÍTIMA;SAO JOSE;AVENIDA;AVENIDA SUL;;;APOS AS TORRES GEMEAS, SENT. PONTE GIRATORIA;SAO JOSE;;;ATROPELAMENTO DE PESSOA;1;0;0;0;1;0;0;0;0;1;0;;;;;;;;;;;;;
2023-09-10;domingo ;02:33:00;COM VÍTIMA;CAMPO GRANDE;RUA;RUA JERONIMO VILELA;;;PROX AO FISIO PRINT / HELENA VARIEDADE;CAMPO GRANDE;;;COLISÃO;0;1;0;0;0;0;0;0;0;1;0;;;;;;;;;;;;;
2023-09-10;domingo ;05:40:00;COM VÍTIMA;IMBIRIBEIRA;RUA;RUA OLIVIA MENELAU;;;PROX POSTO DE GASOLINA IPIRANGA / LOJA NILO FLORES;IMBIRIBEIRA;;;COLISÃO TRANSVERSAL;1;1;0;0;0;0;0;0;0;1;0;;;;;;;;;;;;;
2023-09-10;domingo ;07:42:00;COM VÍTIMA;MONTEIRO;AVENIDA;AVENIDA DEZESSETE DE AGOSTO;;;COLEGIO SILVA JARDIM;MONTEIRO;;;COLISÃO LATERAL;0;2;0;0;0;0;0;0;0;1;0;;;;;;;;;;;;;
2023-09-10;domingo ;07:47:00;COM VÍTIMA;APIPUCOS;RUA;RUA DE APIPUCOS;;;;APIPUCOS;;;COLISÃO;0;1;0;0;0;0;0;0;0;1;0;;;;;;;;;;;;;
2023-09-10;domingo ;09:33:00;COM VÍTIMA;GRACAS;RUA;RUA ALBERTO PAIVA;;;PRÓXIMO A PIZZARIA  HUT;GRACAS;;;COLISÃO;0;1;0;0;0;0;0;0;0;1;0;;;;;;;;;;;;;
2023-09-10;domingo ;11:38:00;VÍTIMA FATAL;DOIS IRMAOS;RUA;RUA MANUEL DE MEDEIROS;TRV;TRV DOUTOR SABINO PINHO;PRÓXIMO AO UNIVERSIDADE RURAL E AO LADO DO EDUCANDÁRIO TIA  ANISSE;DOIS IRMAOS;;;COLISÃO;0;1;0;0;0;0;0;0;0;0;1;;;;;;;;;;;;;
2023-09-11;segunda-feira ;07:21:00;COM VÍTIMA;ESPINHEIRO;RUA;RUA QUARENTA E OITO;;;EM FRENTE AO RESTAURANTE SABOR RANCHO;ESPINHEIRO;;;COLISÃO LATERAL;1;1;0;0;0;0;0;0;0;2;0;;;;;;;;;;;;;
2023-09-11;segunda-feira ;08:03:00;COM VÍTIMA;CAXANGA;AVENIDA;AVENIDA CAXANGA;;;EM CIMA DO VIADUTO;CAXANGA;;;QUEDA;0;1;0;0;0;0;0;0;0;1;0;;;;;;;;;;;;;
2023-09-11;segunda-feira ;08:05:00;COM VÍTIMA;IMBIRIBEIRA;AVENIDA;AVENIDA MARECHAL MASCARENHAS DE MORAES;;;EM FRENTE A LOJA RENAULT;IMBIRIBEIRA;;;COLISÃO LATERAL;0;1;0;0;0;0;0;0;0;1;0;;;;;;;;;;;;;
2023-09-11;segunda-feira ;08:08:00;COM VÍTIMA;CAMPO GRANDE;RUA;RUA ODORICO MENDES;EST;EST DE BELEM;;CAMPO GRANDE;;;COLISÃO TRASEIRA;0;0;0;0;0;0;0;0;0;1;0;;;;;;;;;;;;;
2023-09-11;segunda-feira ;08:57:00;COM VÍTIMA;CAXANGA;AVENIDA;AVENIDA CAXANGA;;;UPA DA CAXANGA;CAXANGA;;;COLISÃO TRASEIRA;0;1;0;0;0;0;0;0;0;1;0;;;;;;;;;;;;;
2023-09-11;segunda-feira ;08:58:00;COM VÍTIMA;AGUA FRIA;AVENIDA;AVENIDA BEBERIBE;;;E/F AO MERCADO PUBLICO DA ENCRUZILHADA;AGUA FRIA;;;COLISÃO LATERAL;0;1;0;0;0;0;0;0;0;1;0;;;;;;;;;;;;;
2023-09-11;segunda-feira ;09:54:00;COM VÍTIMA;IPSEP;AVENIDA;AVENIDA RECIFE;;;EM FRENTE AO POSTO FEDERAL;IPSEP;;;COLISÃO;0;1;0;0;0;0;0;0;0;1;0;;;;;;;;;;;;;
2023-09-11;segunda-feira ;10:45:00;COM VÍTIMA;PINA;PTE;PTE GOVERNADOR PAULO GUERRA;;;ENTRADA DA VIA MANGUE /SOBRE A PONTE QUE DA DA ACESSO AO  PROX AO SHOPPING RIOMAR;PINA;;;COLISÃO COM CICLISTA;0;1;0;1;0;0;0;0;0;2;0;;;;;;;;;;;;;
2023-09-11;segunda-feira ;10:57:00;COM VÍTIMA;AREIAS;AVENIDA;AVENIDA RECIFE;;;EM FRENTE A EMLURB;AREIAS;;;COLISÃO;0;1;0;0;0;0;0;0;0;1;0;;;;;;;;;;;;;
2023-09-11;segunda-feira ;11:59:00;COM VÍTIMA;PINA;PRC;PRC GOVERNADOR PAULO GUERRA;;;AO LONGO DA PONTE;PINA;;;COLISÃO LATERAL;1;0;1;0;0;0;0;0;0;1;0;;;;;;;;;;;;;
2023-09-11;segunda-feira ;12:54:00;COM VÍTIMA;ESPINHEIRO;AVENIDA;AVENIDA RUI BARBOSA;;;ENTRE O MUSEU DO ESTADO / E A PEDRAGON CONCESSIONARIA;ESPINHEIRO;;;COLISÃO;0;1;0;0;0;1;0;0;0;1;0;;;;;;;;;;;;;
2023-09-11;segunda-feira ;12:56:00;COM VÍTIMA;PINA;PRC;PRC GOVERNADOR PAULO GUERRA;;;AO LONGO DA PONTE;PINA;;;COLISÃO LATERAL;1;1;0;0;0;0;0;0;0;1;0;;;;;;;;;;;;;
2023-09-11;segunda-feira ;01:04:00;COM VÍTIMA;SANTO AMARO;RUA;RUA ARTUR COUTINHO;;;PROX A FACULDADE DE ODONTOLOGIA;SANTO AMARO;;;COLISÃO LATERAL;0;0;0;0;0;0;0;0;0;1;0;;;;;;;;;;;;;
2023-09-11;segunda-feira ;03:05:00;COM VÍTIMA;CAXANGA;AVENIDA;AVENIDA CAXANGA;;;PROX AO HOSPITAL GETULIO VARGAS;CAXANGA;;;COLISÃO LATERAL;1;1;0;0;0;0;0;0;0;1;0;;;;;;;;;;;;;
2023-09-11;segunda-feira ;05:14:00;COM VÍTIMA;PARNAMIRIM;EST;EST DO ENCANAMENTO;RUA;RUA DA HARMONIA;;PARNAMIRIM;;;COLISÃO TRANSVERSAL;0;0;0;0;0;0;0;0;0;1;0;;;;;;;;;;;;;
2023-09-11;segunda-feira ;05:34:00;COM VÍTIMA;DERBY;AVENIDA;AVENIDA GOVERNADOR AGAMENON MAGALHAES;;;APÓS A PRAÇA DO DERBY;DERBY;;BOA VIAGEM;COLISÃO TRASEIRA;1;1;0;0;0;0;0;0;0;1;0;;;;;;;;;;;;;
2023-09-11;segunda-feira ;06:13:00;COM VÍTIMA;TORROES;AVENIDA;AVENIDA ENGENHEIRO ABDIAS DE CARVALHO;;;PROX AO POSTO BR E AO RESTAURANTE YOQUE;TORROES;;;COLISÃO;0;1;0;0;0;0;0;0;0;1;0;;;;;;;;;;;;;
2023-09-11;segunda-feira ;06:14:00;VÍTIMA FATAL;SANTO AMARO;AVENIDA;AVENIDA CRUZ CABUGA;;;PRÓXIMO AO HOSPITAL DA MARINHA;SANTO AMARO;;;COLISÃO LATERAL;0;0;0;0;1;0;0;0;0;1;1;;;;;;;;;;;;;
2023-09-11;segunda-feira ;06:17:00;COM VÍTIMA;ENGENHO DO MEIO;RUA;RUA WASHINGTON DUARTE ESPINDOLA;;;PROX AO FERRO VELHO DA RODA DE FOGO E SENTIDO UNIVERSIDADE FEDERAL;ENGENHO DO MEIO;;;COLISÃO;0;1;0;0;0;0;0;0;0;1;0;;;;;;;;;;;;;
2023-09-11;segunda-feira ;06:23:00;COM VÍTIMA;MADALENA;PRC;PRC DO INTERNACIONAL;;;EM FRENTE AO CLUBE DO INTERNACIONAL;MADALENA;;;COLISÃO;0;1;0;0;0;0;0;0;0;1;0;;;;;;;;;;;;;
2023-09-11;segunda-feira ;06:35:00;COM VÍTIMA;DOIS IRMAOS;RUA;RUA RIBEIRO PESSOA;;;EM FRENTE AO MOTEL PARAISO DEPOIS DA UPA DA CAXANGA;DOIS IRMAOS;;;COLISÃO;0;1;0;0;0;0;0;0;0;1;0;;;;;;;;;;;;;
2023-09-11;segunda-feira ;11:15:00;COM VÍTIMA;CASA FORTE;AVENIDA;AVENIDA DEZESSETE DE AGOSTO;;;ENTRE O CENTRO MÉDICO SEN ERMIRIO DE MORAES E A ESCOLA ESTADUAL SILVA JARDIM - PRÓXIMO AO POSTO SHELL;CASA FORTE;;;QUEDA;0;1;0;0;0;0;0;0;0;1;0;;;;;;;;;;;;;
2023-09-12;terça-feira ;08:39:00;COM VÍTIMA;JAQUEIRA;AVENIDA;AVENIDA RUI BARBOSA;;;EM FRENTE AO  HOPSITAL MARIA LUCIDA / PROX AO AMAIS DIAGNOSTICO;JAQUEIRA;;;COLISÃO FRONTAL;1;1;0;0;0;0;0;0;0;1;0;;;;;;;;;;;;;
2023-09-12;terça-feira ;08:51:00;SEM VÍTIMA;ILHA DO LEITE;AVENIDA;AVENIDA GOVERNADOR AGAMENON MAGALHAES;;;EM FRENTE AO EMPRESARIAL THOMAS EDSON;ILHA DO LEITE;672;;;1;0;0;0;0;0;1;0;0;0;0;;;;;;;;;;;;;
2023-09-12;terça-feira ;10:15:00;COM VÍTIMA;SANTO AMARO;AVENIDA;AVENIDA DR JAYME DA FONTE;;;PROX A COMPESA;SANTO AMARO;;SUBURBIO;COLISÃO COM CICLISTA;1;0;0;1;0;0;0;0;0;1;0;;;;;;;;;;;;;
2023-09-12;terça-feira ;11:11:00;COM VÍTIMA;CABANGA;PTE;PTE JOSE DE BARROS LIMA;;;PROXIMO AO FORUN DE JOANA BEZERRA;CABANGA;;;COLISÃO TRASEIRA;1;0;1;0;0;0;0;0;0;1;0;;;;;;;;;;;;;
2023-09-12;terça-feira ;11:26:00;COM VÍTIMA;CORDEIRO;AVENIDA;AVENIDA GENERAL SAN MARTIN;;;DE ESQUINA COM O ATACREJO IDEAL;CORDEIRO;;;COLISÃO LATERAL;0;1;0;0;0;0;0;0;0;1;0;;;;;;;;;;;;;
2023-09-12;terça-feira ;11:54:00;COM VÍTIMA;CORDEIRO;AVENIDA;AVENIDA CAXANGA;RUA;RUA ANTERO MOTA;PROX A EXPOSIÇÃO DE ANIMAIS / PROX A PADARIA REPUBLICA DO PÃO - SEMÁFORO 235;CORDEIRO;235;;COLISÃO;0;1;0;0;0;0;0;0;0;1;0;;;;;;;;;;;;;
2023-09-12;terça-feira ;11:54:00;COM VÍTIMA;TAMARINEIRA;AVENIDA;AVENIDA NORTE MIGUEL ARRAES DE ALENCAR;;;PROX A PIZZARIA IMPERIO / E  POSTO DE GASOLINA PETROBRAS;TAMARINEIRA;;;COLISÃO;0;1;0;0;0;0;0;0;0;1;0;;;;;;;;;;;;;
2023-09-12;terça-feira ;11:54:00;SEM VÍTIMA;SAO JOSE;RUA;RUA IMPERIAL;;;EM FRENTE AO NUMERO 132;SAO JOSE;;SUBURBIO;COLISÃO TRASEIRA;2;0;0;0;0;0;0;0;0;0;0;;;;;;;;;;;;;
2023-09-12;terça-feira ;11:54:00;COM VÍTIMA;IMBIRIBEIRA;AVENIDA;AVENIDA MARECHAL MASCARENHAS DE MORAES;;;PROX A ESTAÇÃO DE METRO DA IMBIRIBEIRA;IMBIRIBEIRA;;;COLISÃO TRASEIRA;1;1;0;0;0;0;0;0;0;1;0;;;;;;;;;;;;;
2023-09-12;terça-feira ;12:24:00;COM VÍTIMA;SANTO AMARO;RUA;RUA MAJOR CODECEIRA;;;PROX AO ATELIER ODONTOLIGICO DRA VERONICA QUEIROZ / PROX A CLINICA GRIN SELD;SANTO AMARO;;;COLISÃO;0;1;0;0;0;0;0;0;0;1;0;;;;;;;;;;;;;
2023-09-12;terça-feira ;12:44:00;SEM VÍTIMA;SANTO AMARO;AVENIDA;AVENIDA NORTE MIGUEL ARRAES DE ALENCAR;RUA;RUA VINTE E QUATRO DE AGOSTO;RADIO UNIVERSITÁRIA;SANTO AMARO;463;CIDADE;;2;0;0;0;0;0;0;0;0;0;0;;;;;;;;;;;;;
2023-09-12;terça-feira ;01:16:00;COM VÍTIMA;BOA VISTA;RUA;RUA CLUBE NAUTICO CAPIBARIBE;;;AO LADO DO CINEMA SÃO LUIZ;BOA VISTA;;;COLISÃO LATERAL;0;1;0;0;0;0;0;0;0;1;0;;;;;;;;;;;;;
2023-09-12;terça-feira ;01:45:00;COM VÍTIMA;CAXANGA;AVENIDA;AVENIDA CAXANGA;;;PROX A FIAT ITALIANA E AO GOLF CLUBE;CAXANGA;;;COLISÃO;1;1;0;0;0;0;0;0;0;1;0;;;;;;;;;;;;;
2023-09-12;terça-feira ;02:47:00;COM VÍTIMA;ESPINHEIRO;RUA;RUA CONS PORTELA;;;EM FRENTE A PROCURADORIA REGIONAL DO TRABALHO E PROXIMO A FARMACIA PAGUE MENOS;ESPINHEIRO;;;COLISÃO LATERAL;0;1;0;0;0;0;0;0;0;1;0;;;;;;;;;;;;;
2023-09-12;terça-feira ;03:06:00;COM VÍTIMA;BOA VISTA;AVENIDA;AVENIDA OLIVEIRA LIMA;;;PROXIMO A URB E A IGREJA NOSSA SENHORA DE FATIMA;BOA VISTA;;;COLISÃO LATERAL;0;1;0;0;0;0;0;0;0;1;0;;;;;;;;;;;;;
2023-09-12;terça-feira ;11:00:00;COM VÍTIMA;ENCRUZILHADA;RUA;RUA CARNEIRO VILELA;;;PRÓXIMO A GALERIA CONSELHEIRO PORTELA;ENCRUZILHADA;;;COLISÃO;0;1;0;0;0;0;0;0;0;1;0;;;;;;;;;;;;;
2023-09-13;quarta-feira ;07:13:00;COM VÍTIMA;BOA VIAGEM;RUA;RUA GENERAL AMERICANO FREIRE;;;EM FRENTE A FARMACIA PAGUE MENOS;BOA VIAGEM;;;COLISÃO TRANSVERSAL;0;1;0;0;0;0;0;0;0;1;0;;;;;;;;;;;;;
2023-09-13;quarta-feira ;07:39:00;SEM VÍTIMA;PINA;TUNEL;TUNEL JOSUE DE CASTRO;;;;PINA;;;COLISÃO;0;0;0;0;0;0;0;0;0;0;0;;;;;;;;;;;;;
2023-09-13;quarta-feira ;07:54:00;COM VÍTIMA;IBURA;RUA;RUA JOAO CORDEIRO DE SOUZA;;;EM FRENTE A IGREJA BATISTA MISSIONÁRIA;IBURA;;;COLISÃO FRONTAL;1;1;0;0;0;0;0;0;0;1;0;;;;;;;;;;;;;
2023-09-13;quarta-feira ;08:24:00;COM VÍTIMA;IMBIRIBEIRA;AVENIDA;AVENIDA MARECHAL MASCARENHAS DE MORAES;;;PROX AO ARMAZEM CORAL E PROX A PRO ART;IMBIRIBEIRA;286;;COLISÃO;0;1;0;0;0;0;0;0;0;1;0;;;;;;;;;;;;;
2023-09-13;quarta-feira ;09:27:00;COM VÍTIMA;CAXANGA;RUA;RUA CLAUDIO BROTHERHOOD;;;;CAXANGA;235;;COLISÃO LATERAL;1;1;0;0;0;0;0;0;0;1;0;;;;;;;;;;;;;
2023-09-13;quarta-feira ;10:39:00;COM VÍTIMA;COELHOS;RUA;RUA DOS COELHOS;PTE;PTE JOAQUIM CARDOSO;APOS O IMIP / SOBRE O VIADUTO JOAQUIM CARDOSO;COELHOS;;;COLISÃO TRASEIRA;0;1;0;0;0;0;0;0;0;1;0;;;;;;;;;;;;;
2023-09-13;quarta-feira ;10:48:00;COM VÍTIMA;PINA;PTE;PTE AGAMENON MAGALHAES;;;SOBRE A PONTE;PINA;;;QUEDA;0;1;0;0;0;0;0;0;0;1;0;;;;;;;;;;;;;
2023-09-13;quarta-feira ;10:54:00;COM VÍTIMA;CASA FORTE;AVENIDA;AVENIDA DEZESSETE DE AGOSTO;;;PRAÇA DE CASA FORTE;CASA FORTE;;;COLISÃO LATERAL;0;2;0;0;0;0;0;0;0;1;0;;;;;;;;;;;;;
2023-09-13;quarta-feira ;11:13:00;COM VÍTIMA;ALTO DO MANDU;AVENIDA;AVENIDA DR EURICO CHAVES;;;PROX A FARMACIA MANDACARU;ALTO DO MANDU;;;COLISÃO;0;1;0;0;0;0;0;0;0;1;0;;;;;;;;;;;;;
2023-09-13;quarta-feira ;12:57:00;COM VÍTIMA;SANTO AMARO;AVENIDA;AVENIDA NORTE MIGUEL ARRAES DE ALENCAR;RUA;RUA DA AURORA;;SANTO AMARO;;;COLISÃO TRANSVERSAL;2;0;0;0;0;0;0;0;0;2;0;;;;;;;;;;;;;
2023-09-13;quarta-feira ;02:05:00;COM VÍTIMA;IPSEP;AVENIDA;AVENIDA RECIFE;AVENIDA;AVENIDA DOM HELDER CAMARA;ARMAZÉM CORAL;IPSEP;;;ATROPELAMENTO DE PESSOA;0;1;0;0;1;0;0;0;0;1;0;;;;;;;;;;;;;
2023-09-13;quarta-feira ;04:16:00;SEM VÍTIMA;MADALENA;RUA;RUA BENFICA;AVENIDA;AVENIDA VISCONDE DE ALBUQUERQUE;;;;CIDADE;COLISÃO TRANSVERSAL;1;1;0;0;0;0;0;0;0;0;0;;;;;;;;;;;;;
2023-09-13;quarta-feira ;05:52:00;COM VÍTIMA;SANTO AMARO;AVENIDA;AVENIDA CRUZ CABUGA;;;EM FRENTE AO MERCADO DE SANTO AMARO;SANTO AMARO;455;;CHOQUE;1;0;0;0;0;0;0;0;0;1;0;;;;;;;;;;;;;
2023-09-13;quarta-feira ;07:13:00;COM VÍTIMA;JORDAO;RUA;RUA ESTRELA D'OESTE;;;PROXIMO A PANIFICADORA JANAINA;JORDAO;;;COLISÃO TRANSVERSAL;2;0;0;0;0;0;0;0;0;1;0;;;;;;;;;;;;;
2023-09-14;quinta-feira ;12:20:00;COM VÍTIMA;BREJO DA GUABIRABA;AVENIDA;AVENIDA VEREADOR OTACILIO AZEVEDO;;;PRÓXIMO AO CAMPO DO FLUMINENSE;BREJO DA GUABIRABA;;;COLISÃO;0;1;0;0;0;0;0;0;0;1;0;;;;;;;;;;;;;
2023-09-14;quinta-feira ;06:48:00;COM VÍTIMA;PRADO;AVENIDA;AVENIDA ENGENHEIRO ABDIAS DE CARVALHO;;;EM FRENTE AO LABORATORIO CERPE;PRADO;;;COLISÃO COM CICLISTA;0;0;0;1;0;0;1;0;0;1;0;;;;;;;;;;;;;
2023-09-14;quinta-feira ;07:09:00;COM VÍTIMA;AGUA FRIA;AVENIDA;AVENIDA BEBERIBE;;;APOS A LOMBADA ELETRONICA, APOS A PADARIA SUBLIME PAO;AGUA FRIA;;;COLISÃO LATERAL;0;1;0;0;0;0;0;0;0;1;0;;;;;;;;;;;;;
2023-09-14;quinta-feira ;07:13:00;COM VÍTIMA;DERBY;RUA;RUA HENRIQUE DIAS;;;PROX AO RESTAURANTE COCO BAMBU / PROX AO COLEGIO DA PM;DERBY;;;COLISÃO;0;1;0;0;0;0;0;0;0;1;0;;;;;;;;;;;;;
2023-09-14;quinta-feira ;08:03:00;COM VÍTIMA;BOMBA DO HEMETERIO;RUA;RUA BOMBA DO HEMETERIO;;;PROX AO CLUBE ABANO / E PROX AO CANAL;BOMBA DO HEMETERIO;;;COLISÃO;0;1;0;0;0;0;0;0;0;1;0;;;;;;;;;;;;;
2023-09-14;quinta-feira ;09:25:00;COM VÍTIMA;BOA VIAGEM;RUA;RUA FELIX DE BRITO E MELO;;;PROX. AO BANCO BRADESCO;BOA VIAGEM;;;COLISÃO LATERAL;0;1;0;0;0;0;0;0;0;1;0;;;;;;;;;;;;;
2023-09-14;quinta-feira ;09:33:00;COM VÍTIMA;BRASILIA TEIMOSA;AVENIDA;AVENIDA BRASILIA FORMOSA;RUA;RUA PORAQUE;PROX AO BAR DO PÉ DE PORCO DO LULA;BRASILIA TEIMOSA;;;COLISÃO LATERAL;1;1;0;0;0;0;0;0;0;1;0;;;;;;;;;;;;;
2023-09-14;quinta-feira ;11:54:00;COM VÍTIMA;IMBIRIBEIRA;AVENIDA;AVENIDA MARECHAL MASCARENHAS DE MORAES;;;EM FRENTE A FLOR ART, SENT. AEROPORTO;IMBIRIBEIRA;;;COLISÃO TRASEIRA;1;1;0;0;0;0;0;0;0;1;0;;;;;;;;;;;;;
2023-09-14;quinta-feira ;12:30:00;COM VÍTIMA;AREIAS;AVENIDA;AVENIDA DR JOSE RUFINO;;;EM FRENTE A LOJAS AMERICANAS;AREIAS;;;COLISÃO;0;1;0;0;0;0;0;0;0;1;0;;;;;;;;;;;;;
2023-09-14;quinta-feira ;12:58:00;COM VÍTIMA;IPUTINGA;AVENIDA;AVENIDA MAURICIO DE NASSAU;;;PROX AO SUPERMERCADO RENDE MAIS  E A LOMBADA ELETRONICA;IPUTINGA;;;COLISÃO LATERAL;0;1;0;0;0;0;0;0;0;1;0;;;;;;;;;;;;;
2023-09-14;quinta-feira ;04:08:00;COM VÍTIMA;TORRE;RUA;RUA CONDE DE IRAJA;;;E/F A PRAÇA CAMPELO BARRETO;TORRE;;;COLISÃO FRONTAL;1;1;0;0;0;0;0;0;0;1;0;;;;;;;;;;;;;
2023-09-14;quinta-feira ;06:15:00;SEM VÍTIMA;AREIAS;AVENIDA;AVENIDA RECIFE;;;PROX A ENTRADA DA VILA TAMANDARÉ  E LADO OPOSTO A LOJA ALEXANDRE GALVÃO SENTIDO BOA VIAGEM CIDADE UNIVERSITARIA;AREIAS;;;COLISÃO TRASEIRA;2;0;0;0;0;0;0;0;0;0;0;;;;;;;;;;;;;
2023-09-14;quinta-feira ;07:15:00;COM VÍTIMA;IPSEP;RUA;RUA JEAN EMILE FAVRE;;;EM FRENTE AO SUPERMERCADO IGUAÇU;IPSEP;;;COLISÃO LATERAL;1;1;0;0;0;0;0;0;0;2;0;;;;;;;;;;;;;
2023-09-14;quinta-feira ;09:27:00;COM VÍTIMA;CORDEIRO;RUA;RUA DR MIGUEL VIEIRA FERREIRA;RUA;RUA CLAUDIO BROTHERHOOD;;CORDEIRO;;;COLISÃO FRONTAL;1;1;0;0;0;0;0;0;0;1;0;;;;;;;;;;;;;
2023-09-15;sexta-feira ;07:34:00;COM VÍTIMA;SAN MARTIN;AVENIDA;AVENIDA GENERAL SAN MARTIN;;;PROX A ACADEMIA SMART GYNFIT;SAN MARTIN;;;COLISÃO LATERAL;1;1;0;0;0;0;0;0;0;1;0;;;;;;;;;;;;;
2023-09-15;sexta-feira ;09:13:00;SEM VÍTIMA;BOA VIAGEM;AVENIDA;AVENIDA ENGENHEIRO DOMINGOS FERREIRA;;;OPOSTO AO Nº 2391;BOA VIAGEM;;SUBURBIO;COLISÃO TRANSVERSAL;0;0;0;0;0;1;0;1;0;0;0;;;;;;;;;;;;;
2023-09-15;sexta-feira ;10:05:00;COM VÍTIMA;ILHA DO LEITE;AVENIDA;AVENIDA FREI MATIAS TEVES;;;EM FRENTE AO EDIFICIO GRAMBEL / LADO CONTRARIO AO HOSPITAL PORTUGUÊS;ILHA DO LEITE;;;COLISÃO;0;1;0;0;0;0;0;0;0;1;0;;;;;;;;;;;;;