data;dia_semana;hora;natureza;bairro;logradouro_endereco;endereco;logradouro_detalhe_endereço;detalhe_endereco_acidente;complemento;bairro_cruzamento;num_semaforo;sentido_via;tipo;auto;moto;ciclom;ciclista;pedestre;onibus;caminhao;viatura;outros;vitimas;vitimasfatais;acidente_verificado;tempo_clima;situacao_semaforo;sinalizacao;condicao_via;conservacao_via;ponto_controle;situacao_placa;velocidade_max_via;mao_direcao;divisao_via1;divisao_via2;divisao_via3
2023-09-15;sexta-feira ;02:37:00;COM VÍTIMA;AFOGADOS;RUA;RUA DA PAZ;PRC;PRC DA PAZ;EM FRENTE AO BANCO ITAÚ   E A PLICLINICA DO LARGO DA PAZ E A ESTAÇAO DOP METRO;AFOGADOS;;;COLISÃO LATERAL;1;1;0;0;0;0;0;0;0;2;0;;;;;;;;;;;;;
2023-09-15;sexta-feira ;05:30:00;COM VÍTIMA;SAO JOSE;AVENIDA;AVENIDA SUL;;;PROX AO QUARTEL DO CABANGA;SAO JOSE;;;COLISÃO LATERAL;0;0;0;0;0;0;0;0;0;1;0;;;;;;;;;;;;;
2023-09-15;sexta-feira ;05:41:00;COM VÍTIMA;IBURA;AVENIDA;AVENIDA DOIS RIOS;;;IBURA DE BAIXO PROX AOP SESI  E/F AO POSTO SHELL;IBURA;;;COLISÃO LATERAL;0;2;0;0;0;0;0;0;0;1;0;;;;;;;;;;;;;
2023-09-15;sexta-feira ;06:02:00;COM VÍTIMA;GRACAS;AVENIDA;AVENIDA CONS ROSA E SILVA;;;EM FRENTE AO  HOSPITAL DO SERVIDOR;GRACAS;;;COLISÃO COM CICLISTA;1;0;0;1;0;0;0;0;0;1;0;;;;;;;;;;;;;
2023-09-15;sexta-feira ;07:01:00;COM VÍTIMA;NOVA DESCOBERTA;RUA;RUA SANTA TEREZA;;;PROXIMO AO TERMINAL DE NOVA DESCOBERTA;NOVA DESCOBERTA;;;COLISÃO FRONTAL;0;1;0;0;0;0;0;0;0;1;0;;;;;;;;;;;;;
2023-09-15;sexta-feira ;07:38:00;COM VÍTIMA;SANTO AMARO;AVENIDA;AVENIDA DR JAYME DA FONTE;;;EM FRENTE A COMPESA;SANTO AMARO;;;COLISÃO LATERAL;0;1;0;0;0;0;0;0;0;1;0;;;;;;;;;;;;;
2023-09-15;sexta-feira ;10:33:00;COM VÍTIMA;CAXANGA;AVENIDA;AVENIDA CAXANGA;;;PROXIMO A FACULDADE SANTA HELENA;CAXANGA;;;COLISÃO FRONTAL;0;1;0;0;0;0;0;0;0;1;0;;;;;;;;;;;;;
2023-09-15;sexta-feira ;10:35:00;COM VÍTIMA;SANCHO;RUA;RUA MARIA DE LOURDES DA SILVA;;;EM FRENTE A ANTONIO DO LEITE/ APOS O HOSPITAL OTAVIO DE FREITAS;SANCHO;;;COLISÃO FRONTAL;0;1;0;0;0;0;0;0;0;1;0;;;;;;;;;;;;;
2023-09-16;sábado ;01:29:00;COM VÍTIMA;PASSARINHO;RUA;RUA CHORAO;;;PRÓXIMO AO BIU DO GÁS E ARMAZÉM DO IRMÃO;PASSARINHO;;;COLISÃO;0;1;0;0;0;0;0;0;0;1;0;;;;;;;;;;;;;
2023-09-16;sábado ;07:23:00;COM VÍTIMA;PASSARINHO;RUA;RUA CORREGO DA BICA;;;EM FRENTE AO JACARE BURGUER E PROX. AO TERMINAL DE ONIBUS DE NOVA DESCOBERTA;PASSARINHO;;;COLISÃO LATERAL;0;1;0;0;0;0;0;0;0;1;0;;;;;;;;;;;;;
2023-09-16;sábado ;08:33:00;COM VÍTIMA;AFOGADOS;RUA;RUA COSME VIANA;EST;EST DOS REMEDIOS;EM FRENTE A TUPAN / E EM FRENTE A PRAÇA AO LADO  DA IGREJA DA NOSSA SENHORA DOS REMEDIOS;AFOGADOS;;;COLISÃO;0;1;0;0;0;0;0;0;0;1;0;;;;;;;;;;;;;
2023-09-16;sábado ;12:25:00;COM VÍTIMA;IMBIRIBEIRA;AVENIDA;AVENIDA MARECHAL MASCARENHAS DE MORAES;;;EM FRENTE AO HOTEL AEROPORTO / PROX AO VIADUTO TRANCREDO NEVES;IMBIRIBEIRA;;SUBURBIO;COLISÃO;0;1;0;0;0;0;0;0;0;1;0;;;;;;;;;;;;;
2023-09-16;sábado ;12:28:00;COM VÍTIMA;IPSEP;RUA;RUA JEAN EMILE FAVRE;;;EM FRENTE A DELEGACIA DO IPSEP;IPSEP;;;COLISÃO FRONTAL;1;1;0;0;0;0;0;0;0;1;0;;;;;;;;;;;;;
2023-09-16;sábado ;12:53:00;COM VÍTIMA;APIPUCOS;RUA;RUA DE APIPUCOS;RUA;RUA DOM MALAN;;APIPUCOS;;;COLISÃO TRANSVERSAL;0;0;0;0;0;0;0;0;0;1;0;;;;;;;;;;;;;
2023-09-16;sábado ;02:38:00;COM VÍTIMA;ESPINHEIRO;RUA;RUA QUARENTA E OITO;AVENIDA;AVENIDA GOVERNADOR AGAMENON MAGALHAES;EM BAIXO DO  VIADUTO JOÃO DE BARROS;ESPINHEIRO;406;;COLISÃO TRASEIRA;1;1;0;0;0;0;0;0;0;1;0;;;;;;;;;;;;;
2023-09-16;sábado ;03:03:00;COM VÍTIMA;CORDEIRO;AVENIDA;AVENIDA CAXANGA;;;E/F A EXPOSIÇAO DE ANIMAIS  S/T SUB;CORDEIRO;;;COLISÃO TRASEIRA;0;2;0;0;0;0;0;0;0;1;0;;;;;;;;;;;;;
2023-09-16;sábado ;05:30:00;COM VÍTIMA;SANCHO;RUA;RUA PAULINO DE FARIAS;;;PROX AO HOSPITAL OTAVIO DE FREITAS;SANCHO;;;COLISÃO LATERAL;0;0;0;0;0;0;0;0;0;1;0;;;;;;;;;;;;;
2023-09-16;sábado ;06:21:00;COM VÍTIMA;CAXANGA;AVENIDA;AVENIDA CAXANGA;;;EM FRENTE DA ESTAÇÃO DO BRT DEPOIS DA PONTE DA CAXANGÁ;CAXANGA;;CIDADE;COLISÃO TRASEIRA;1;1;0;0;0;0;0;0;0;1;0;;;;;;;;;;;;;
2023-09-16;sábado ;06:58:00;COM VÍTIMA;JAQUEIRA;AVENIDA;AVENIDA SANTOS DUMONT;;;;JAQUEIRA;;;COLISÃO;1;1;0;0;0;0;0;0;0;1;0;;;;;;;;;;;;;
2023-09-16;sábado ;09:03:00;COM VÍTIMA;PRADO;RUA;RUA GOMES TABORDA;;;EM FRENTE AO BAILE PERFUMADO E MADEIREIRA SÃO JUDAS TADEU;PRADO;;;QUEDA;1;1;0;0;0;0;0;0;0;1;0;;;;;;;;;;;;;
2023-09-16;sábado ;09:52:00;COM VÍTIMA;IPSEP;AVENIDA;AVENIDA RECIFE;;;PRÓXIMO AO ARMAZÉM CORAL, SAÍDA DO IBURA;IPSEP;;;COLISÃO;0;0;0;0;0;0;0;0;0;1;0;;;;;;;;;;;;;
2023-09-16;sábado ;11:20:00;COM VÍTIMA;BOMBA DO HEMETERIO;COR;COR DO BARTOLOMEU;;;EM FRENTE A SORVETERIA SORVETÃO;BOMBA DO HEMETERIO;;;COLISÃO LATERAL;2;1;0;0;0;0;0;0;0;2;0;;;;;;;;;;;;;
2023-09-17;domingo ;05:19:00;SEM VÍTIMA;IMBIRIBEIRA;RUA;RUA JOSE DA SILVA LUCENA;;;;IMBIRIBEIRA;;;COLISÃO LATERAL;2;0;0;0;0;0;0;0;0;0;0;;;;;;;;;;;;;
2023-09-17;domingo ;07:16:00;COM VÍTIMA;DOIS IRMAOS;RUA;RUA MANUEL DE MEDEIROS;;;EM FRENTE AO LAFEPE;DOIS IRMAOS;;;QUEDA;0;1;0;0;0;0;0;0;0;1;0;;;;;;;;;;;;;
2023-09-17;domingo ;10:35:00;COM VÍTIMA;BOA VISTA;RUA;RUA DA SOLEDADE;;;RUA POR TRAS DO ALTINO VENTURA;BOA VISTA;;;COLISÃO LATERAL;2;0;0;0;0;0;0;0;0;1;0;;;;;;;;;;;;;
2023-09-17;domingo ;11:32:00;COM VÍTIMA;JORDAO;RUA;RUA ALBERTO LUNDGREN;;;NA SUBIDA DO BALAIO PROX A FEIRA DO TROCA;JORDAO;;;COLISÃO TRASEIRA;1;2;0;0;0;0;0;0;0;3;0;;;;;;;;;;;;;
2023-09-17;domingo ;04:29:00;COM VÍTIMA;IPUTINGA;RUA;RUA SAO MATEUS;;;CONDOMINIO JARDIM RENASCENÇA;IPUTINGA;;;COLISÃO LATERAL;1;1;0;0;0;0;0;0;0;1;0;;;;;;;;;;;;;
2023-09-17;domingo ;08:44:00;SEM VÍTIMA;CIDADE UNIVERSITARIA;AVENIDA;AVENIDA PROFESSOR ARTUR DE SA;;;HOSPITAL DAS CLINICAS;CIDADE UNIVERSITARIA;;;COLISÃO FRONTAL;2;0;0;0;0;0;0;0;0;0;0;;;;;;;;;;;;;
2023-09-17;domingo ;10:09:00;COM VÍTIMA;BOA VIAGEM;AVENIDA;AVENIDA ENGENHEIRO DOMINGOS FERREIRA;;;RUA CEL BENEDITO CHAVES;BOA VIAGEM;;;COLISÃO LATERAL;1;1;0;0;0;0;0;0;0;1;0;;;;;;;;;;;;;
2023-09-18;segunda-feira ;12:18:00;SEM VÍTIMA;DOIS UNIDOS;TRV;TRV CORREGO DO CURIO;;;"POR TRÁS DA UPA DE NOVA DESCOBERTA. OBS: O LOGRADOURO CORRETO É A ""RUA CÓRREGO DO CURIÓ"", QUE NÃO TEM CADASTRO NESTA PLANILHA,   E QUE JÁ FOI SOLICITADO AO GCM IVO AURÉLIO.";DOIS UNIDOS;;SUBURBIO;CHOQUE;0;0;0;0;0;0;0;1;1;0;0;;;;;;;;;;;;;
2023-09-18;segunda-feira ;07:16:00;COM VÍTIMA;PRADO;RUA;RUA SANTA EDWIRGES;AVENIDA;AVENIDA ENGENHEIRO ABDIAS DE CARVALHO;PROX. A ENGEFRIO;PRADO;;;QUEDA;1;1;0;0;0;0;0;0;0;1;0;;;;;;;;;;;;;
2023-09-18;segunda-feira ;07:25:00;COM VÍTIMA;IMBIRIBEIRA;AVENIDA;AVENIDA MARECHAL MASCARENHAS DE MORAES;RUA;RUA MIS JOEL CARLSON;NO SEMAFORO 287;IMBIRIBEIRA;;;COLISÃO LATERAL;1;1;0;0;0;0;0;0;0;1;0;;;;;;;;;;;;;
2023-09-18;segunda-feira ;08:32:00;COM VÍTIMA;TEJIPIO;RUA;RUA FALCAO DE LACERDA;;;EM FRENTE A PRAÇA DE TEJIPIO  / PROX A OFICINA GUILMARA;TEJIPIO;;;COLISÃO;0;1;0;0;0;0;0;0;0;1;0;;;;;;;;;;;;;
2023-09-18;segunda-feira ;08:35:00;COM VÍTIMA;CASA AMARELA;AVENIDA;AVENIDA NORTE MIGUEL ARRAES DE ALENCAR;;;EM FRENTE A AGENCIA DE EMPREGOS, SENT. MACAXEIRA;CASA AMARELA;;;COLISÃO TRASEIRA;0;1;0;0;0;1;0;0;0;1;0;;;;;;;;;;;;;
2023-09-18;segunda-feira ;08:38:00;COM VÍTIMA;ARRUDA;AVENIDA;AVENIDA PROFESSOR JOSE DOS ANJOS;;;PROX A PONTE E LOJA DEMILLA MODAS;ARRUDA;;;COLISÃO;0;1;0;0;0;0;0;0;0;1;0;;;;;;;;;;;;;
2023-09-16;sábado ;12:00:00;COM VÍTIMA;IMBIRIBEIRA;AVENIDA;AVENIDA MARECHAL MASCARENHAS DE MORAES;;;APOS VIADUTO TANCREDO NEVES, SENTIDO AEROPORTO;IMBIRIBEIRA;116;SUBURBIO;COLISÃO TRASEIRA;1;1;0;0;0;0;0;0;0;1;0;;;;;;;;;;;;;
2023-09-18;segunda-feira ;09:38:00;COM VÍTIMA;SAN MARTIN;AVENIDA;AVENIDA GENERAL SAN MARTIN;;;PROXIMO  A DROGASIL;SAN MARTIN;;;COLISÃO TRASEIRA;1;1;0;0;0;0;0;0;0;1;0;;;;;;;;;;;;;
2023-09-18;segunda-feira ;09:40:00;COM VÍTIMA;CABANGA;AVENIDA;AVENIDA ENGENHEIRO JOSE ESTELITA;;;SOB O VIADUTO DO CAPITÃO TEMUDO;CABANGA;;;COLISÃO;1;1;0;0;0;0;0;0;0;1;0;;;;;;;;;;;;;
2023-09-18;segunda-feira ;09:48:00;COM VÍTIMA;SANTO AMARO;AVENIDA;AVENIDA NORTE MIGUEL ARRAES DE ALENCAR;AVENIDA;AVENIDA CRUZ CABUGA;;SANTO AMARO;;;COLISÃO;1;1;0;0;0;0;0;0;0;1;0;;;;;;;;;;;;;
2023-09-18;segunda-feira ;10:34:00;COM VÍTIMA;MADALENA;AVENIDA;AVENIDA BEIRA RIO;;;EM FRENTE AO EDF. SOBRADO DO  CAPIBARIBE;MADALENA;;;COLISÃO TRASEIRA;1;1;0;0;0;0;0;0;0;1;0;;;;;;;;;;;;;
2023-09-18;segunda-feira ;10:50:00;COM VÍTIMA;IBURA;AVENIDA;AVENIDA DOIS RIOS;;;EM FRENTE A IGREJA DOS MORMONS / PROX A UPINHA;IBURA;;;COLISÃO;0;1;0;0;0;0;0;0;0;1;0;;;;;;;;;;;;;
2023-09-18;segunda-feira ;12:01:00;COM VÍTIMA;VARZEA;RUA;RUA MARECHAL MANOEL LUIS OSORIO;;;PROX AO HAPVIDA;VARZEA;;;COLISÃO;0;1;0;0;0;0;0;0;0;1;0;;;;;;;;;;;;;
2023-09-18;segunda-feira ;12:08:00;COM VÍTIMA;MADALENA;AVENIDA;AVENIDA BEIRA RIO;RUA;RUA JOSE OSORIO;PROX A PONTE DE CAPUNGA / PROX A A FACULDADE MAURICIO DE NASSAU;MADALENA;387;;CHOQUE;1;0;0;0;0;0;0;0;0;1;0;;;;;;;;;;;;;
2023-09-18;segunda-feira ;01:05:00;COM VÍTIMA;CASA AMARELA;EST;EST DO ARRAIAL;;;E/F AO SITIO DA TRINDADE;CASA AMARELA;;;COLISÃO TRASEIRA;1;1;0;0;0;0;0;0;0;1;0;;;;;;;;;;;;;
2023-09-18;segunda-feira ;04:32:00;COM VÍTIMA;NOVA DESCOBERTA;AVENIDA;AVENIDA CHAGAS FERREIRA;;;PROX AO CAMPO DO DALICIA  E NA SUB DO ALTO SANTA TEREZA;NOVA DESCOBERTA;;;COLISÃO FRONTAL;1;1;0;0;0;1;0;0;0;4;0;;;;;;;;;;;;;
2023-09-18;segunda-feira ;04:35:00;COM VÍTIMA;AFOGADOS;RUA;RUA SAO MIGUEL;RUA;RUA LUIZ PEREIRA DE FARIAS;REPASSADA PELO COP;AFOGADOS;;;COLISÃO;1;0;0;0;0;0;0;0;0;1;0;;;;;;;;;;;;;
2023-09-18;segunda-feira ;04:52:00;COM VÍTIMA;BOA VIAGEM;RUA;RUA PROFESSOR SIMOES BARBOSA;;;;BOA VIAGEM;;;COLISÃO;0;0;0;0;0;0;0;0;0;1;0;;;;;;;;;;;;;
2023-09-18;segunda-feira ;05:28:00;COM VÍTIMA;CAMPO GRANDE;RUA;RUA ODORICO MENDES;;;EM FRENTE AO CLUBE DAS PÁS;CAMPO GRANDE;;;COLISÃO TRASEIRA;1;1;0;0;0;0;0;0;0;1;0;;;;;;;;;;;;;
2023-09-18;segunda-feira ;05:30:00;COM VÍTIMA;JIQUIA;RUA;RUA SAO MIGUEL;;;E/F A DROGARIA BONGI;JIQUIA;;;COLISÃO LATERAL;1;1;0;0;0;0;0;0;0;1;0;;;;;;;;;;;;;
2023-09-18;segunda-feira ;05:52:00;COM VÍTIMA;CIDADE UNIVERSITARIA;AVENIDA;AVENIDA PROFESSOR ARTUR DE SA;;;EM FRENTE A UFPE E PROXIMO AO POSTO BR;CIDADE UNIVERSITARIA;;;COLISÃO LATERAL;0;1;0;0;0;0;0;0;0;1;0;;;;;;;;;;;;;
2023-09-18;segunda-feira ;05:56:00;COM VÍTIMA;CAMPO GRANDE;RUA;RUA SAO CAETANO;;;EM FRENTE A PIZZARIA DE SIRLANE;CAMPO GRANDE;;;COLISÃO LATERAL;0;1;0;0;0;0;0;0;0;1;0;;;;;;;;;;;;;
2023-09-18;segunda-feira ;11:19:00;COM VÍTIMA;SANTO AMARO;RUA;RUA TREZE DE MAIO;RUA;RUA FREI CASSIMIRO;EN FRENTE A MODESTO BORRACHARIA;SANTO AMARO;;;COLISÃO TRANSVERSAL;1;1;0;0;0;0;0;0;0;1;0;;;;;;;;;;;;;
2023-09-19;terça-feira ;07:18:00;COM VÍTIMA;TORROES;AVENIDA;AVENIDA ENGENHEIRO ABDIAS DE CARVALHO;;;PROX. AO POSTO DE GASOLINA BR, AO LADO DO ANTIGO YOKI;TORROES;;;COLISÃO LATERAL;0;1;0;0;0;0;0;0;0;1;0;;;;;;;;;;;;;
2023-09-19;terça-feira ;07:38:00;COM VÍTIMA;TAMARINEIRA;EST;EST VELHA DE AGUA FRIA;;;PROX. AO DENOX;TAMARINEIRA;;;COLISÃO LATERAL;0;1;0;0;0;0;0;0;0;1;0;;;;;;;;;;;;;
2023-09-19;terça-feira ;08:29:00;COM VÍTIMA;TORREAO;AVENIDA;AVENIDA GOVERNADOR AGAMENON MAGALHAES;;;PROX. AO HOSPITAL HAP VIDA SENT. BOA VIAGEM;TORREAO;;;COLISÃO LATERAL;0;1;0;0;0;0;0;0;0;1;0;;;;;;;;;;;;;
2023-09-19;terça-feira ;08:53:00;COM VÍTIMA;MADALENA;RUA;RUA JOSE OSORIO;;;PROX. A MORAIS MULTIMARCAS VEICULOS;MADALENA;;;COLISÃO LATERAL;1;1;0;0;0;0;0;0;0;2;0;;;;;;;;;;;;;
2023-09-19;terça-feira ;08:59:00;COM VÍTIMA;SAN MARTIN;RUA;RUA COMENDADOR FRANCO FERREIRA;;;AO LADO DA CAVALARIA E PROX A PRAÇA DE EVENTOS DE SAN MARTINS;SAN MARTIN;;;COLISÃO;1;1;0;0;0;0;0;0;0;1;0;;;;;;;;;;;;;
2023-09-19;terça-feira ;09:05:00;COM VÍTIMA;CASA AMARELA;AVENIDA;AVENIDA DR EURICO CHAVES;;;PROX. AO BREGOSO BURGUER E BARBEARIA NAVALHA;CASA AMARELA;;;COLISÃO LATERAL;0;1;0;0;0;0;0;0;0;1;0;;;;;;;;;;;;;
2023-09-19;terça-feira ;10:11:00;COM VÍTIMA;CASA AMARELA;RUA;RUA CONS PERETTI;;;PROX A TRATORIA DA DANI / PROX A BARBEARIA LA ROSA /;CASA AMARELA;;;COLISÃO;0;1;0;0;0;0;0;0;0;1;0;;;;;;;;;;;;;
2023-09-19;terça-feira ;12:40:00;COM VÍTIMA;SANTO AMARO;RUA;RUA DO HOSPICIO;;;EM FRENTE A CÂMARA DE VEREADORES;SANTO AMARO;;;COLISÃO LATERAL;1;1;0;0;0;0;0;0;0;1;0;;;;;;;;;;;;;
2023-09-19;terça-feira ;01:06:00;COM VÍTIMA;ENGENHO DO MEIO;RUA;RUA ANTONIO CURADO;;;EM FRENTE AO CLUBE DA SUDENE;ENGENHO DO MEIO;;;COLISÃO;0;1;0;0;0;0;0;0;0;1;0;;;;;;;;;;;;;
2023-09-19;terça-feira ;01:10:00;COM VÍTIMA;ILHA DO LEITE;RUA;RUA MARQUES AMORIM;;;EM FRENTE AO EMPRESARIAL ILHA DO LEITE;ILHA DO LEITE;;;COLISÃO LATERAL;1;1;0;0;0;0;0;0;0;1;0;;;;;;;;;;;;;
2023-09-19;terça-feira ;01:44:00;COM VÍTIMA;BOA VIAGEM;AVENIDA;AVENIDA ENGENHEIRO DOMINGOS FERREIRA;RUA;RUA BRUNO VELOSO;REALIZAR VARREDURA;BOA VIAGEM;;;COLISÃO TRASEIRA;0;0;0;0;0;0;0;0;0;1;0;;;;;;;;;;;;;
2023-09-19;terça-feira ;02:05:00;COM VÍTIMA;ENCRUZILHADA;AVENIDA;AVENIDA BEBERIBE;;;EM FRENTE A ESCOLA NUCLEO ATITUDE E A FERREIRA PINTO;ENCRUZILHADA;;;QUEDA;0;1;0;0;0;0;0;0;0;1;0;;;;;;;;;;;;;
2023-09-19;terça-feira ;03:57:00;COM VÍTIMA;BOA VIAGEM;RUA;RUA ANTONIO FALCAO;;;NO SEMAFORO 006  E/F AO EMPRESARIAL OTAVIANO DIAS;BOA VIAGEM;;;COLISÃO LATERAL;1;1;0;0;0;0;0;0;0;1;0;;;;;;;;;;;;;
2023-09-19;terça-feira ;08:22:00;COM VÍTIMA;CASA FORTE;AVENIDA;AVENIDA DEZESSETE DE AGOSTO;;;EM FRENTE AO POSTO DE SAUDE ERMILIO DE MORAES E AO POSTO DE COMBUSTIVEL AMIGÃO;CASA FORTE;;;COLISÃO LATERAL;0;1;0;0;0;0;0;0;0;1;0;;;;;;;;;;;;;
2023-09-19;terça-feira ;09:34:00;COM VÍTIMA;IBURA;RUA;RUA JOSE LEONCIO GALVAO;AVENIDA;AVENIDA RIO LARGO;PRÓXIMO À ECO ESTAÇÃO DA PREFEITURA;IBURA;;;COLISÃO;0;1;0;0;0;0;0;0;0;1;0;;;;;;;;;;;;;
2023-09-19;terça-feira ;11:18:00;COM VÍTIMA;AREIAS;AVENIDA;AVENIDA RECIFE;;;E/F AO CONDOMINIO INGNEZ ANDREAZA - SENTIDO AEROPORTO;AREIAS;;;ATROPELAMENTO DE PESSOA;0;0;0;0;1;0;1;0;0;1;0;;;;;;;;;;;;;
2023-09-19;terça-feira ;11:21:00;COM VÍTIMA;IMBIRIBEIRA;AVENIDA;AVENIDA MARECHAL MASCARENHAS DE MORAES;;;PRÓXIMO ÀS LOJAS FERREIRA COSTA E CASAS BAHIA;IMBIRIBEIRA;;;COLISÃO;0;1;0;0;0;0;0;0;0;1;0;;;;;;;;;;;;;
2023-09-20;quarta-feira ;07:17:00;COM VÍTIMA;AREIAS;AVENIDA;AVENIDA RECIFE;;;EM FRENTE AO ATACADÃO / E O ANTIGO MACRO;AREIAS;;;COLISÃO;0;1;0;0;0;0;0;0;0;1;0;;;;;;;;;;;;;
2023-09-20;quarta-feira ;07:17:00;COM VÍTIMA;VARZEA;RUA;RUA EDUARDO PRADO;;;AO LADO DA INTEGRAÇÃO COSME DAMIÃO / PROX A FARMACIA PRIMAVERA;VARZEA;;;COLISÃO LATERAL;2;0;0;0;0;0;0;0;0;1;0;;;;;;;;;;;;;
2023-09-20;quarta-feira ;07:38:00;COM VÍTIMA;IMBIRIBEIRA;AVENIDA;AVENIDA MARECHAL MASCARENHAS DE MORAES;;;EM FRENTE AO AEROPORTO / PROX A LOCADORA DE AUTOMOVEL UNIDAS;IMBIRIBEIRA;;;COLISÃO;0;1;0;0;0;0;0;0;0;1;0;;;;;;;;;;;;;
2023-09-20;quarta-feira ;07:38:00;COM VÍTIMA;JAQUEIRA;RUA;RUA PADRE ROMA;;;PROX. AO BAR DO NENO E CIRURGICA MEDINI;JAQUEIRA;;;COLISÃO LATERAL;0;1;0;0;0;0;0;0;0;1;0;;;;;;;;;;;;;
2023-09-20;quarta-feira ;07:53:00;COM VÍTIMA;ESPINHEIRO;VIADUTO;VIADUTO INDEPENDENCIA;;;NA DESCIDA DO VIADUTO QUE PASSA POR CIMA DA AVENIDA NORTE - SENTIDO BOA VIAGEM;ESPINHEIRO;;;COLISÃO TRANSVERSAL;0;1;0;0;0;1;0;0;0;1;0;;;;;;;;;;;;;
2023-09-20;quarta-feira ;08:31:00;COM VÍTIMA;JORDAO;AVENIDA;AVENIDA MARIA IRENE;;;NA SAIDA DO TUNEL FELIPE CAMARÃO, SENT. JORDAO;JORDAO;;;COLISÃO COM CICLISTA;0;1;0;1;0;0;0;0;0;2;0;;;;;;;;;;;;;
2023-09-20;quarta-feira ;08:34:00;COM VÍTIMA;CAXANGA;AVENIDA;AVENIDA JOAQUIM RIBEIRO;;;ENCIMA DA PONTE DA CAXANGA / PROX A UPA;CAXANGA;;;COLISÃO;0;1;0;0;0;0;0;0;0;1;0;;;;;;;;;;;;;
2023-09-20;quarta-feira ;09:58:00;COM VÍTIMA;AGUA FRIA;AVENIDA;AVENIDA BEBERIBE;;;EM FRENTE A ACADEMIA  CIA DO CORPO, PROX. AO SUPERMERCADO DOIS IRMÃOS;AGUA FRIA;;;ATROPELAMENTO DE PESSOA;0;1;0;0;1;0;0;0;0;1;0;;;;;;;;;;;;;
2023-09-20;quarta-feira ;10:06:00;SEM VÍTIMA;BOA VIAGEM;RUA;RUA COSMORAMA;;;EM FRENTE A ESCOLA ESTADUAL AUGUSTO SEVERO;BOA VIAGEM;;;COLISÃO FRONTAL;1;0;0;0;0;0;0;1;0;0;0;;;;;;;;;;;;;
2023-09-20;quarta-feira ;01:27:00;COM VÍTIMA;PONTO DE PARADA;RUA;RUA PORCIUNCULA;;;;PONTO DE PARADA;;;COLISÃO;0;0;0;0;0;0;0;0;0;1;0;;;;;;;;;;;;;
2023-09-20;quarta-feira ;01:52:00;COM VÍTIMA;BOA VISTA;RUA;RUA JOAQUIM FELIPE;;;;BOA VISTA;;;COLISÃO;0;0;0;0;0;0;0;0;0;1;0;;;;;;;;;;;;;
2023-09-20;quarta-feira ;06:19:00;COM VÍTIMA;DERBY;AVENIDA;AVENIDA GOVERNADOR AGAMENON MAGALHAES;;;EM FRENTE AO HR;DERBY;;;COLISÃO;0;1;0;0;0;0;0;0;0;1;0;;;;;;;;;;;;;
2023-09-20;quarta-feira ;08:51:00;COM VÍTIMA;ARRUDA;AVENIDA;AVENIDA BEBERIBE;;;EM FRENTE AO CAMPO DO SANTA CRUZ;ARRUDA;;;ATROPELAMENTO DE PESSOA;0;1;0;0;1;0;0;0;0;1;0;;;;;;;;;;;;;
2023-09-20;quarta-feira ;07:50:00;COM VÍTIMA;BOA VISTA;RUA;RUA DO HOSPICIO;;;EM FRENTE A FIGUEIRA CLAÇADOS;BOA VISTA;;;COLISÃO;0;0;0;0;0;0;0;0;0;1;0;;;;;;;;;;;;;
2023-09-20;quarta-feira ;07:50:00;COM VÍTIMA;AFOGADOS;EST;EST DOS REMEDIOS;;;PRÓXIMO À FARMACIA DO TRABALHADOR E DA IGREJA CATÓLICA;AFOGADOS;;;COLISÃO;0;0;0;0;0;0;0;0;0;1;0;;;;;;;;;;;;;
2023-09-20;quarta-feira ;09:21:00;SEM VÍTIMA;IMBIRIBEIRA;AVENIDA;AVENIDA MARECHAL MASCARENHAS DE MORAES;;;PRÓXIMO AO AEROPORTO;IMBIRIBEIRA;;;CHOQUE;0;0;0;0;0;0;0;0;0;0;0;;;;;;;;;;;;;
2023-09-21;quinta-feira ;07:44:00;COM VÍTIMA;DOIS IRMAOS;RUA;RUA RIBEIRO PESSOA;;;PROX A UPA DA CAXANGA / EM FRENTE AO PINTO FORMOSO;DOIS IRMAOS;;;COLISÃO FRONTAL;1;1;0;0;0;0;0;0;0;1;0;;;;;;;;;;;;;
2023-09-21;quinta-feira ;08:05:00;COM VÍTIMA;SAN MARTIN;AVENIDA;AVENIDA GENERAL SAN MARTIN;;;PROX AO RESTAURANTE CHO DAN NORDESTINO / PROX AO GIRADOURO DE SAN MARTINS SENTIDO AV RECIFE;SAN MARTIN;;;COLISÃO FRONTAL;1;1;0;0;0;0;0;0;0;2;0;;;;;;;;;;;;;
2023-09-21;quinta-feira ;08:45:00;COM VÍTIMA;PRADO;AVENIDA;AVENIDA ENGENHEIRO ABDIAS DE CARVALHO;;;EM FRENTE KANTAM / PROX A ENGEFRIO;PRADO;;;COLISÃO;0;1;0;0;0;0;0;0;0;1;0;;;;;;;;;;;;;