data;dia_semana;hora;natureza;bairro;logradouro_endereco;endereco;logradouro_detalhe_endereço;detalhe_endereco_acidente;complemento;bairro_cruzamento;num_semaforo;sentido_via;tipo;auto;moto;ciclom;ciclista;pedestre;onibus;caminhao;viatura;outros;vitimas;vitimasfatais;acidente_verificado;tempo_clima;situacao_semaforo;sinalizacao;condicao_via;conservacao_via;ponto_controle;situacao_placa;velocidade_max_via;mao_direcao;divisao_via1;divisao_via2;divisao_via3
2023-09-21;quinta-feira ;08:57:00;SEM VÍTIMA;AFOGADOS;AVENIDA;AVENIDA SUL;;;TERMINAL INTEGRADO DE AFOGADOS;AFOGADOS;;CIDADE;COLISÃO LATERAL;1;0;0;0;0;0;1;0;0;0;0;;;;;;;;;;;;;
2023-09-21;quinta-feira ;09:00:00;COM VÍTIMA;CORDEIRO;AVENIDA;AVENIDA GENERAL SAN MARTIN;;;CRUZAMENTO COM A GOMES TABORDA, ANTIGA RUA DA LAMA / PROX A FARMACIA PAGUE MENOS / PROX AO SUPERMERCADO IDEAL ATACAREJO;CORDEIRO;;;COLISÃO;0;1;0;0;0;0;0;0;0;1;0;;;;;;;;;;;;;
2023-09-21;quinta-feira ;09:31:00;COM VÍTIMA;ARRUDA;AVENIDA;AVENIDA PROFESSOR JOSE DOS ANJOS;;;PROX. AO BOMPREÇO E O CAMPO DO ARRUDA;ARRUDA;;;COLISÃO LATERAL;0;1;0;0;0;0;0;0;0;1;0;;;;;;;;;;;;;
2023-09-21;quinta-feira ;11:44:00;SEM VÍTIMA;MADALENA;AVENIDA;AVENIDA VISCONDE DE ALBUQUERQUE;RUA;RUA BARTOLOMEU DE GUSMAO;NA DESCIDA DA PONTE DA CAPUNGA;MADALENA;;;COLISÃO TRANSVERSAL;0;0;0;0;0;0;0;0;0;0;0;;;;;;;;;;;;;
2023-09-21;quinta-feira ;03:30:00;SEM VÍTIMA;PARNAMIRIM;AVENIDA;AVENIDA PARNAMIRIM;RUA;RUA TITO ROSAS;EM FRENTE AO POSTO SHELL;PARNAMIRIM;10;CIDADE;COLISÃO TRASEIRA;1;0;0;0;0;1;0;0;0;0;0;;;;;;;;;;;;;
2023-09-21;quinta-feira ;04:16:00;COM VÍTIMA;CASA AMARELA;AVENIDA;AVENIDA NORTE MIGUEL ARRAES DE ALENCAR;;;PROX YAMAHA E A MATARNIDADE BARROS LIMA;CASA AMARELA;;CIDADE;COLISÃO TRASEIRA;1;1;0;0;0;0;0;0;0;2;0;;;;;;;;;;;;;
2023-09-21;quinta-feira ;04:21:00;SEM VÍTIMA;SAO JOSE;RUA;RUA IMPERIAL;;;;SAO JOSE;;SUBURBIO;COLISÃO TRASEIRA;1;0;0;0;0;0;0;1;0;0;0;;;;;;;;;;;;;
2023-09-21;quinta-feira ;04:47:00;COM VÍTIMA;CAMPO GRANDE;RUA;RUA ODORICO MENDES;;;EM FRENTE AO CLUBE DAS PÁS;CAMPO GRANDE;;;COLISÃO LATERAL;0;1;0;0;0;0;0;0;0;1;0;;;;;;;;;;;;;
2023-09-21;quinta-feira ;04:57:00;COM VÍTIMA;IPSEP;AVENIDA;AVENIDA RECIFE;;;EM FRENTE A RECIFE MOTOS E AO LADO DO DEPOSITO RECURSO NATURAL;IPSEP;;;COLISÃO LATERAL;0;1;0;0;0;0;0;0;0;1;0;;;;;;;;;;;;;
2023-09-21;quinta-feira ;05:11:00;COM VÍTIMA;IMBIRIBEIRA;AVENIDA;AVENIDA MARECHAL MASCARENHAS DE MORAES;;;PROXIMO A LASER ELETRO;IMBIRIBEIRA;;;COLISÃO LATERAL;0;1;0;0;0;0;0;0;0;1;0;;;;;;;;;;;;;
2023-09-21;quinta-feira ;05:38:00;COM VÍTIMA;LINHA DO TIRO;RUA;RUA PROFESSOR JOSE AMARINO DOS REIS;;;APÓS A ASSEMBLEIA DE DEUS;LINHA DO TIRO;;;COLISÃO LATERAL;0;1;0;0;0;0;0;0;0;1;0;;;;;;;;;;;;;
2023-09-21;quinta-feira ;05:47:00;COM VÍTIMA;SANTO AMARO;AVENIDA;AVENIDA NORTE MIGUEL ARRAES DE ALENCAR;;;POUCO ANTES DO SEMAFORO 036;SANTO AMARO;;SUBURBIO;COLISÃO TRASEIRA;1;1;0;0;0;0;0;0;0;1;0;;;;;;;;;;;;;
2023-09-21;quinta-feira ;08:34:00;COM VÍTIMA;JARDIM SAO PAULO;RUA;RUA LEOBINA PEREIRA;RUA;RUA LEANDRO BARRETO;;JARDIM SAO PAULO;;;COLISÃO;0;1;0;0;0;0;0;0;0;1;0;;;;;;;;;;;;;
2023-09-21;quinta-feira ;09:51:00;COM VÍTIMA;SANTO AMARO;AVENIDA;AVENIDA CRUZ CABUGA;;;LADO OPOSTO À ACADEMIA HAVANNA - E/ F À ESTAÇÃO BRT - SENTIDO SUBURBIO;SANTO AMARO;;;COLISÃO COM CICLISTA;0;1;0;1;0;0;0;0;0;2;0;;;;;;;;;;;;;
2023-09-22;sexta-feira ;12:59:00;COM VÍTIMA;BOA VIAGEM;AVENIDA;AVENIDA BOA VIAGEM;;;PRÓXIMO AO PRIMEIRO JARDIM;BOA VIAGEM;;;COLISÃO;0;1;0;0;0;0;0;0;0;1;0;;;;;;;;;;;;;
2023-09-22;sexta-feira ;07:31:00;COM VÍTIMA;IMBIRIBEIRA;AVENIDA;AVENIDA MARECHAL MASCARENHAS DE MORAES;;;PROX EM FRENTE AO POSTO DE GASOLINA BR /PROX AO GERALDÃO SENTIDO AEROPORTO;IMBIRIBEIRA;;;COLISÃO TRASEIRA;0;1;0;0;0;0;0;0;0;1;0;;;;;;;;;;;;;
2023-09-22;sexta-feira ;07:34:00;COM VÍTIMA;AREIAS;AVENIDA;AVENIDA DR JOSE RUFINO;;;APOS O SENAI VINDO DE AFOGADOS RECIFE E VINDO DE JABOATAO APOS LINHA FERREA;AREIAS;;;COLISÃO LATERAL;1;1;0;0;0;0;0;0;0;1;0;;;;;;;;;;;;;
2023-09-22;sexta-feira ;08:53:00;COM VÍTIMA;JORDAO;AVENIDA;AVENIDA MARIA IRENE;;;EM FRENTE AO QUARTEL DA AERONAUTICA;JORDAO;;;COLISÃO LATERAL;0;1;0;0;0;0;0;0;0;1;0;;;;;;;;;;;;;
2023-09-22;sexta-feira ;09:14:00;COM VÍTIMA;PINA;AVENIDA;AVENIDA CELSO FURTADO (VIA MANGUE);;;SENTIDO BOA VIAGEM NA SUBIDA DO VIADUTO;PINA;;;COLISÃO;0;1;0;0;0;0;0;0;0;1;0;;;;;;;;;;;;;
2023-09-22;sexta-feira ;10:42:00;SEM VÍTIMA;AFOGADOS;RUA;RUA SANTO ANGELO;RUA;RUA SANTOS ARAUJO;AO LADO DA ANTIGA SOUZA CRUZ;AFOGADOS;;;COLISÃO LATERAL;1;0;0;0;0;0;1;0;0;0;0;;;;;;;;;;;;;
2023-09-22;sexta-feira ;11:08:00;COM VÍTIMA;CAJUEIRO;AVENIDA;AVENIDA CIDADE DE MONTEIRO;;;PROX AO ARMAZEM CORAL;CAJUEIRO;;;COLISÃO;0;1;0;0;0;0;0;0;0;1;0;;;;;;;;;;;;;
2023-09-22;sexta-feira ;11:32:00;COM VÍTIMA;IPUTINGA;AVENIDA;AVENIDA MAURICIO DE NASSAU;EST;EST DO BARBALHO;PROX A CASA DE PLACAS;IPUTINGA;;;COLISÃO;1;1;0;0;0;0;0;0;0;1;0;;;;;;;;;;;;;
2023-09-22;sexta-feira ;12:43:00;COM VÍTIMA;BREJO DA GUABIRABA;COR;COR JOSE IDALINO;;;PACTE DENTRO DO CENTRO DE CIDADANIA DO BAIRRO / EM FRENTE AO ARMAZEM BARATAÇO;BREJO DA GUABIRABA;;;COLISÃO;0;1;0;0;0;0;0;0;0;1;0;;;;;;;;;;;;;
2023-09-22;sexta-feira ;01:30:00;COM VÍTIMA;CAJUEIRO;AVENIDA;AVENIDA BEBERIBE;;;PROXIMO A PRAÇA DO FUNDÃO E A HORTFRUT NOSSA SENHORA APARECIDA;CAJUEIRO;;;COLISÃO LATERAL;0;1;0;0;0;0;0;0;0;1;0;;;;;;;;;;;;;
2023-09-22;sexta-feira ;02:28:00;COM VÍTIMA;PINA;AVENIDA;AVENIDA DR DIRCEU VELLOSO TOSCANO DE BRITO;;;PROXIMO AO 19º BATALHÃO E AO SHOPPING RIO MAR;PINA;;;ATROPELAMENTO DE PESSOA;0;1;0;0;1;0;0;0;0;1;0;;;;;;;;;;;;;
2023-09-22;sexta-feira ;02:44:00;COM VÍTIMA;CAMPO GRANDE;RUA;RUA MARIO SETE;;;PROXIMO A IGREJA DO BOM PARTO;CAMPO GRANDE;;;COLISÃO LATERAL;2;1;0;0;0;0;0;0;0;1;0;;;;;;;;;;;;;
2023-09-22;sexta-feira ;03:37:00;COM VÍTIMA;CABANGA;AVENIDA;AVENIDA ENGENHEIRO JOSE ESTELITA;;;PROXIMO AO CABANGA IATE CLUBE;CABANGA;;;COLISÃO LATERAL;0;1;0;0;0;0;0;0;0;1;0;;;;;;;;;;;;;
2023-09-22;sexta-feira ;04:32:00;COM VÍTIMA;BRASILIA TEIMOSA;RUA;RUA FRANCISCO VALPASSOS;;;EM FRENTE A REFIBRA TELECON;BRASILIA TEIMOSA;;;COLISÃO LATERAL;0;1;0;0;0;1;0;0;0;1;0;;;;;;;;;;;;;
2023-09-23;sábado ;02:08:00;COM VÍTIMA;BOA VIAGEM;AVENIDA;AVENIDA ENGENHEIRO DOMINGOS FERREIRA;RUA;RUA PROFESSOR JOSE BRANDAO;;BOA VIAGEM;550;;COLISÃO;2;0;0;0;0;0;0;0;0;2;0;;;;;;;;;;;;;
2023-09-23;sábado ;03:30:00;COM VÍTIMA;PINA;AVENIDA;AVENIDA BOA VIAGEM;;;EM FRENTE AS QUADRAS DE TENIS;PINA;;;CHOQUE;2;0;0;0;0;0;0;0;0;1;0;;;;;;;;;;;;;
2023-09-23;sábado ;05:33:00;COM VÍTIMA;IPSEP;AVENIDA;AVENIDA RECIFE;RUA;RUA JEAN EMILE FAVRE;;IPSEP;;;QUEDA;1;1;0;0;0;0;0;0;0;2;0;;;;;;;;;;;;;
2023-09-23;sábado ;11:38:00;COM VÍTIMA;JAQUEIRA;AVENIDA;AVENIDA RUI BARBOSA;;;APOIS PARQUE DA JAQUEIRA / PROX AO COLEGIO DAMAS;JAQUEIRA;;;COLISÃO;0;1;0;0;0;0;0;0;0;1;0;;;;;;;;;;;;;
2023-09-23;sábado ;11:38:00;COM VÍTIMA;CASA AMARELA;RUA;RUA PADRE LEMOS;;;EM FRENTE AO POSTO DE GASOLINA BR / NA ENTRADA DO VASCO DA GAMA;CASA AMARELA;;;COLISÃO;1;1;0;0;0;0;0;0;0;1;0;;;;;;;;;;;;;
2023-09-23;sábado ;12:03:00;COM VÍTIMA;MADALENA;EST;EST DOS REMEDIOS;AVENIDA;AVENIDA ENGENHEIRO ABDIAS DE CARVALHO;PROX A MADALENA;MADALENA;;;COLISÃO TRASEIRA;1;1;0;0;0;0;0;0;0;1;0;;;;;;;;;;;;;
2023-09-23;sábado ;12:47:00;SEM VÍTIMA;IMBIRIBEIRA;RUA;RUA ALVARO AMORIM;RUA;RUA ARQUITETO LUIZ NUNES;EM FRENTE AO NÚMERO 208;IMBIRIBEIRA;;SUBURBIO;COLISÃO TRASEIRA;2;0;0;0;0;0;0;0;0;0;0;;;;;;;;;;;;;
2023-09-23;sábado ;01:38:00;COM VÍTIMA;BARRO;RUA;RUA BARAO DE LADARIO;;;PROXIMO AO HOTEL OLYMPIKUS;BARRO;;;COLISÃO;0;1;0;0;0;0;0;0;0;1;0;;;;;;;;;;;;;
2023-09-23;sábado ;05:04:00;COM VÍTIMA;AREIAS;AVENIDA;AVENIDA RECIFE;;;EM FRENTE AO CARREFOUR /SENTIDO CEASA;AREIAS;;;QUEDA;0;1;0;0;0;0;0;0;0;1;0;;;;;;;;;;;;;
2023-09-23;sábado ;05:35:00;COM VÍTIMA;ESTANCIA;RUA;RUA MORAIS E SILVA;;;EM FRENTE A GALERIA MARGARIDA;ESTANCIA;;;COLISÃO LATERAL;1;1;0;0;0;0;0;0;0;2;0;;;;;;;;;;;;;
2023-09-23;sábado ;06:26:00;COM VÍTIMA;ARRUDA;AVENIDA;AVENIDA BEBERIBE;;;ESTADIO CLUBE  DO SANTA CRUZ;ARRUDA;;;COLISÃO;0;1;0;0;0;0;0;0;0;1;0;;;;;;;;;;;;;
2023-09-23;sábado ;06:42:00;COM VÍTIMA;IMBIRIBEIRA;AVENIDA;AVENIDA MARECHAL MASCARENHAS DE MORAES;;;ANTES DO ATACADÃO SENTIDO AEROPORTO;IMBIRIBEIRA;;;COLISÃO;0;1;0;0;0;0;0;0;0;1;0;;;;;;;;;;;;;
2023-09-23;sábado ;07:04:00;COM VÍTIMA;MADALENA;RUA;RUA REAL DA TORRE;;;APÓS O PONTO DO AÇAI, EM FRENTE AO POSTO DE GASOLINA SETA;MADALENA;;;COLISÃO;0;1;0;0;0;0;0;0;0;1;0;;;;;;;;;;;;;
2023-09-23;sábado ;07:39:00;SEM VÍTIMA;MADALENA;RUA;RUA BENFICA;;;COM A ESTRADA DOS REMENDIOS;MADALENA;;;COLISÃO;1;1;0;0;0;0;0;0;0;0;0;;;;;;;;;;;;;
2023-09-23;sábado ;07:56:00;COM VÍTIMA;PORTO DA MADEIRA;AVENIDA;AVENIDA BEBERIBE;;;E/F AO BAR DALVA D'OLIVEIRA;PORTO DA MADEIRA;;;COLISÃO;0;1;0;0;0;0;0;0;0;1;0;;;;;;;;;;;;;
2023-09-23;sábado ;08:32:00;COM VÍTIMA;AFOGADOS;RUA;RUA JOSE MIRANDA;;;EM FRENTE A TABACARIA VINTE DE ABRIL, ANTES DO BAR ARRETADO DE BOM;AFOGADOS;;;COLISÃO;0;1;0;0;0;0;0;0;0;1;0;;;;;;;;;;;;;
2023-09-23;sábado ;08:58:00;COM VÍTIMA;CASA FORTE;AVENIDA;AVENIDA DEZESSETE DE AGOSTO;;;E/F AO SHOPPING PLAZA E BANCO DO BRASIL;CASA FORTE;;SUBURBIO;QUEDA;0;1;0;0;0;0;0;0;0;1;0;;;;;;;;;;;;;
2023-09-23;sábado ;09:39:00;COM VÍTIMA;MANGABEIRA;AVENIDA;AVENIDA NORTE MIGUEL ARRAES DE ALENCAR;;;PRÓXIMO À ENTRADA DA MANGABEIRA;MANGABEIRA;;;COLISÃO TRASEIRA;1;1;0;0;0;0;0;0;0;1;0;;;;;;;;;;;;;
2023-09-23;sábado ;10:05:00;COM VÍTIMA;IBURA;AVENIDA;AVENIDA DOIS RIOS;;;PRÓXIMO A FREVO  E IGREJA EVANGELICA EL SHADAI;IBURA;;;COLISÃO;1;1;0;0;0;0;0;0;0;1;0;;;;;;;;;;;;;
2023-09-23;sábado ;11:00:00;COM VÍTIMA;BOA VIAGEM;AVENIDA;AVENIDA BOA VIAGEM;;;EM FRENTE AO RESTAURANTE CASQUINHO DO TIO;BOA VIAGEM;;;COLISÃO TRASEIRA;2;1;0;0;0;0;0;0;0;1;0;;;;;;;;;;;;;
2023-09-23;sábado ;11:30:00;COM VÍTIMA;BOA VIAGEM;RUA;RUA JOAO DIAS MARTINS;;;APÓS O MAR HOTEL;BOA VIAGEM;;;COLISÃO LATERAL;2;0;0;0;0;0;0;0;0;1;0;;;;;;;;;;;;;
2023-09-23;sábado ;11:40:00;SEM VÍTIMA;SANTO AMARO;AVENIDA;AVENIDA CRUZ CABUGA;;;MERCADO DE SANTO AMARO;SANTO AMARO;;SUBURBIO;CHOQUE;1;0;0;0;0;0;0;0;0;0;0;;;;;;;;;;;;;
2023-09-24;domingo ;12:32:00;COM VÍTIMA;DOIS UNIDOS;AVENIDA;AVENIDA HILDEBRANDO DE VASCONCELOS;;;NA ENTRADA DE DOIS UNIDOS, NA PONTE;DOIS UNIDOS;;;COLISÃO;0;0;0;0;0;0;0;0;0;1;0;;;;;;;;;;;;;
2023-09-24;domingo ;06:12:00;COM VÍTIMA;IBURA;AVENIDA;AVENIDA PERNAMBUCO;;;UR 3 / NA CURVA ANTES DA HAMBURGUERIA TITANIUM / PX AO COLEGIO POLE VALENTE;IBURA;;;COLISÃO LATERAL;0;1;0;0;0;0;0;0;0;1;0;;;;;;;;;;;;;
2023-09-24;domingo ;09:10:00;COM VÍTIMA;AREIAS;AVENIDA;AVENIDA DR JOSE RUFINO;;;EM  FRENTE A IGREJA PRESBITERIANA;AREIAS;;;COLISÃO LATERAL;1;1;0;0;0;0;0;0;0;1;0;;;;;;;;;;;;;
2023-09-24;domingo ;09:17:00;COM VÍTIMA;CABANGA;RUA;RUA NOVA DA CABANGA;;;PROX AO CAMPO DE FUTEBOL E AO VIADUTO CAPITAO TEMUDO;CABANGA;;;COLISÃO LATERAL;0;1;0;0;0;0;0;0;0;1;0;;;;;;;;;;;;;
2023-09-24;domingo ;01:41:00;COM VÍTIMA;FUNDAO;RUA;RUA CORONEL URBANO RIBEIRO DE SENA;;;AO ALDO A PADARIA SUBLIME PÃO;FUNDAO;;;ATROPELAMENTO DE PESSOA;0;0;0;0;1;0;1;0;0;1;0;;;;;;;;;;;;;
2023-09-24;domingo ;04:58:00;COM VÍTIMA;BOA VIAGEM;AVENIDA;AVENIDA ENGENHEIRO DOMINGOS FERREIRA;;;E/F A FARMACIA PAGUE MENOS;BOA VIAGEM;;;COLISÃO TRASEIRA;1;1;0;0;0;0;0;0;0;1;0;;;;;;;;;;;;;
2023-09-24;domingo ;05:03:00;COM VÍTIMA;BAIRRO DO RECIFE;CAIS;CAIS DO APOLO;AVENIDA;AVENIDA MILITAR;PROXIMO A PCR;BAIRRO DO RECIFE;;;COLISÃO;1;0;0;0;0;0;0;0;0;1;0;;;;;;;;;;;;;
2023-09-24;domingo ;08:07:00;COM VÍTIMA;CASA AMARELA;RUA;RUA PROFESSOR ALVARO LIMA;;;EST DO ENCANAMENTO;CASA AMARELA;;;COLISÃO LATERAL;1;1;0;0;0;0;0;0;0;1;0;;;;;;;;;;;;;
2023-09-25;segunda-feira ;06:55:00;COM VÍTIMA;CAXANGA;AVENIDA;AVENIDA CAXANGA;;;PROX. A IGREJA ASSEMBLEIA DE DEUS  NOVAS DE PAZ;CAXANGA;;;COLISÃO LATERAL;0;1;0;0;0;0;0;1;0;1;0;;;;;;;;;;;;;
2023-09-25;segunda-feira ;07:09:00;COM VÍTIMA;SANTO AMARO;AVENIDA;AVENIDA DR JAYME DA FONTE;;;AO LADO DA COMPESA;SANTO AMARO;;;COLISÃO LATERAL;1;1;0;0;0;0;0;0;0;1;0;;;;;;;;;;;;;
2023-09-25;segunda-feira ;09:10:00;COM VÍTIMA;JAQUEIRA;RUA;RUA MUNIZ TAVARES;;;PROX. A PRAÇA FLEMING E PET SHOP CÃO Q RI;JAQUEIRA;;;COLISÃO LATERAL;0;1;0;0;0;0;0;0;0;1;0;;;;;;;;;;;;;
2023-09-25;segunda-feira ;10:11:00;COM VÍTIMA;SAO JOSE;AVENIDA;AVENIDA SUL;;;PROX AO QUARTEL DA ROCAN;SAO JOSE;;;COLISÃO TRASEIRA;0;1;0;0;0;0;0;0;0;1;0;;;;;;;;;;;;;
2023-09-25;segunda-feira ;10:58:00;SEM VÍTIMA;SANTO AMARO;AVENIDA;AVENIDA CRUZ CABUGA;;;LADO OPOSTO A CASA DA INDÚSTRIA;SANTO AMARO;;SUBURBIO;CHOQUE;0;0;0;0;0;0;0;0;1;0;0;;;;;;;;;;;;;
2023-09-25;segunda-feira ;12:09:00;COM VÍTIMA;IMBIRIBEIRA;RUA;RUA ARQUITETO LUIZ NUNES;;;AO LADO ESCOLA ANITA GARIBALDA / PROX A LAGOA DO ARAÇA;IMBIRIBEIRA;632;;COLISÃO TRASEIRA;0;1;0;0;0;0;0;0;0;1;0;;;;;;;;;;;;;
2023-09-25;segunda-feira ;12:35:00;COM VÍTIMA;BOA VIAGEM;RUA;RUA DOS NAVEGANTES;;;PROX AO EDIFICIO ANDA LUCIA;BOA VIAGEM;;;COLISÃO;0;1;0;0;0;0;0;0;0;1;0;;;;;;;;;;;;;
2023-09-25;segunda-feira ;12:58:00;COM VÍTIMA;BOA VIAGEM;AVENIDA;AVENIDA CONSELHEIRO AGUIAR;RUA;RUA FELIX DE BRITO E MELO;POR TRAS DA PADARIA BOA VIAGEM;BOA VIAGEM;;;ATROPELAMENTO DE PESSOA;1;0;0;0;1;0;0;0;0;1;0;;;;;;;;;;;;;
2023-09-25;segunda-feira ;01:22:00;COM VÍTIMA;SAO JOSE;RUA;RUA FLORIANO PEIXOTO;;;AO LADO DA CASA DA CULTURA / PROXIMO A ESTAÇÃO DO METRO DO RECIFE;SAO JOSE;;;COLISÃO FRONTAL;1;1;0;0;0;0;0;0;0;1;0;;;;;;;;;;;;;
2023-09-25;segunda-feira ;01:56:00;COM VÍTIMA;BEBERIBE;RUA;RUA COMPOSITOR VINICIUS DE MORAIS;;;POR TRAS DO MERCADO DE BEBERIBE NA PISTA NOVA;BEBERIBE;;;COLISÃO;0;1;0;0;0;0;0;0;0;1;0;;;;;;;;;;;;;
2023-09-25;segunda-feira ;02:17:00;COM VÍTIMA;CORDEIRO;AVENIDA;AVENIDA MAURICIO DE NASSAU;;;PROXIMO AO GOE;CORDEIRO;;;COLISÃO LATERAL;1;1;0;0;0;0;0;0;0;1;0;;;;;;;;;;;;;
2023-09-25;segunda-feira ;02:40:00;COM VÍTIMA;MADALENA;RUA;RUA REAL DA TORRE;;;DEPOIS DO MERCADO DA MADALENA E PROX A MARCOS EQUIPADORA  ANTES DO TUNEL DA ABOLIÇÃO;MADALENA;;;COLISÃO;2;0;0;0;0;0;0;0;0;1;0;;;;;;;;;;;;;
2023-09-25;segunda-feira ;03:54:00;COM VÍTIMA;PRADO;RUA;RUA RICARDO SALAZAR;;;GIRADOURO PROXIMO AO SALÃO DE BELEZA NETO;PRADO;;;COLISÃO;0;1;0;0;0;0;0;0;0;1;0;;;;;;;;;;;;;
2023-09-25;segunda-feira ;05:07:00;COM VÍTIMA;IMBIRIBEIRA;AVENIDA;AVENIDA MARECHAL MASCARENHAS DE MORAES;;;AO LADO DA TOYOTA S/T AFOGADOS;IMBIRIBEIRA;;;COLISÃO LATERAL;1;1;0;0;0;0;0;0;0;1;0;;;;;;;;;;;;;
2023-09-25;segunda-feira ;05:47:00;COM VÍTIMA;BONGI;AVENIDA;AVENIDA ENGENHEIRO ABDIAS DE CARVALHO;;;FACULDADE ESTACIO;BONGI;;;COLISÃO;0;1;0;0;0;0;0;0;0;1;0;;;;;;;;;;;;;
2023-09-25;segunda-feira ;06:11:00;COM VÍTIMA;HIPODROMO;RUA;RUA MARQUES DE BAIPENDI;;;PROXIMO AO CALDINHO DA ZEZE;HIPODROMO;;;COLISÃO;0;1;0;0;0;0;0;0;0;1;0;;;;;;;;;;;;;
2023-09-25;segunda-feira ;06:22:00;COM VÍTIMA;PAISSANDU;AVENIDA;AVENIDA GOVERNADOR AGAMENON MAGALHAES;;;MEMORIAL SÃO JOSE;PAISSANDU;;;COLISÃO;0;1;0;0;0;0;0;0;0;1;0;;;;;;;;;;;;;
2023-09-25;segunda-feira ;06:46:00;COM VÍTIMA;ARRUDA;AVENIDA;AVENIDA BEBERIBE;;;FEIRA NOVA DE AGUA FRIA;ARRUDA;;;COLISÃO;0;1;0;0;0;0;0;0;0;1;0;;;;;;;;;;;;;
2023-09-25;segunda-feira ;11:38:00;COM VÍTIMA;JIQUIA;RUA;RUA SAO MIGUEL;;;PRÓXIMO AO BODE DO NÔ;JIQUIA;;;COLISÃO TRANSVERSAL;1;1;0;0;0;0;0;0;0;2;0;;;;;;;;;;;;;
2023-09-26;terça-feira ;01:14:00;COM VÍTIMA;DERBY;PRC;PRC PROFESSOR AGAMENON MAGALHAES;;;COM A AV GOV CARLOS DE LIMA  CAVALCANTI;DERBY;;;COLISÃO TRANSVERSAL;0;2;0;0;0;0;0;0;0;1;0;;;;;;;;;;;;;
2023-09-26;terça-feira ;06:19:00;COM VÍTIMA;BOA VIAGEM;AVENIDA;AVENIDA ENGENHEIRO DOMINGOS FERREIRA;RUA;RUA PADRE BERNADINO PESSOA;NO SEMAFORO 144;BOA VIAGEM;;;COLISÃO COM CICLISTA;1;0;0;1;0;0;0;0;0;1;0;;;;;;;;;;;;;
2023-09-26;terça-feira ;07:47:00;COM VÍTIMA;DERBY;AVENIDA;AVENIDA GOVERNADOR AGAMENON MAGALHAES;RUA;RUA JOAQUIM NABUCO;;DERBY;174;;COLISÃO TRANSVERSAL;1;1;0;0;0;0;0;0;0;1;0;;;;;;;;;;;;;
2023-09-26;terça-feira ;08:14:00;COM VÍTIMA;TORROES;RUA;RUA ZUMBI DOS PALMARES;;;PROX AO MERCADINHO VEM QUE TEM / PROX AO DEPOSITO BRASIL GÁS;TORROES;;;COLISÃO;0;1;0;0;0;0;0;0;0;1;0;;;;;;;;;;;;;
2023-09-26;terça-feira ;08:50:00;COM VÍTIMA;IPUTINGA;AVENIDA;AVENIDA MAURICIO DE NASSAU;;;PROX AO SUPERMERCADO RENDE MAIS;IPUTINGA;;;COLISÃO;1;1;0;0;1;0;0;0;0;1;0;;;;;;;;;;;;;
2023-09-26;terça-feira ;01:14:00;COM VÍTIMA;BAIRRO DO RECIFE;AVENIDA;AVENIDA MILITAR;;;POSTO DE GASOLINA // PREFEITURA DO RECIFE;BAIRRO DO RECIFE;;;COLISÃO;0;1;0;0;0;0;0;0;0;1;0;;;;;;;;;;;;;
2023-09-26;terça-feira ;01:55:00;COM VÍTIMA;CAMPO GRANDE;EST;EST DE BELEM;;;PX AO POSTO PETRONAC // PX A MULTIBOM // EM FRENTE A CLÍNICA CENTRAL;CAMPO GRANDE;;;COLISÃO;2;0;0;0;0;0;0;0;0;1;0;;;;;;;;;;;;;
2023-09-26;terça-feira ;02:01:00;COM VÍTIMA;PAISSANDU;AVENIDA;AVENIDA GOVERNADOR AGAMENON MAGALHAES;;;EM FRENTE AO HOSPITAL PORTUGUES;PAISSANDU;;;COLISÃO LATERAL;1;1;0;0;0;0;0;0;0;1;0;;;;;;;;;;;;;
2023-09-26;terça-feira ;02:48:00;COM VÍTIMA;IBURA;RUA;RUA FRANCISCO BELTRAO;;;CONSELHO TUTELAR // SUBINDO A LADEIRA;IBURA;;;COLISÃO;0;1;0;0;0;0;0;0;0;1;0;;;;;;;;;;;;;
2023-09-26;terça-feira ;02:48:00;COM VÍTIMA;MACAXEIRA;AVENIDA;AVENIDA NORTE MIGUEL ARRAES DE ALENCAR;;;PROX A PRAÇA DA MACAXEIRA;MACAXEIRA;;;COLISÃO;0;1;0;0;0;0;0;0;0;1;0;;;;;;;;;;;;;
2023-09-26;terça-feira ;02:52:00;SEM VÍTIMA;DOIS UNIDOS;RUA;RUA ALTO DO MARACANA;;;PADARIA ALTO DO MARACANA;DOIS UNIDOS;;;COLISÃO;2;0;0;0;0;0;0;0;0;0;0;;;;;;;;;;;;;
2023-09-26;terça-feira ;03:58:00;COM VÍTIMA;IMBIRIBEIRA;RUA;RUA SARGENTO SILVINO DE MACEDO;;;POR TRAZ DO VIA CLUBE // MOTEL FANTASY;IMBIRIBEIRA;;;COLISÃO;0;1;0;0;0;0;0;0;0;1;0;;;;;;;;;;;;;