data;dia_semana;hora;natureza;bairro;logradouro_endereco;endereco;logradouro_detalhe_endereço;detalhe_endereco_acidente;complemento;bairro_cruzamento;num_semaforo;sentido_via;tipo;auto;moto;ciclom;ciclista;pedestre;onibus;caminhao;viatura;outros;vitimas;vitimasfatais;acidente_verificado;tempo_clima;situacao_semaforo;sinalizacao;condicao_via;conservacao_via;ponto_controle;situacao_placa;velocidade_max_via;mao_direcao;divisao_via1;divisao_via2;divisao_via3
2023-09-26;terça-feira ;04:22:00;COM VÍTIMA;PINA;AVENIDA;AVENIDA REPUBLICA DO LIBANO;;;SHOOPING RIO MAR;PINA;;;COLISÃO;0;1;0;0;0;0;0;0;0;1;0;;;;;;;;;;;;;
2023-09-26;terça-feira ;04:28:00;COM VÍTIMA;SANTO AMARO;AVENIDA;AVENIDA CRUZ CABUGA;;;PRAÇA TACARUNA OPOSTO A ESTACAO BRT;SANTO AMARO;;;COLISÃO;1;1;0;0;0;0;0;0;0;1;0;;;;;;;;;;;;;
2023-09-26;terça-feira ;07:29:00;COM VÍTIMA;ROSARINHO;AVENIDA;AVENIDA NORTE MIGUEL ARRAES DE ALENCAR;AVENIDA;AVENIDA SANTOS DUMONT;PRÓXIMO A PADARIA ROSARINHO;ROSARINHO;;;COLISÃO;0;0;0;0;0;0;0;0;0;1;0;;;;;;;;;;;;;
2023-09-26;terça-feira ;09:28:00;COM VÍTIMA;DOIS IRMAOS;RUA;RUA MANUEL DE MEDEIROS;;;APÓS A UNIVERSIDADE RURAL;DOIS IRMAOS;;;COLISÃO;0;1;0;0;0;0;0;0;0;1;0;;;;;;;;;;;;;
2023-09-27;quarta-feira ;07:28:00;COM VÍTIMA;IMBIRIBEIRA;AVENIDA;AVENIDA MARECHAL MASCARENHAS DE MORAES;;;EM FRENTE A POSTO DE COMBUSTIVEL IPIRANGA SENTIDO AEROPORTO / EM FRENTE A LOJA GRILO;IMBIRIBEIRA;;;QUEDA;0;1;0;0;0;0;0;0;0;1;0;;;;;;;;;;;;;
2023-09-27;quarta-feira ;07:43:00;COM VÍTIMA;CAMPO GRANDE;RUA;RUA SAO CAETANO;RUA;RUA PROFESSOR FRANCISCO DA TRINDADE;PROX. AO CLUBE DAS PAS;CAMPO GRANDE;;;COLISÃO LATERAL;0;1;0;0;0;0;0;0;0;1;0;;;;;;;;;;;;;
2023-09-27;quarta-feira ;07:46:00;COM VÍTIMA;VARZEA;AVENIDA;AVENIDA AFONSO OLINDENSE;;;PROX. A SECRETARIA DE EDUCAÇÃO;VARZEA;;;COLISÃO LATERAL;0;1;0;0;0;0;0;0;0;1;0;;;;;;;;;;;;;
2023-09-27;quarta-feira ;08:52:00;COM VÍTIMA;SANTO AMARO;AVENIDA;AVENIDA MARIO MELO;;;PRÓX A ESQUINA DO CEMITÉRIO DE SANTO AMARO;SANTO AMARO;;;COLISÃO;1;1;0;0;0;0;0;0;0;1;0;;;;;;;;;;;;;
2023-09-27;quarta-feira ;10:08:00;COM VÍTIMA;IPUTINGA;EST;EST DO BARBALHO;;;PARALELA COM ANTIGO BOMPREÇO DA CAXANGA;IPUTINGA;;;COLISÃO;1;1;0;0;0;0;0;0;0;1;0;;;;;;;;;;;;;
2023-09-27;quarta-feira ;11:37:00;COM VÍTIMA;AFOGADOS;RUA;RUA QUITERIO INACIO DE MELLO;;;EM FRENTE A LOJA BRASIL;AFOGADOS;;;QUEDA;0;1;0;0;0;0;0;0;0;1;0;;;;;;;;;;;;;
2023-09-27;quarta-feira ;12:50:00;COM VÍTIMA;IPUTINGA;AVENIDA;AVENIDA MAURICIO DE NASSAU;RUA;RUA N S DA SAUDE;PROX AO PARQUE DO CAIARA;IPUTINGA;88;;COLISÃO COM CICLISTA;0;1;0;1;0;0;0;0;0;1;0;;;;;;;;;;;;;
2023-09-27;quarta-feira ;01:36:00;COM VÍTIMA;BOA VIAGEM;RUA;RUA JOAQUIM BANDEIRA;;;E/F A MARFEMA MATERIAIS  ELETRICOS    E A ESTAÇAO ANTONIO FALCAO;BOA VIAGEM;;;COLISÃO TRASEIRA;1;1;0;0;0;0;0;0;0;1;0;;;;;;;;;;;;;
2023-09-27;quarta-feira ;02:16:00;COM VÍTIMA;BOA VISTA;RUA;RUA DOM BOSCO;;;EM FRENTE AO ESTACIONAMENTO SANPARK;BOA VISTA;;;COLISÃO;1;1;0;0;0;0;0;0;0;1;0;;;;;;;;;;;;;
2023-09-27;quarta-feira ;02:21:00;COM VÍTIMA;IMBIRIBEIRA;AVENIDA;AVENIDA RECIFE;;;CHURRASCARIA SAL E BRASA // VIADUTO TRANQUEDO NEVES;IMBIRIBEIRA;;;COLISÃO LATERAL;0;1;0;0;0;0;0;0;0;1;0;;;;;;;;;;;;;
2023-09-27;quarta-feira ;04:43:00;COM VÍTIMA;VARZEA;RUA;RUA ANTONIO PEREIRA;;;PROXIMO AO TIP;VARZEA;;;COLISÃO FRONTAL;0;1;0;0;0;1;0;0;0;2;0;;;;;;;;;;;;;
2023-09-27;quarta-feira ;05:52:00;COM VÍTIMA;VARZEA;RUA;RUA GASTAO VIDIGAL;;;UPA DA CAXANGÁ;VARZEA;;;COLISÃO COM CICLISTA;1;0;0;1;0;0;0;0;0;1;0;;;;;;;;;;;;;
2023-09-27;quarta-feira ;06:06:00;COM VÍTIMA;IMBIRIBEIRA;AVENIDA;AVENIDA MARECHAL MASCARENHAS DE MORAES;;;IDRA IPV;IMBIRIBEIRA;;;COLISÃO;0;1;0;1;0;0;0;0;0;1;0;;;;;;;;;;;;;
2023-09-27;quarta-feira ;06:13:00;COM VÍTIMA;AFOGADOS;EST;EST DOS REMEDIOS;;;E/F NOVO ATACAREJO;AFOGADOS;;;COLISÃO;0;1;0;0;0;0;0;0;0;1;0;;;;;;;;;;;;;
2023-09-27;quarta-feira ;08:21:00;COM VÍTIMA;MADALENA;RUA;RUA JOSE BONIFACIO;;;EM FRENTE AO RESTAURANTE JOÃO DA CARNE DE SOL;MADALENA;;;COLISÃO TRASEIRA;1;1;0;0;0;0;0;0;0;1;0;;;;;;;;;;;;;
2023-09-27;quarta-feira ;09:05:00;COM VÍTIMA;ARRUDA;RUA;RUA DAS MOCAS;RUA;RUA ZEFERINO AGRA;E/F AO RESTAURANTE KA COLÉ;ARRUDA;;;COLISÃO LATERAL;1;1;0;0;0;0;0;0;0;1;0;;;;;;;;;;;;;
2023-09-28;quinta-feira ;07:27:00;COM VÍTIMA;ESPINHEIRO;AVENIDA;AVENIDA GOVERNADOR AGAMENON MAGALHAES;;;PROX. AO CLUBE PORTUGUES E MC´DONALD;ESPINHEIRO;;;COLISÃO LATERAL;0;1;0;0;0;0;0;0;0;1;0;;;;;;;;;;;;;
2023-09-28;quinta-feira ;11:25:00;COM VÍTIMA;ESPINHEIRO;RUA;RUA DR FERNANDO ALLAIN;RUA;RUA MARQUES DO PARANA;POR TRÁS DO MINISTERIO DO TRABALHO / PROX AO MARTELINHO DE OURO;ESPINHEIRO;;;COLISÃO;1;1;0;0;0;0;0;0;0;1;0;;;;;;;;;;;;;
2023-09-28;quinta-feira ;12:14:00;COM VÍTIMA;ENCRUZILHADA;AVENIDA;AVENIDA JOAO DE BARROS;;;EM FRENTE A FEDERAÇÃO ESPÍRITA PERNAMBUCANA;ENCRUZILHADA;;;COLISÃO;1;1;0;0;0;0;0;0;0;1;0;;;;;;;;;;;;;
2023-09-28;quinta-feira ;12:43:00;COM VÍTIMA;CIDADE UNIVERSITARIA;AVENIDA;AVENIDA PROFESSOR ARTUR DE SA;;;PROXIMO AO BAR DA KELLY E AO CEMITERIO DA VARZEA;CIDADE UNIVERSITARIA;;;COLISÃO LATERAL;0;1;0;0;0;0;0;0;0;1;0;;;;;;;;;;;;;
2023-09-28;quinta-feira ;01:42:00;COM VÍTIMA;BOA VIAGEM;RUA;RUA BALTAZAR PASSOS;;;PROXIMO A CULTURA INGLEZA // PADARIA PAN JOVEM;BOA VIAGEM;;;COLISÃO;0;1;0;0;0;0;0;0;0;1;0;;;;;;;;;;;;;
2023-09-28;quinta-feira ;03:33:00;COM VÍTIMA;BOA VIAGEM;RUA;RUA PROFESSOR JOSE BRANDAO;;;E/F AO EDF RIO SENA  ESQUINA DA  CLINICA ARMINDO MOURA;BOA VIAGEM;;;ATROPELAMENTO DE PESSOA;1;0;0;0;3;0;0;0;0;1;0;;;;;;;;;;;;;
2023-09-28;quinta-feira ;03:50:00;COM VÍTIMA;IMBIRIBEIRA;AVENIDA;AVENIDA SUL;;;EM BAIXO DO VIADUTO TANCREDO NEVES E PROXIMO A ESTAÇÃO TANCREDO NEVES;IMBIRIBEIRA;;;COLISÃO FRONTAL;0;1;0;0;0;1;0;0;0;1;0;;;;;;;;;;;;;
2023-09-28;quinta-feira ;04:00:00;COM VÍTIMA;TORRE;RUA;RUA REAL DA TORRE;;;PROXIMO A LOJA DA SHINERAY;TORRE;;;COLISÃO;0;1;0;0;0;0;0;0;0;1;0;;;;;;;;;;;;;
2023-09-28;quinta-feira ;04:36:00;COM VÍTIMA;SANTO AMARO;AVENIDA;AVENIDA CRUZ CABUGA;;;EMBAIXO DO VIADUTO  DO TACARUNA ENGENHEIRO ROBERTO  PEREIRA DE CARVALHO;SANTO AMARO;;;COLISÃO TRASEIRA;1;1;0;0;0;0;0;0;0;1;0;;;;;;;;;;;;;
2023-09-28;quinta-feira ;07:06:00;COM VÍTIMA;JOANA BEZERRA;PTE;PTE JOAQUIM CARDOSO;TRV;TRV DO RAPOSO;;JOANA BEZERRA;;;COLISÃO;1;1;0;0;0;0;0;0;0;1;0;;;;;;;;;;;;;
2023-09-28;quinta-feira ;07:32:00;COM VÍTIMA;JOANA BEZERRA;VIADUTO;VIADUTO CAPITAO TEMUDO;;;;JOANA BEZERRA;;;QUEDA;0;1;0;0;0;0;0;0;0;1;0;;;;;;;;;;;;;
2023-09-29;sexta-feira ;07:15:00;COM VÍTIMA;CABANGA;PTE;PTE GOVERNADOR PAULO GUERRA;;;APÓS AO CABANGA / SOBRE O VIADUTO DO PAULO GUERRA;CABANGA;;;QUEDA;0;1;0;0;0;0;0;0;0;2;0;;;;;;;;;;;;;
2023-09-29;sexta-feira ;08:27:00;COM VÍTIMA;ENCRUZILHADA;AVENIDA;AVENIDA BEBERIBE;;;EM FRENTE AO BANCO DO BRASIL;ENCRUZILHADA;;;COLISÃO LATERAL;0;2;0;0;0;0;0;0;0;2;0;;;;;;;;;;;;;
2023-09-29;sexta-feira ;09:34:00;COM VÍTIMA;CASA AMARELA;RUA;RUA PADRE LEMOS;;;EM FRENTE A MATIAS PEÇAS;CASA AMARELA;;;COLISÃO LATERAL;1;1;0;0;0;0;0;0;0;1;0;;;;;;;;;;;;;
2023-09-29;sexta-feira ;10:27:00;COM VÍTIMA;DOIS IRMAOS;RUA;RUA MANUEL DE MEDEIROS;;;PROX. AO RESTAURANTE GUARIBA;DOIS IRMAOS;;;COLISÃO COM CICLISTA;1;0;0;1;0;0;0;0;0;1;0;;;;;;;;;;;;;
2023-09-29;sexta-feira ;10:44:00;COM VÍTIMA;SANTO AMARO;RUA;RUA DA AURORA;;;PROX AO BANCO CENTRAL;SANTO AMARO;;;COLISÃO TRASEIRA;1;1;0;0;0;0;0;0;0;1;0;;;;;;;;;;;;;
2023-09-29;sexta-feira ;12:00:00;COM VÍTIMA;MADALENA;AVENIDA;AVENIDA CAXANGA;;;EM FRENTE AO COMPAZ / SENTIDO CAMARAGIBE;MADALENA;;;COLISÃO;0;1;0;0;0;0;0;0;0;1;0;;;;;;;;;;;;;
2023-09-29;sexta-feira ;02:02:00;COM VÍTIMA;MUSTARDINHA;AVENIDA;AVENIDA MANOEL GONCALVES DA LUZ;;;E/F AO SUPERMERCADO TEM;MUSTARDINHA;;;COLISÃO LATERAL;0;2;0;0;0;0;0;0;0;1;0;;;;;;;;;;;;;
2023-09-29;sexta-feira ;04:39:00;COM VÍTIMA;TORRE;AVENIDA;AVENIDA BEIRA RIO;;;AO LADO DO MARTELINHO DE OURO  E/F AO EDF AVA GARDNER;TORRE;;;COLISÃO;1;1;0;0;0;0;0;0;0;1;0;;;;;;;;;;;;;
2023-09-29;sexta-feira ;07:06:00;COM VÍTIMA;SANTO AMARO;AVENIDA;AVENIDA GOVERNADOR AGAMENON MAGALHAES;;;APÓS O SEMÁFORO 378;SANTO AMARO;;;COLISÃO;1;1;0;0;0;0;0;0;0;1;0;;;;;;;;;;;;;
2023-09-29;sexta-feira ;08:53:00;COM VÍTIMA;VARZEA;AVENIDA;AVENIDA CAXANGA;;;EM FRENTE A DROGRASIL;VARZEA;;;COLISÃO;0;1;0;0;0;0;0;0;0;3;0;;;;;;;;;;;;;
2023-09-29;sexta-feira ;09:37:00;COM VÍTIMA;ESPINHEIRO;RUA;RUA DO ESPINHEIRO;;;COM RUA SANTO ELIAS;ESPINHEIRO;;;COLISÃO TRANSVERSAL;1;1;0;0;0;0;0;0;0;1;0;;;;;;;;;;;;;
2023-09-29;sexta-feira ;11:51:00;COM VÍTIMA;ILHA DO RETIRO;RUA;RUA JOAO ELISIO RAMOS;;;AO LADO DO ESTÁDIO DA ILHA DO RETIRO;ILHA DO RETIRO;;;COLISÃO;0;1;0;0;0;0;0;0;0;1;0;;;;;;;;;;;;;
2023-09-30;sábado ;05:50:00;COM VÍTIMA;BONGI;RUA;RUA COSME VIANA;;;COM  A RUA ALFRELDO BUARQUE;BONGI;430;;COLISÃO;0;2;0;0;0;0;0;0;0;3;0;;;;;;;;;;;;;
2023-09-30;sábado ;06:56:00;COM VÍTIMA;IMBIRIBEIRA;AVENIDA;AVENIDA MARECHAL MASCARENHAS DE MORAES;;;EM FRENTE A FERREIRA COSTA, SENT. AFOGADOS;IMBIRIBEIRA;;;COLISÃO LATERAL;0;1;0;0;0;0;0;0;0;1;0;;;;;;;;;;;;;
2023-09-30;sábado ;06:59:00;COM VÍTIMA;TORROES;AVENIDA;AVENIDA ENGENHEIRO ABDIAS DE CARVALHO;;;FRENTE UPA DA ABDIAS;TORROES;;;;1;1;0;0;0;0;0;0;0;1;0;;;;;;;;;;;;;
2023-09-30;sábado ;07:45:00;COM VÍTIMA;JOANA BEZERRA;AVENIDA;AVENIDA GOVERNADOR AGAMENON MAGALHAES;;;APOS HOSPITAL PORTUGUES;JOANA BEZERRA;;;COLISÃO;1;1;0;0;0;0;0;0;0;1;0;;;;;;;;;;;;;
2023-09-30;sábado ;07:46:00;COM VÍTIMA;ROSARINHO;AVENIDA;AVENIDA NORTE MIGUEL ARRAES DE ALENCAR;;;PROX A PADARIA DO ROSARINHO;ROSARINHO;;;ATROPELAMENTO DE PESSOA;0;1;0;0;1;0;0;0;0;1;0;;;;;;;;;;;;;
2023-09-30;sábado ;08:03:00;COM VÍTIMA;AREIAS;AVENIDA;AVENIDA DR JOSE RUFINO;;;EM FRENTE AO TREINAMENTO DA HONDA, APOS O SENAI  SENT.  CIDADE;AREIAS;;;COLISÃO LATERAL;0;1;0;0;0;0;0;0;0;1;0;;;;;;;;;;;;;
2023-09-30;sábado ;09:10:00;COM VÍTIMA;IMBIRIBEIRA;AVENIDA;AVENIDA MARECHAL MASCARENHAS DE MORAES;;;EM FRENTE A TUPAN, SENT. CIDADE, PROX. AO VIADUTO TANCREDO NEVES;IMBIRIBEIRA;;;COLISÃO LATERAL;0;1;0;0;0;0;0;0;0;1;0;;;;;;;;;;;;;
2023-09-30;sábado ;09:29:00;COM VÍTIMA;BOA VIAGEM;AVENIDA;AVENIDA ENGENHEIRO DOMINGOS FERREIRA;;;EM FRENTE A DELEGACIA DE BOA VIAGEM;BOA VIAGEM;;;COLISÃO LATERAL;0;1;0;0;0;0;0;0;0;1;0;;;;;;;;;;;;;
2023-09-30;sábado ;09:39:00;COM VÍTIMA;IMBIRIBEIRA;RUA;RUA JOAQUIM BANDEIRA;;;EMBAIXO DO PONTILHÃO DA ESTAÇÃO ANTONIO FALCAO;IMBIRIBEIRA;;;COLISÃO LATERAL;0;1;0;0;0;0;0;0;0;1;0;;;;;;;;;;;;;
2023-09-30;sábado ;10:01:00;COM VÍTIMA;SAO JOSE;AVENIDA;AVENIDA SUL;;;EM FRENTE A EMPRESA PORTELA, SENT. CAIS DE SANTA RITA;SAO JOSE;;;COLISÃO LATERAL;0;1;0;0;0;0;0;0;0;1;0;;;;;;;;;;;;;
2023-09-30;sábado ;10:03:00;COM VÍTIMA;IBURA;AVENIDA;AVENIDA RIO SAO FRANCISCO;;;PROX. AO COLEGIO POLIVALENTE , E PARAD DAS IGREJAS;IBURA;;;COLISÃO LATERAL;0;1;0;0;0;0;0;0;0;1;0;;;;;;;;;;;;;
2023-09-30;sábado ;10:32:00;COM VÍTIMA;PORTO DA MADEIRA;AVENIDA;AVENIDA BEBERIBE;;;EM FRENTE AO REI DO ARRUMADINHO E O CONJUNTO JOAO PAULO II;PORTO DA MADEIRA;;;COLISÃO LATERAL;0;1;0;0;0;0;0;0;0;1;0;;;;;;;;;;;;;
2023-09-30;sábado ;10:41:00;COM VÍTIMA;CORDEIRO;AVENIDA;AVENIDA GENERAL SAN MARTIN;;;EM FRENTE AO HOSPITAL GETULIO VARGAS;CORDEIRO;;;COLISÃO LATERAL;0;1;0;0;0;0;0;0;0;1;0;;;;;;;;;;;;;
2023-09-30;sábado ;11:19:00;COM VÍTIMA;TORROES;EST;EST DO FORTE DO ARRAIAL N. DO B. JESUS;;;PROX AO ARMAZÉM CASA MODERNA;TORROES;;;COLISÃO;1;1;0;0;0;0;0;0;0;1;0;;;;;;;;;;;;;
2023-09-30;sábado ;11:19:00;COM VÍTIMA;MACAXEIRA;AVENIDA;AVENIDA NORTE MIGUEL ARRAES DE ALENCAR;;;EM FRENTE AO PARQUE DA MACAXEIRA;MACAXEIRA;;;COLISÃO LATERAL;0;1;0;0;0;0;0;0;0;1;0;;;;;;;;;;;;;
2023-09-30;sábado ;03:11:00;COM VÍTIMA;TORROES;AVENIDA;AVENIDA ENGENHEIRO ABDIAS DE CARVALHO;;;PROX AO POSTO SHEL ANTES DA UPA DO TORROES;TORROES;;;COLISÃO LATERAL;0;1;0;0;0;0;0;0;0;1;0;;;;;;;;;;;;;
2023-09-30;sábado ;06:11:00;COM VÍTIMA;IBURA;RUA;RUA JORNALISTA EDSON REGIS;;;AO LADO DO MOTEL CRISTAL;IBURA;;SUBURBIO;COLISÃO FRONTAL;1;1;0;0;0;0;0;0;0;1;0;;;;;;;;;;;;;
2023-09-30;sábado ;06:42:00;COM VÍTIMA;ALTO JOSE BONIFACIO;RUA;RUA ALTO JOSE BONIFACIO;;;ANTES DO COLEGIO CAIO PEREIRA;ALTO JOSE BONIFACIO;;;COLISÃO FRONTAL;0;2;0;0;0;0;0;0;0;2;0;;;;;;;;;;;;;
2023-09-30;sábado ;07:26:00;COM VÍTIMA;CASA FORTE;AVENIDA;AVENIDA DEZESSETE DE AGOSTO;;;EM FRENTE AO CENTRO MÉDICO SENADOR JOSÉ HERMÍNIO DE MORAIS E AO LADO DO POSTO DISLUB;CASA FORTE;;;COLISÃO;2;1;0;0;0;0;0;0;0;1;0;;;;;;;;;;;;;
2023-09-30;sábado ;09:50:00;COM VÍTIMA;PARNAMIRIM;AVENIDA;AVENIDA PARNAMIRIM;;;EM  FRENTE A DROGRASIL;PARNAMIRIM;;;QUEDA;0;1;0;0;0;0;0;0;0;1;0;;;;;;;;;;;;;
2023-10-01;domingo ;12:54:00;COM VÍTIMA;BOA VIAGEM;RUA;RUA RIO AZUL;;;EM FRENTE AO RESTAURANTE MARINHOS;BOA VIAGEM;;;COLISÃO TRASEIRA;1;1;0;0;0;0;0;0;0;1;0;;;;;;;;;;;;;
2023-10-01;domingo ;01:44:00;COM VÍTIMA;IMBIRIBEIRA;AVENIDA;AVENIDA MARECHAL MASCARENHAS DE MORAES;;;EM FRENTE AO GERALDÃO // POSTO DE GASOLINA BR;IMBIRIBEIRA;;;COLISÃO;0;1;0;0;0;0;0;0;0;1;0;;;;;;;;;;;;;
2023-10-01;domingo ;02:19:00;COM VÍTIMA;BOA VIAGEM;RUA;RUA ERNESTO DE PAULA SANTOS;;;PROXIMO AO RESTAURANTE E RODIZIO MUNDO ANIMAL;BOA VIAGEM;;;COLISÃO;0;1;0;0;0;0;0;0;0;1;0;;;;;;;;;;;;;
2023-10-01;domingo ;04:05:00;COM VÍTIMA;ALTO JOSE DO PINHO;RUA;RUA DA MACAIBA;;;PROXIMO A LOJA KATIA MODAS;ALTO JOSE DO PINHO;;;COLISÃO;0;1;0;0;0;0;0;0;0;1;0;;;;;;;;;;;;;
2023-10-01;domingo ;06:41:00;COM VÍTIMA;NOVA DESCOBERTA;AVENIDA;AVENIDA VEREADOR OTACILIO AZEVEDO;;;APOS O SUPERMERCADO TODO DIA DE NOVA DESCOBERTA;NOVA DESCOBERTA;;;COLISÃO;0;1;0;0;0;0;0;0;0;1;0;;;;;;;;;;;;;
2023-10-01;domingo ;10:55:00;COM VÍTIMA;TAMARINEIRA;RUA;RUA CONEGO BARATA;;;E/F AO HOSP. ULISSES PERNAMBUCANO;TAMARINEIRA;;;COLISÃO LATERAL;1;2;0;0;0;0;0;0;0;1;0;;;;;;;;;;;;;
2023-10-02;segunda-feira ;07:19:00;COM VÍTIMA;SANTO AMARO;PTE;PTE DO LIMOEIRO;;;SENTIDO AV NORTE / PROX AO QUARTEL;SANTO AMARO;;;COLISÃO;0;1;0;0;0;0;0;0;0;1;0;;;;;;;;;;;;;
2023-10-02;segunda-feira ;10:47:00;COM VÍTIMA;ILHA JOANA BEZERRA;AVENIDA;AVENIDA GOVERNADOR AGAMENON MAGALHAES;;;EMBAIXO DA PASSARELA ANTES DA PONTE SENT. OLINDA;ILHA JOANA BEZERRA;;;CHOQUE;1;0;0;0;0;0;0;0;0;2;0;;;;;;;;;;;;;
2023-10-02;segunda-feira ;11:11:00;COM VÍTIMA;TAMARINEIRA;RUA;RUA PADRE ROMA;;;ANTES DO POSTO  ALBERT SABIN;TAMARINEIRA;;;COLISÃO;0;1;0;0;0;0;0;0;0;1;0;;;;;;;;;;;;;
2023-10-02;segunda-feira ;11:33:00;COM VÍTIMA;SANTO AMARO;AVENIDA;AVENIDA GOVERNADOR AGAMENON MAGALHAES;;;APOS O VIADUTO DA JOAO DE BARROS, SENT. DERBY;SANTO AMARO;;;COLISÃO LATERAL;0;1;0;0;0;0;0;0;0;1;0;;;;;;;;;;;;;
2023-10-02;segunda-feira ;12:14:00;COM VÍTIMA;MADALENA;RUA;RUA REAL DA TORRE;;;PROX AO POSTO SETTA / E A LOJA AÇAI;MADALENA;;;COLISÃO;1;0;0;0;0;0;0;0;0;1;0;;;;;;;;;;;;;
2023-10-02;segunda-feira ;12:17:00;COM VÍTIMA;BOA VIAGEM;AVENIDA;AVENIDA ENGENHEIRO DOMINGOS FERREIRA;;;PROX AO POSTO BR / EM FRENTE AO BAR BARBARICO;BOA VIAGEM;;;COLISÃO;0;1;0;0;0;0;0;0;0;1;0;;;;;;;;;;;;;
2023-10-02;segunda-feira ;01:07:00;COM VÍTIMA;BOA VIAGEM;AVENIDA;AVENIDA ENGENHEIRO DOMINGOS FERREIRA;;;EM FRENTE AO RESTAURANTE BARBARICO;BOA VIAGEM;;;COLISÃO TRASEIRA;1;1;0;0;0;0;0;0;0;1;0;;;;;;;;;;;;;
2023-10-02;segunda-feira ;01:22:00;COM VÍTIMA;JORDAO;RUA;RUA ALBERTO LUNDGREN;;;PROXIMO AO NUCLEO DA POLICIA/ PRAÇA DO JORDÃO;JORDAO;;;COLISÃO LATERAL;0;1;0;0;0;0;0;1;0;1;0;;;;;;;;;;;;;
2023-10-02;segunda-feira ;01:36:00;COM VÍTIMA;JOANA BEZERRA;AVENIDA;AVENIDA BEIRA RIO;;;PROX AO CAMPO DO BARRO E A ACADEMIA DA CIDADE;JOANA BEZERRA;;;COLISÃO;0;1;0;0;0;0;0;0;0;1;0;;;;;;;;;;;;;
2023-10-02;segunda-feira ;03:18:00;COM VÍTIMA;BOA VIAGEM;AVENIDA;AVENIDA ENGENHEIRO DOMINGOS FERREIRA;;;EM FRENTE A ROMARRI DECORAÇÕES;BOA VIAGEM;;;COLISÃO LATERAL;2;1;0;0;0;0;0;0;0;1;0;;;;;;;;;;;;;
2023-10-02;segunda-feira ;07:02:00;COM VÍTIMA;ARRUDA;AVENIDA;AVENIDA BEBERIBE;;;PRÓXIMO AO BATEPAPO/ LOGO APÓS O ARMAZÉM CANAL DA CONSTRUÇÃO;ARRUDA;;;COLISÃO;1;1;0;0;0;0;0;0;0;2;0;;;;;;;;;;;;;
2023-10-02;segunda-feira ;07:35:00;COM VÍTIMA;IPUTINGA;EST;EST DO BARBALHO;;;PROXIMO AO ANTIGO HIPER BOMPREÇO;IPUTINGA;;;COLISÃO;0;1;0;0;0;0;0;0;0;1;0;;;;;;;;;;;;;
2023-10-02;segunda-feira ;08:08:00;COM VÍTIMA;VARZEA;AVENIDA;AVENIDA CAXANGA;;;EM FRENTE AO GOLF CLUB PXÓXIMO  A PARADA DO BRT;VARZEA;;SUBURBIO;COLISÃO;0;1;0;0;0;0;0;0;0;1;0;;;;;;;;;;;;;
2023-10-02;segunda-feira ;10:24:00;COM VÍTIMA;DERBY;AVENIDA;AVENIDA GOVERNADOR AGAMENON MAGALHAES;PRC;PRC DO DERBY;ESTAÇÃO DO BRT;DERBY;75;SUBURBIO;QUEDA;0;1;0;0;0;0;0;0;0;2;0;;;;;;;;;;;;;
2023-10-03;terça-feira ;08:06:00;COM VÍTIMA;ENCRUZILHADA;AVENIDA;AVENIDA BEBERIBE;;;EM FRENTE A FERREIRA PINTO;ENCRUZILHADA;;;COLISÃO;1;1;0;0;0;0;0;0;0;1;0;;;;;;;;;;;;;
2023-10-03;terça-feira ;08:41:00;COM VÍTIMA;TOTO;AVENIDA;AVENIDA LIBERDADE;;;NA ENTRADA DO CEMITERIO PARQUE DAS FLORES;TOTO;;;COLISÃO LATERAL;0;1;0;0;0;0;0;0;0;1;0;;;;;;;;;;;;;
2023-10-03;terça-feira ;08:45:00;COM VÍTIMA;ENCRUZILHADA;RUA;RUA QUARENTA E OITO;;;REALIZAR VARREDURA;ENCRUZILHADA;;;COLISÃO LATERAL;0;0;0;0;0;0;0;0;0;1;0;;;;;;;;;;;;;
2023-10-03;terça-feira ;08:54:00;COM VÍTIMA;IMBIRIBEIRA;RUA;RUA ARQUITETO LUIZ NUNES;RUA;RUA JULIO VERNE;;IMBIRIBEIRA;;;COLISÃO;0;1;0;0;0;0;0;0;0;1;0;;;;;;;;;;;;;
2023-10-03;terça-feira ;12:19:00;COM VÍTIMA;AFOGADOS;RUA;RUA SAO MIGUEL;;;PROX AO BODE DO NO;AFOGADOS;;;COLISÃO LATERAL;1;1;0;0;0;0;0;0;0;1;0;;;;;;;;;;;;;
2023-10-03;terça-feira ;12:55:00;COM VÍTIMA;IBURA;RUA;RUA JORNALISTA EDSON REGIS;;;E/F A FABRICA DA FREVO DO IBURA DE BAIXO;IBURA;;;COLISÃO LATERAL;0;1;0;0;0;0;0;0;0;1;0;;;;;;;;;;;;;