data;dia_semana;hora;natureza;bairro;logradouro_endereco;endereco;logradouro_detalhe_endereço;detalhe_endereco_acidente;complemento;bairro_cruzamento;num_semaforo;sentido_via;tipo;auto;moto;ciclom;ciclista;pedestre;onibus;caminhao;viatura;outros;vitimas;vitimasfatais;acidente_verificado;tempo_clima;situacao_semaforo;sinalizacao;condicao_via;conservacao_via;ponto_controle;situacao_placa;velocidade_max_via;mao_direcao;divisao_via1;divisao_via2;divisao_via3
2023-10-03;terça-feira ;01:09:00;COM VÍTIMA;CASA AMARELA;AVENIDA;AVENIDA NORTE MIGUEL ARRAES DE ALENCAR;;;PROX A UPINHA MOACIR E A PRAÇA DO TRABALHO;CASA AMARELA;;;COLISÃO;0;1;0;0;0;0;0;0;0;1;0;;;;;;;;;;;;;
2023-10-03;terça-feira ;01:13:00;COM VÍTIMA;ARRUDA;RUA;RUA DA REGENERACAO;;;PROX A EMPRESA ESCAVE A ANTIGA COCA COLA;ARRUDA;;;COLISÃO;0;1;0;0;0;0;0;0;0;1;0;;;;;;;;;;;;;
2023-10-03;terça-feira ;01:20:00;COM VÍTIMA;BOA VIAGEM;RUA;RUA DONA MAGINA PONTUAL;;;ESCOLA MUNICIPAL  NOSSA SENHORA DA PENHA;BOA VIAGEM;;;COLISÃO;1;1;0;0;0;0;0;0;0;1;0;;;;;;;;;;;;;
2023-10-03;terça-feira ;02:32:00;COM VÍTIMA;AFOGADOS;RUA;RUA SAO MIGUEL;;;PROXIMO AO SEMÁFORO 425;AFOGADOS;425;;COLISÃO LATERAL;1;1;0;0;0;0;0;0;0;1;0;;;;;;;;;;;;;
2023-10-03;terça-feira ;02:56:00;COM VÍTIMA;JAQUEIRA;RUA;RUA LEONARDO BEZERRA CAVALCANTE;;;E/F AO HOPITAL MARIA LUCINDA;JAQUEIRA;;;COLISÃO TRASEIRA;2;1;0;0;0;0;0;0;0;1;0;;;;;;;;;;;;;
2023-10-03;terça-feira ;03:06:00;COM VÍTIMA;BEBERIBE;AVENIDA;AVENIDA BEBERIBE;;;POSTO SHEL // E/F AO SEMAFARO 514;BEBERIBE;;;COLISÃO FRONTAL;1;1;0;0;0;0;0;0;0;1;0;;;;;;;;;;;;;
2023-10-03;terça-feira ;03:17:00;COM VÍTIMA;BOA VIAGEM;AVENIDA;AVENIDA CELSO FURTADO (VIA MANGUE);;;POR TRAS DO SUPERMERCADO ASSAI/ SENTIDO PINA;BOA VIAGEM;;;COLISÃO LATERAL;2;1;0;0;0;0;0;0;0;1;0;;;;;;;;;;;;;
2023-10-03;terça-feira ;06:37:00;COM VÍTIMA;DOIS IRMAOS;RUA;RUA DOIS IRMAOS;;;EM FRENTE AO HORTO DE DOIS IRMÃOS E A LAFEPE;DOIS IRMAOS;;;COLISÃO;0;1;0;0;0;0;0;0;0;1;0;;;;;;;;;;;;;
2023-10-03;terça-feira ;06:45:00;COM VÍTIMA;CAXANGA;AVENIDA;AVENIDA CAXANGA;;;PROX A IGREJA NOVAS DE PAZ E A ITEGRAÇÃO DA CAXAMGA;CAXANGA;;;COLISÃO;0;1;0;0;0;0;0;0;0;1;0;;;;;;;;;;;;;
2023-10-03;terça-feira ;06:49:00;COM VÍTIMA;BONGI;AVENIDA;AVENIDA ENGENHEIRO ABDIAS DE CARVALHO;;;NA PISTA LATERAL E AO LADO DO LABORATORIO CERPE;BONGI;;;COLISÃO;0;1;0;0;0;0;0;0;0;1;0;;;;;;;;;;;;;
2023-10-03;terça-feira ;07:23:00;COM VÍTIMA;AFOGADOS;RUA;RUA DA PAZ;;;PROXIMO AO BANCO BRADESCO;AFOGADOS;;;COLISÃO;1;1;0;0;0;0;0;0;0;1;0;;;;;;;;;;;;;
2023-10-03;terça-feira ;07:28:00;COM VÍTIMA;COELHOS;RUA;RUA DOS COELHOS;;;EM FRENTE AO HOSPITAL DO IMIP;COELHOS;;;ATROPELAMENTO DE PESSOA;0;1;0;0;1;0;0;0;0;1;0;;;;;;;;;;;;;
2023-10-03;terça-feira ;08:31:00;COM VÍTIMA;COELHOS;RUA;RUA PADRE VENANCIO;;;PRAÇA MATARAZZO;COELHOS;;;COLISÃO;1;1;0;0;0;0;0;0;0;1;0;;;;;;;;;;;;;
2023-10-03;terça-feira ;08:31:00;COM VÍTIMA;BOA VIAGEM;AVENIDA;AVENIDA CONSELHEIRO AGUIAR;;;EM FRENTE AO MINUTO PÃO DE AÇUCAR;BOA VIAGEM;;;COLISÃO;1;1;0;0;0;0;0;0;0;1;0;;;;;;;;;;;;;
2023-10-03;terça-feira ;08:36:00;SEM VÍTIMA;BOA VISTA;RUA;RUA DOM BOSCO;;;LADO OPOSTO AO NÚMERO 961 PRÓXIMO A RÁDIO PATRULHA;BOA VISTA;401;;COLISÃO;3;0;0;0;0;0;0;0;0;0;0;;;;;;;;;;;;;
2023-10-04;quarta-feira ;06:38:00;COM VÍTIMA;SANTO AMARO;PRQ;PRQ TREZE DE MAIO;;;PRÓXIMO AO COLÉGIO BARBALHO;SANTO AMARO;;;COLISÃO;0;0;0;0;0;0;0;0;0;1;0;;;;;;;;;;;;;
2023-10-04;quarta-feira ;07:04:00;COM VÍTIMA;CABANGA;PTE;PTE GOV PAULO GUERRA;;;PONTE GOV PAULO GUERRA;CABANGA;;;COLISÃO;0;1;0;1;0;0;0;0;0;1;0;;;;;;;;;;;;;
2023-10-04;quarta-feira ;07:14:00;COM VÍTIMA;SANTO AMARO;RUA;RUA DO SOSSEGO;;;PROX A FACULDADE ESUDA;SANTO AMARO;;;COLISÃO;0;1;0;0;0;0;0;0;0;1;0;;;;;;;;;;;;;
2023-10-04;quarta-feira ;07:15:00;COM VÍTIMA;VARZEA;AVENIDA;AVENIDA AFONSO OLINDENSE;;;AO LADO DA ESCOLA OLINTO VITOR, EM FRENTE A LOJA BIOLOGICOS;VARZEA;;;COLISÃO LATERAL;0;1;0;0;0;0;0;0;0;1;0;;;;;;;;;;;;;
2023-10-04;quarta-feira ;07:52:00;COM VÍTIMA;JORDAO;AVENIDA;AVENIDA MARECHAL MASCARENHAS DE MORAES;;;AO LADO DO MURO DO AEROPORTO, ANTES DA ENTRADA DO JORDAO;JORDAO;;;COLISÃO LATERAL;0;1;0;0;0;0;0;0;0;1;0;;;;;;;;;;;;;
2023-10-04;quarta-feira ;08:21:00;COM VÍTIMA;CORDEIRO;AVENIDA;AVENIDA GENERAL SAN MARTIN;RUA;RUA GOMES TABORDA;;CORDEIRO;;;COLISÃO;0;0;0;0;0;0;0;0;0;1;0;;;;;;;;;;;;;
2023-10-04;quarta-feira ;08:37:00;COM VÍTIMA;VARZEA;RUA;RUA FRANCISCO LACERDA;;;POSSÍVEL SINISTRO COM VÍTIMA;VARZEA;;;COLISÃO;0;0;0;0;0;0;0;0;0;1;0;;;;;;;;;;;;;
2023-10-04;quarta-feira ;08:38:00;COM VÍTIMA;AFOGADOS;RUA;RUA COSME VIANA;;;EM FRENTE A TUPAN CONSTRUÇÃO;AFOGADOS;;;COLISÃO;0;1;0;0;0;0;0;0;0;1;0;;;;;;;;;;;;;
2023-10-04;quarta-feira ;09:36:00;COM VÍTIMA;AFOGADOS;RUA;RUA PADRE TEOFILO TWORZ;RUA;RUA COSME VIANA;POSSÍVEL SINISTRO COM VÍTIMA;AFOGADOS;;;COLISÃO;0;0;0;0;0;0;0;0;0;1;0;;;;;;;;;;;;;
2023-10-04;quarta-feira ;11:21:00;COM VÍTIMA;PINA;AVENIDA;AVENIDA ANTONIO DE GOES;;;EM FRENTE A PRF / NO POSTO DE GASOLINA BR/ PROX AO DENITE;PINA;;;COLISÃO;0;1;0;0;0;0;0;0;0;1;0;;;;;;;;;;;;;
2023-10-04;quarta-feira ;02:04:00;COM VÍTIMA;DERBY;AVENIDA;AVENIDA GOVERNADOR AGAMENON MAGALHAES;;;SOB O SEMÁFORO 174;DERBY;;;COLISÃO;0;0;0;0;0;0;0;0;0;1;0;;;;;;;;;;;;;
2023-10-04;quarta-feira ;03:28:00;COM VÍTIMA;SAO JOSE;RUA;RUA DR JOSE MARIANO;;;PROX A MADEREIRA IPIRANGA E A EMPRESA COMDICA;SAO JOSE;;;COLISÃO;0;1;0;0;0;0;0;0;0;1;0;;;;;;;;;;;;;
2023-10-04;quarta-feira ;03:46:00;COM VÍTIMA;AFOGADOS;AVENIDA;AVENIDA SUL;;;;AFOGADOS;320;;COLISÃO;1;1;0;0;0;0;0;0;0;1;0;;;;;;;;;;;;;
2023-10-04;quarta-feira ;05:31:00;COM VÍTIMA;CORDEIRO;RUA;RUA TAMBORIL;;;PROX CAMPO DO QUINZE;CORDEIRO;;;COLISÃO;1;1;0;0;0;0;0;0;0;1;0;;;;;;;;;;;;;
2023-10-04;quarta-feira ;06:37:00;COM VÍTIMA;BOA VIAGEM;RUA;RUA GENERAL EDSON AMANCIO RAMALHO;;;AO LADO  DA IMOBILIARIA JAIRO ROCHA;BOA VIAGEM;;;COLISÃO;1;0;0;1;0;0;0;0;0;1;0;;;;;;;;;;;;;
2023-10-04;quarta-feira ;07:03:00;COM VÍTIMA;TEJIPIO;AVENIDA;AVENIDA DR JOSE RUFINO;;;PADARIA DOM RUFINO / COLÉGIO ALBERTO TORRES;TEJIPIO;;;COLISÃO TRANSVERSAL;1;1;0;0;0;0;0;0;0;1;0;;;;;;;;;;;;;
2023-10-05;quinta-feira ;08:27:00;SEM VÍTIMA;AFOGADOS;AVENIDA;AVENIDA SUL;RUA;RUA NICOLAU PEREIRA;LADO OPOSTO  AO Nº 179;;;CIDADE;;1;0;0;0;0;0;1;0;0;0;0;;;;;;;;;;;;;
2023-10-05;quinta-feira ;08:58:00;SEM VÍTIMA;TORRE;RUA;RUA CONDE DE IRAJA;;;CONDOMÍNIO DO EDIFÍCIO COINTREAU;TORRE;191;;COLISÃO TRASEIRA;1;0;0;0;0;0;0;1;0;0;0;;;;;;;;;;;;;
2023-10-05;quinta-feira ;09:10:00;COM VÍTIMA;BOA VIAGEM;RUA;RUA WALDEMAR NERY CARNEIRO MONTEIRO;RUA;RUA CRUZEIRO DO FORTE;PROX A PADARIA SETUBAL;BOA VIAGEM;;;COLISÃO LATERAL;1;1;0;0;0;0;0;0;0;1;0;;;;;;;;;;;;;
2023-10-05;quinta-feira ;10:19:00;COM VÍTIMA;BOA VIAGEM;AVENIDA;AVENIDA CONSELHEIRO AGUIAR;;;EM FRENTE A CAIXA ECONOMICA;BOA VIAGEM;;;ATROPELAMENTO DE PESSOA;1;0;0;0;1;0;0;0;0;1;0;;;;;;;;;;;;;
2023-10-05;quinta-feira ;01:18:00;COM VÍTIMA;BOA VIAGEM;AVENIDA;AVENIDA VINTE DE JANEIRO;;;PROXIMO A ESTAÇÃO AEROPORTO;BOA VIAGEM;;;COLISÃO LATERAL;1;1;0;0;0;0;0;0;0;1;0;;;;;;;;;;;;;
2023-10-05;quinta-feira ;02:12:00;COM VÍTIMA;BOA VISTA;AVENIDA;AVENIDA GOVERNADOR AGAMENON MAGALHAES;;;APOS P BOMPREÇO E AO POSTO DE GASOLINA BR;BOA VISTA;;;COLISÃO;0;1;0;0;0;0;0;0;0;1;0;;;;;;;;;;;;;
2023-10-05;quinta-feira ;05:05:00;COM VÍTIMA;CABANGA;AVENIDA;AVENIDA SATURNINO DE BRITO;;;COMPESA;CABANGA;;;COLISÃO LATERAL;3;0;0;0;0;0;0;0;0;1;0;;;;;;;;;;;;;
2023-10-05;quinta-feira ;06:36:00;COM VÍTIMA;SAO JOSE;AVENIDA;AVENIDA SUL;;;EMBAIXO DO VIADUTO / PROXIMO AO POSTO BR /;SAO JOSE;;;COLISÃO;0;1;0;0;0;0;0;0;0;1;0;;;;;;;;;;;;;
2023-10-06;sexta-feira ;06:12:00;SEM VÍTIMA;IMBIRIBEIRA;AVENIDA;AVENIDA MARECHAL MASCARENHAS DE MORAES;;;SEMAFORO 287;IMBIRIBEIRA;;;CHOQUE;0;0;0;0;0;0;0;0;0;0;0;;;;;;;;;;;;;
2023-10-06;sexta-feira ;07:04:00;COM VÍTIMA;BOA VIAGEM;AVENIDA;AVENIDA ENGENHEIRO DOMINGOS FERREIRA;;;EM FRENTE AO SUPERMERCADO ASSAÍ;BOA VIAGEM;;;COLISÃO LATERAL;1;1;0;0;0;0;0;0;0;2;0;;;;;;;;;;;;;
2023-10-06;sexta-feira ;07:04:00;COM VÍTIMA;BOA VIAGEM;RUA;RUA BRUNO VELOSO;;;EM FRENTE AO LAÇA BURGUER E FARMACIA DROGASIL;BOA VIAGEM;;;COLISÃO;0;1;0;0;0;0;0;0;0;1;0;;;;;;;;;;;;;
2023-10-06;sexta-feira ;07:22:00;COM VÍTIMA;AGUA FRIA;EST;EST VELHA DE AGUA FRIA;;;EM FRENTE A POLICLINICA SALOMAO KELNER APOS O LARGO DE AGUA FRIA;AGUA FRIA;;;COLISÃO;0;1;0;0;0;0;0;0;0;1;0;;;;;;;;;;;;;
2023-10-06;sexta-feira ;07:30:00;COM VÍTIMA;LINHA DO TIRO;RUA;RUA SODRELANDIA;;;AO LADO DO CAMPO DO CAFE, PROX. AO TERMINAL DE ONIBUS LINHA DO TIRO;LINHA DO TIRO;;;COLISÃO LATERAL;0;1;0;0;0;0;0;0;0;1;0;;;;;;;;;;;;;
2023-10-06;sexta-feira ;08:09:00;COM VÍTIMA;CASA AMARELA;RUA;RUA CONS PERETTI;;;PROX. AO LABORATORIO CERPE E RESTAURANTE DANI;CASA AMARELA;;;COLISÃO LATERAL;0;1;0;0;0;1;0;0;0;2;0;;;;;;;;;;;;;
2023-10-06;sexta-feira ;08:14:00;COM VÍTIMA;PINA;AVENIDA;AVENIDA CELSO FURTADO (VIA MANGUE);;;PROX. AO SHOPPING RIO MAR;PINA;;;ENGAVETAMENTO;2;0;0;0;0;0;1;0;0;1;0;;;;;;;;;;;;;
2023-10-06;sexta-feira ;09:03:00;COM VÍTIMA;JOANA BEZERRA;VIADUTO;VIADUTO CAPITAO TEMUDO;;;ANTES DA DESCIDA DA AV SUL SENTIDO SHOPPING RIO MAR;JOANA BEZERRA;;;COLISÃO LATERAL;0;1;0;0;0;0;0;0;0;1;0;;;;;;;;;;;;;
2023-10-06;sexta-feira ;09:38:00;COM VÍTIMA;TAMARINEIRA;RUA;RUA CONEGO BARATA;;;EM FRENTE A FERREIRA COSTA, SENT. AGUA FRIA;TAMARINEIRA;;;COLISÃO LATERAL;0;1;0;0;0;0;1;0;0;1;0;;;;;;;;;;;;;
2023-10-06;sexta-feira ;10:55:00;COM VÍTIMA;TORRE;RUA;RUA CONDE DE IRAJA;;;EDIFICIO LARA;TORRE;;;ENGAVETAMENTO;4;0;0;0;0;0;0;0;0;1;0;;;;;;;;;;;;;
2023-10-06;sexta-feira ;11:57:00;SEM VÍTIMA;CORDEIRO;RUA;RUA ODETE MONTEIRO;RUA;RUA JOAQUIM ALHEIROS;PROX. AO GOI;CORDEIRO;;;COLISÃO FRONTAL;1;1;0;0;0;0;0;0;0;0;0;;;;;;;;;;;;;
2023-10-06;sexta-feira ;12:07:00;COM VÍTIMA;IMBIRIBEIRA;AVENIDA;AVENIDA MARECHAL MASCARENHAS DE MORAES;;;EM FRENTE AO SEMAFORO 287 - EM FRENTE A LASER ELETRO;IMBIRIBEIRA;;;COLISÃO TRASEIRA;1;1;0;0;0;0;0;0;0;1;0;;;;;;;;;;;;;
2023-10-06;sexta-feira ;01:04:00;COM VÍTIMA;BOA VIAGEM;RUA;RUA VISCONDE DE JEQUITINHONHA;;;APÓS O POSTO DE GASOLINA DO CANAL /CRUZANDO A RUA BARÃO DE SOUZA LEÃO;BOA VIAGEM;;;COLISÃO LATERAL;0;1;0;0;0;0;0;0;0;1;0;;;;;;;;;;;;;
2023-10-06;sexta-feira ;01:16:00;COM VÍTIMA;CAXANGA;AVENIDA;AVENIDA CAXANGA;;;E/F A PARADA DO BRT   E LOJA  MOTOS MEGA MOTOS S/T SUB;CAXANGA;;;COLISÃO TRASEIRA;1;1;0;0;0;0;0;0;0;1;0;;;;;;;;;;;;;
2023-10-06;sexta-feira ;01:20:00;COM VÍTIMA;CAMPO GRANDE;RUA;RUA JERONIMO VILELA;;;PROXIMO AO LAR DO IDOSO CASA SANTA CLARA;CAMPO GRANDE;;;COLISÃO LATERAL;0;1;0;0;0;0;0;0;0;1;0;;;;;;;;;;;;;
2023-10-06;sexta-feira ;02:18:00;COM VÍTIMA;MADALENA;RUA;RUA BENFICA;;;FRENTE CLUBE INTERNACIONAL/ PRAÇA CLUBE INTERNACIONAL;MADALENA;;;COLISÃO;1;1;0;0;0;0;0;0;0;1;0;;;;;;;;;;;;;
2023-10-06;sexta-feira ;03:05:00;COM VÍTIMA;CABANGA;AVENIDA;AVENIDA SATURNINO DE BRITO;;;PROX AO CREFIR ( CONSELHO REGIONAL DOS CORRETORES ) / PROX AO CABANGA IATE CLUBE;CABANGA;;;COLISÃO;0;1;0;0;0;0;0;0;0;1;0;;;;;;;;;;;;;
2023-10-06;sexta-feira ;05:55:00;COM VÍTIMA;CAMPO GRANDE;RUA;RUA JERONIMO VILELA;;;PROXIMO AO CLUBE DAS PAS;CAMPO GRANDE;;;COLISÃO;0;1;0;0;0;0;0;0;0;1;0;;;;;;;;;;;;;
2023-10-06;sexta-feira ;06:32:00;COM VÍTIMA;BREJO DA GUABIRABA;AVENIDA;AVENIDA VEREADOR OTACILIO AZEVEDO;;;PROXIMO A LANCHONETE DO RAMOS;BREJO DA GUABIRABA;;;COLISÃO;0;1;0;0;0;0;0;0;0;1;0;;;;;;;;;;;;;
2023-10-06;sexta-feira ;07:18:00;COM VÍTIMA;GRACAS;RUA;RUA AMARO BEZERRA;;;QUATRO CANTOS;GRACAS;;;COLISÃO;1;1;0;0;0;0;0;0;0;2;0;;;;;;;;;;;;;
2023-10-06;sexta-feira ;07:30:00;COM VÍTIMA;DOIS IRMAOS;RUA;RUA MANUEL DE MEDEIROS;;;PROX A UNIVERSIDADE RURAL;DOIS IRMAOS;;;COLISÃO;0;1;0;0;0;0;0;0;0;1;0;;;;;;;;;;;;;
2023-10-06;sexta-feira ;07:31:00;COM VÍTIMA;SAO JOSE;AVENIDA;AVENIDA SUL;;;PROX AO SEDE DO GALO ANTES DA DANTAS BARRETO;SAO JOSE;;;COLISÃO;0;1;0;0;0;0;0;0;0;1;0;;;;;;;;;;;;;
2023-10-07;sábado ;12:10:00;COM VÍTIMA;BOA VIAGEM;RUA;RUA BRUNO VELOSO;AVENIDA;AVENIDA FERNANDO SIMOES BARBOSA;CRUZAMENTO DO SHOPPING RECIFE;BOA VIAGEM;;;COLISÃO COM CICLISTA;0;0;0;1;0;0;0;0;0;1;0;;;;;;;;;;;;;
2023-10-07;sábado ;12:15:00;COM VÍTIMA;IBURA;RUA;RUA CAMPO VERDE;;;TERMINAL DO UR 2;IBURA;;;COLISÃO FRONTAL;0;0;0;0;0;0;0;0;0;2;0;;;;;;;;;;;;;
2023-10-07;sábado ;12:20:00;COM VÍTIMA;JORDAO;PRC;PRC DO JORDAO;;;PRÓXIMO AO NÚCLEO;JORDAO;;;COLISÃO LATERAL;0;0;0;0;0;0;0;0;0;1;0;;;;;;;;;;;;;
2023-10-07;sábado ;12:28:00;COM VÍTIMA;CASA AMARELA;EST;EST MORRO DA CONCEICAO;;;NA DESCIDA DO MORRO DA CONCEIÇÃO;CASA AMARELA;;;COLISÃO;0;0;0;0;0;0;0;0;0;1;0;;;;;;;;;;;;;
2023-10-07;sábado ;01:38:00;COM VÍTIMA;CAMPO GRANDE;RUA;RUA JERONIMO VILELA;;;;CAMPO GRANDE;;;;0;0;0;0;0;0;0;0;0;2;0;;;;;;;;;;;;;
2023-10-07;sábado ;02:29:00;COM VÍTIMA;ARRUDA;AVENIDA;AVENIDA BEBERIBE;RUA;RUA ALEGRE;PROX CANAL DE CONTRUÇÃO;ARRUDA;64;;COLISÃO;0;0;0;0;0;0;0;0;0;1;0;;;;;;;;;;;;;
2023-10-07;sábado ;08:50:00;COM VÍTIMA;BOA VIAGEM;RUA;RUA BRUNO VELOSO;;;PROX AO SHOPPING RECIFE E ACADEMIA SELFIT;BOA VIAGEM;;;COLISÃO;0;1;0;0;0;0;0;0;0;1;0;;;;;;;;;;;;;
2023-10-07;sábado ;09:25:00;COM VÍTIMA;CAMPO GRANDE;AVENIDA;AVENIDA CORREIA DE BRITO;;;PROX AO MERCADO SITIO NOVO;CAMPO GRANDE;;;COLISÃO;0;1;0;0;0;0;0;0;0;1;0;;;;;;;;;;;;;
2023-10-07;sábado ;12:38:00;COM VÍTIMA;BAIRRO DO RECIFE;AVENIDA;AVENIDA RIO BRANCO;;;EM FRENTE AO BANCO DO BRASIL;BAIRRO DO RECIFE;;;COLISÃO;0;1;0;0;0;0;0;0;0;1;0;;;;;;;;;;;;;
2023-10-07;sábado ;12:55:00;COM VÍTIMA;IMBIRIBEIRA;AVENIDA;AVENIDA MARECHAL MASCARENHAS DE MORAES;;;EM FRENTE AO DER CLUBE RODOVIARIO/ SENTIDO JABOATÃO;IMBIRIBEIRA;;;COLISÃO LATERAL;0;2;0;0;0;0;0;0;0;2;0;;;;;;;;;;;;;
2023-10-07;sábado ;06:35:00;COM VÍTIMA;CORDEIRO;RUA;RUA CONS SILVEIRA DE SOUZA;;;PROXIMO AO PORTAL DA CARNE DE SOL;CORDEIRO;;;COLISÃO;0;1;0;0;0;0;0;0;0;1;0;;;;;;;;;;;;;
2023-10-07;sábado ;08:25:00;COM VÍTIMA;MANGABEIRA;AVENIDA;AVENIDA NORTE MIGUEL ARRAES DE ALENCAR;;;PRÓXIMO A ENTRADA DO ALTO JOSÉ DO PINHO;MANGABEIRA;;;ATROPELAMENTO DE PESSOA;0;1;0;0;1;0;0;0;0;2;0;;;;;;;;;;;;;
2023-10-07;sábado ;09:11:00;COM VÍTIMA;IPSEP;AVENIDA;AVENIDA RECIFE;;;APÓS AO ANTIGO BOMPREÇO, SENTIDO SAL E BRASA;IPSEP;;;COLISÃO;0;1;0;0;0;0;0;0;0;1;0;;;;;;;;;;;;;
2023-10-07;sábado ;11:46:00;COM VÍTIMA;IBURA;AVENIDA;AVENIDA DOIS RIOS;RUA;RUA RIO XINGU;E/F A AUTO ESCOLA PILOTO;IBURA;;;COLISÃO FRONTAL;1;1;0;0;0;0;0;0;0;1;0;;;;;;;;;;;;;
2023-10-08;domingo ;08:31:00;COM VÍTIMA;CASA AMARELA;AVENIDA;AVENIDA NORTE MIGUEL ARRAES DE ALENCAR;;;PROX. A FARMACIA PAGUE MENOS, AO LADO DO REI DA PICANHA;CASA AMARELA;;;COLISÃO LATERAL;0;1;0;0;0;0;0;0;0;1;0;;;;;;;;;;;;;
2023-10-08;domingo ;09:25:00;COM VÍTIMA;IMBIRIBEIRA;AVENIDA;AVENIDA MARECHAL MASCARENHAS DE MORAES;;;EM FRENTE A ENTRADA DO AEROPORTO;IMBIRIBEIRA;;;COLISÃO LATERAL;0;1;0;0;0;0;0;0;0;1;0;;;;;;;;;;;;;
2023-10-08;domingo ;10:53:00;COM VÍTIMA;IPSEP;AVENIDA;AVENIDA RECIFE;;;APOS A CONCESSIONARIA JJK,  PROX. AO SEMAFORO 247;IPSEP;;;COLISÃO LATERAL;1;1;0;0;0;0;0;0;0;1;0;;;;;;;;;;;;;
2023-10-08;domingo ;11:49:00;COM VÍTIMA;ESPINHEIRO;RUA;RUA AMELIA;;;PROX. A GALERIA MODA MANIA E BANCA DE BICHO MONTE CARLOS;ESPINHEIRO;;;COLISÃO LATERAL;0;1;0;0;0;0;0;0;0;1;0;;;;;;;;;;;;;
2023-10-08;domingo ;11:51:00;VÍTIMA FATAL;ESTANCIA;AVENIDA;AVENIDA RECIFE;;;APOS SEMAFORO 059/ SENTIDO UFPE;ESTANCIA;59;;COLISÃO;2;0;0;0;0;0;0;0;0;0;1;;;;;;;;;;;;;
2023-10-08;domingo ;03:49:00;COM VÍTIMA;TORRE;RUA;RUA CONDE DE IRAJA;AVENIDA;AVENIDA BEIRA RIO;NA DESCIDA PONTE;TORRE;;;COLISÃO FRONTAL;2;0;0;0;0;0;0;0;0;1;0;;;;;;;;;;;;;
2023-10-08;domingo ;06:56:00;SEM VÍTIMA;TEJIPIO;AVENIDA;AVENIDA DR JOSE RUFINO;;;PROX A ESTAÇÃO DO METRO DE TJIPIO;TEJIPIO;;;COLISÃO TRASEIRA;2;0;0;0;0;0;0;0;0;0;0;;;;;;;;;;;;;
2023-10-08;domingo ;10:28:00;SEM VÍTIMA;SAO JOSE;CAIS;CAIS SANTA RITA;;;PONTE GIRATÓRIA;SAO JOSE;;;CHOQUE;0;0;0;0;0;0;1;0;0;0;0;;;;;;;;;;;;;
2023-10-08;domingo ;10:51:00;COM VÍTIMA;BOA VISTA;RUA;RUA DA AURORA;AVENIDA;AVENIDA CONDE DA BOA VISTA;ESQUINA DO CINEMA SÃO LUIS;BOA VISTA;;;COLISÃO TRANSVERSAL;2;0;0;0;0;0;0;0;0;1;0;;;;;;;;;;;;;
2023-10-08;domingo ;11:17:00;COM VÍTIMA;ILHA DO LEITE;PTE;PTE JOSE DE BARROS LIMA;AVENIDA;AVENIDA GOVERNADOR AGAMENON MAGALHAES;DESCIDA DO VIADUTO EM FRENTE AO HOPE;ILHA DO LEITE;;;COLISÃO;1;1;0;0;0;0;0;0;0;2;0;;;;;;;;;;;;;
2023-10-09;segunda-feira ;05:40:00;COM VÍTIMA;AFOGADOS;RUA;RUA MOTOCOLOMBO;RUA;RUA PROFESSOR AUGUSTO WANDERLEY FILHO;PONTE MOTOCOLOMBÓ;AFOGADOS;39;;COLISÃO;0;0;0;0;0;0;0;0;0;1;0;;;;;;;;;;;;;
2023-10-09;segunda-feira ;07:05:00;COM VÍTIMA;SAO JOSE;RUA;RUA IMPERIAL;TRV;TRV DO RAPOSO;ESQUINA DO BAR DA BETANIA;SAO JOSE;511;;COLISÃO;2;0;0;0;0;0;0;0;0;1;0;;;;;;;;;;;;;
2023-10-09;segunda-feira ;07:58:00;COM VÍTIMA;SANTO AMARO;RUA;RUA ANTONIO SIMOES;;;EM FRENTE A FREITA MOTO PEÇAS , PROX. A AGAMENON VEICULOS;SANTO AMARO;;;COLISÃO LATERAL;0;1;0;0;0;0;0;0;0;1;0;;;;;;;;;;;;;
2023-10-09;segunda-feira ;08:33:00;COM VÍTIMA;AFOGADOS;AVENIDA;AVENIDA DR JOSE RUFINO;;;PROX. AO ARMAZEM CORAL, COMERCIAL GUSTAVO E RESTAURANTE BODE DO NO;AFOGADOS;;;COLISÃO LATERAL;0;1;0;0;0;0;0;0;0;1;0;;;;;;;;;;;;;
2023-10-09;segunda-feira ;08:35:00;COM VÍTIMA;AFOGADOS;RUA;RUA SAO MIGUEL;;;PROX. AO ARMAZEM  CORAL  .;AFOGADOS;;;COLISÃO LATERAL;1;1;0;0;0;0;0;0;0;1;0;;;;;;;;;;;;;
2023-10-09;segunda-feira ;08:46:00;COM VÍTIMA;AGUA FRIA;AVENIDA;AVENIDA BEBERIBE;;;PROX. AO MADRUGÃO BURGUER;AGUA FRIA;;;COLISÃO TRASEIRA;1;1;0;0;0;0;0;0;0;1;0;;;;;;;;;;;;;
2023-10-09;segunda-feira ;08:47:00;COM VÍTIMA;TORRE;RUA;RUA MARCOS ANDRE;;;EM FRENTE AO CARREFOUR;TORRE;;;COLISÃO LATERAL;1;0;0;0;0;0;0;0;0;1;0;;;;;;;;;;;;;