data;dia_semana;hora;natureza;bairro;logradouro_endereco;endereco;logradouro_detalhe_endereço;detalhe_endereco_acidente;complemento;bairro_cruzamento;num_semaforo;sentido_via;tipo;auto;moto;ciclom;ciclista;pedestre;onibus;caminhao;viatura;outros;vitimas;vitimasfatais;acidente_verificado;tempo_clima;situacao_semaforo;sinalizacao;condicao_via;conservacao_via;ponto_controle;situacao_placa;velocidade_max_via;mao_direcao;divisao_via1;divisao_via2;divisao_via3
2023-10-09;segunda-feira ;09:41:00;COM VÍTIMA;AFOGADOS;RUA;RUA SAO MIGUEL;RUA;RUA DO DESPACHO;POSTO DE GASOLONBA DISLUB;AFOGADOS;;;COLISÃO LATERAL;1;1;0;0;0;0;0;0;0;1;0;;;;;;;;;;;;;
2023-10-09;segunda-feira ;12:34:00;COM VÍTIMA;ROSARINHO;RUA;RUA GERSON DE BARROS PINANGE;;;APOS A PADARIA DO ROSARINHO;ROSARINHO;;;COLISÃO LATERAL;1;1;0;0;0;0;0;0;0;1;0;;;;;;;;;;;;;
2023-10-09;segunda-feira ;03:44:00;COM VÍTIMA;CAMPO GRANDE;RUA;RUA VISCONDE DE CAIRU;;;BODEGA DO PIRATA;CAMPO GRANDE;;;COLISÃO LATERAL;0;1;0;0;0;0;0;1;0;1;0;;;;;;;;;;;;;
2023-10-09;segunda-feira ;03:56:00;COM VÍTIMA;CORDEIRO;RUA;RUA SANTA LUCIA;;;AO LADO DO PARQUE DO CAIARA ESQUINA DO ARMAZEM PARALELA DA CONSTRUÇÃO;CORDEIRO;;;COLISÃO LATERAL;0;0;0;0;0;0;0;0;0;1;0;;;;;;;;;;;;;
2023-10-09;segunda-feira ;04:45:00;COM VÍTIMA;IMBIRIBEIRA;AVENIDA;AVENIDA MARECHAL MASCARENHAS DE MORAES;;;E/F AO GERALDAO;IMBIRIBEIRA;;;COLISÃO LATERAL;0;0;0;0;0;0;0;0;0;1;0;;;;;;;;;;;;;
2023-10-09;segunda-feira ;05:20:00;COM VÍTIMA;MACAXEIRA;RUA;RUA ALTO DO PITU;;;PROX AO CAMPO DO UNIAO E A COMPESA;MACAXEIRA;;;COLISÃO LATERAL;0;0;0;0;0;1;1;0;0;1;0;;;;;;;;;;;;;
2023-10-09;segunda-feira ;05:22:00;COM VÍTIMA;IMBIRIBEIRA;AVENIDA;AVENIDA MARECHAL MASCARENHAS DE MORAES;;;E/F A HONDA;IMBIRIBEIRA;;;COLISÃO LATERAL;0;1;0;0;0;0;0;0;0;1;0;;;;;;;;;;;;;
2023-10-09;segunda-feira ;06:53:00;COM VÍTIMA;AFOGADOS;EST;EST DOS REMEDIOS;;;PROX A OFICINA DEL UCIANO E AO CABOCLINHO;AFOGADOS;;;COLISÃO;0;1;0;0;0;0;0;0;0;1;0;;;;;;;;;;;;;
2023-10-09;segunda-feira ;07:50:00;COM VÍTIMA;IBURA;AVENIDA;AVENIDA DOIS RIOS;;;IGREJA DOS MORMOS, DEPOIS DO POSTO SHELL;IBURA;;;;0;1;0;0;0;0;0;0;0;1;0;;;;;;;;;;;;;
2023-10-10;terça-feira ;05:09:00;SEM VÍTIMA;ILHA DO LEITE;RUA;RUA DR JOAO ASFORA;;;EM FRENTE HOSPITAL ILHA DO LEITE;ILHA DO LEITE;;SUBURBIO;CHOQUE;0;0;0;0;0;0;1;0;1;0;0;;;;;;;;;;;;;
2023-10-10;terça-feira ;05:38:00;COM VÍTIMA;PONTO DE PARADA;AVENIDA;AVENIDA BEBERIBE;;;COM A MEN SÁ;PONTO DE PARADA;;;COLISÃO LATERAL;1;1;0;0;0;0;0;0;0;1;0;;;;;;;;;;;;;
2023-10-10;terça-feira ;08:50:00;COM VÍTIMA;TORRE;RUA;RUA JOSE BONIFACIO;;;EM FRENTE AO CARREFOUR, SENT. PARNAMIRIM;TORRE;;;COLISÃO LATERAL;1;0;0;0;0;0;0;0;0;1;0;;;;;;;;;;;;;
2023-10-10;terça-feira ;09:16:00;COM VÍTIMA;AFOGADOS;RUA;RUA SAO MIGUEL;;;EM FRENTE AO CHINA IN BOX;AFOGADOS;;;COLISÃO FRONTAL;0;2;0;0;0;0;0;0;0;3;0;;;;;;;;;;;;;
2023-10-10;terça-feira ;09:17:00;COM VÍTIMA;MADALENA;AVENIDA;AVENIDA CAXANGA;;;EM FRENTE AO COMPAZ;MADALENA;;;COLISÃO LATERAL;1;0;0;0;0;1;0;0;0;1;0;;;;;;;;;;;;;
2023-10-10;terça-feira ;09:31:00;COM VÍTIMA;SANTO AMARO;RUA;RUA BARROS BARRETO;RUA;RUA DO SOSSEGO;PERTO DA HIPER METAL;SANTO AMARO;;;COLISÃO LATERAL;2;0;0;0;0;0;0;0;0;1;0;;;;;;;;;;;;;
2023-10-10;terça-feira ;10:29:00;COM VÍTIMA;ESPINHEIRO;AVENIDA;AVENIDA GOVERNADOR AGAMENON MAGALHAES;;;NA SAIDA DA RUA LEOPOLDO LINS;ESPINHEIRO;;;COLISÃO;1;1;0;0;0;0;0;0;0;1;0;;;;;;;;;;;;;
2023-10-10;terça-feira ;11:32:00;COM VÍTIMA;PINA;AVENIDA;AVENIDA GOVERNADOR PAULO GUERRA;;;;PINA;;;COLISÃO;0;0;0;0;0;0;0;0;0;1;0;;;;;;;;;;;;;
2023-10-10;terça-feira ;11:54:00;COM VÍTIMA;IMBIRIBEIRA;AVENIDA;AVENIDA MARECHAL MASCARENHAS DE MORAES;;;EM FRENTE A TOYOTA;IMBIRIBEIRA;;;COLISÃO LATERAL;0;1;0;0;0;0;0;0;0;1;0;;;;;;;;;;;;;
2023-10-10;terça-feira ;12:48:00;COM VÍTIMA;JARDIM SAO PAULO;AVENIDA;AVENIDA LIBERDADE;;;PROX A IGREJA CONGRECIONAL DA LIBERDADE / PROX AO MARTEILINDO DE OURO;JARDIM SAO PAULO;;;COLISÃO TRASEIRA;1;1;0;0;0;0;0;0;0;1;0;;;;;;;;;;;;;
2023-10-10;terça-feira ;01:53:00;COM VÍTIMA;MADALENA;RUA;RUA LOPES DE CARVALHO;RUA;RUA HERMOGENES DE MORAIS;APOS O BOMPREÇO DA BEM FICA PRIMEIRA RUA A ESQUERDA;MADALENA;;;COLISÃO LATERAL;1;1;0;0;0;0;0;0;0;1;0;;;;;;;;;;;;;
2023-10-10;terça-feira ;05:18:00;COM VÍTIMA;CORDEIRO;AVENIDA;AVENIDA CAXANGA;;;EM FRENTE AO TERMINAL GETULIO VARGAS;CORDEIRO;;;COLISÃO LATERAL;0;0;0;0;0;0;0;0;0;1;0;;;;;;;;;;;;;
2023-10-10;terça-feira ;06:11:00;COM VÍTIMA;CASA FORTE;AVENIDA;AVENIDA DEZESSETE DE AGOSTO;;;EM FRENTE AO RESTAURANTE RECANTO PARAIBANO;CASA FORTE;;;COLISÃO LATERAL;1;1;0;0;0;0;0;0;0;1;0;;;;;;;;;;;;;
2023-10-11;quarta-feira ;08:09:00;COM VÍTIMA;IMBIRIBEIRA;AVENIDA;AVENIDA MARECHAL MASCARENHAS DE MORAES;;;EM FRENTE A UPA SENT. AFOGADOS;IMBIRIBEIRA;;;COLISÃO LATERAL;0;1;0;0;0;0;0;0;0;1;0;;;;;;;;;;;;;
2023-10-11;quarta-feira ;09:12:00;COM VÍTIMA;SANTO AMARO;AVENIDA;AVENIDA CRUZ CABUGA;;;NA FRENTE DO HOSPITAL DO CANCER;SANTO AMARO;;;COLISÃO TRASEIRA;1;0;1;0;0;1;0;0;0;1;0;;;;;;;;;;;;;
2023-10-11;quarta-feira ;12:08:00;COM VÍTIMA;IPUTINGA;AVENIDA;AVENIDA MAURICIO DE NASSAU;RUA;RUA N S DA SAUDE;PERTO DO PARQUE DO CAIARA;IPUTINGA;;;COLISÃO LATERAL;1;1;0;0;0;0;0;0;0;1;0;;;;;;;;;;;;;
2023-10-11;quarta-feira ;12:47:00;COM VÍTIMA;PINA;AVENIDA;AVENIDA REPUBLICA DO LIBANO;RUA;RUA NOGUEIRA DE SOUZA;PROX AO CALDINHO DO NENEM;PINA;;;COLISÃO LATERAL;1;1;0;0;0;0;0;0;0;1;0;;;;;;;;;;;;;
2023-10-11;quarta-feira ;02:38:00;COM VÍTIMA;CABANGA;AVENIDA;AVENIDA ENGENHEIRO JOSE ESTELITA;;;AO LADO DO CABANGA IATE CLUBE;CABANGA;;;COLISÃO LATERAL;1;1;0;0;0;0;0;0;0;1;0;;;;;;;;;;;;;
2023-10-11;quarta-feira ;03:25:00;COM VÍTIMA;IPSEP;AVENIDA;AVENIDA RECIFE;;;E/F AO ANTIGO BOMPREÇO S/T AEROPORTO;IPSEP;;;ATROPELAMENTO DE PESSOA;1;0;0;0;1;0;0;0;0;1;0;;;;;;;;;;;;;
2023-10-11;quarta-feira ;03:32:00;COM VÍTIMA;DERBY;AVENIDA;AVENIDA GOVERNADOR AGAMENON MAGALHAES;;;E/F A LOJA PEPV;DERBY;;;COLISÃO LATERAL;1;0;0;0;0;1;0;0;0;1;0;;;;;;;;;;;;;
2023-10-11;quarta-feira ;03:34:00;COM VÍTIMA;BOA VIAGEM;RUA;RUA CARLOS PEREIRA FALCAO;;;PROX AO SUPERMERCADO SOBERANO  E RESTAURANTE BODE DO NO;BOA VIAGEM;;;COLISÃO LATERAL;0;1;0;0;0;0;0;0;0;1;0;;;;;;;;;;;;;
2023-10-11;quarta-feira ;05:13:00;COM VÍTIMA;TAMARINEIRA;AVENIDA;AVENIDA NORTE MIGUEL ARRAES DE ALENCAR;;;E/F AO NEXOS MOTEL;TAMARINEIRA;;;COLISÃO LATERAL;0;1;0;0;0;0;0;0;0;1;0;;;;;;;;;;;;;
2023-10-11;quarta-feira ;07:03:00;SEM VÍTIMA;PINA;AVENIDA;AVENIDA CELSO FURTADO (VIA MANGUE);;;KM2,4;PINA;;;COLISÃO;2;0;0;0;0;0;0;0;0;0;0;;;;;;;;;;;;;
2023-10-11;quarta-feira ;07:05:00;SEM VÍTIMA;SAO JOSE;RUA;RUA IMPERIAL;;;PRÓXIMO A ESCOLA DE REFERÊNCIA EM ENSINO MÉDIO JOAQUIM NABUCO;SAO JOSE;;;COLISÃO;2;0;0;0;0;0;0;0;0;0;0;;;;;;;;;;;;;
2023-10-11;quarta-feira ;09:56:00;COM VÍTIMA;CAXANGA;RUA;RUA RIBEIRO PESSOA;;;PRÓXIMO AO MOTEL NINJA;CAXANGA;;;COLISÃO LATERAL;0;1;0;0;0;1;0;0;0;1;0;;;;;;;;;;;;;
2023-10-12;quinta-feira ;10:36:00;COM VÍTIMA;CORDEIRO;AVENIDA;AVENIDA ENGENHEIRO ABDIAS DE CARVALHO;EST;EST DO FORTE DO ARRAIAL N. DO B. JESUS;SEMAFORO 375;CORDEIRO;;;COLISÃO;1;1;0;0;0;0;0;0;0;1;0;;;;;;;;;;;;;
2023-10-12;quinta-feira ;11:00:00;COM VÍTIMA;BAIRRO DO RECIFE;CAIS;CAIS DO APOLO;;;EM FRENTE A PREFEITURA DO RECIFE;BAIRRO DO RECIFE;;;COLISÃO LATERAL;0;1;0;0;0;0;0;0;0;1;0;;;;;;;;;;;;;
2023-10-12;quinta-feira ;12:16:00;COM VÍTIMA;MADALENA;RUA;RUA BENFICA;;;E/F A PRAÇA DO INTERNACIONAL;MADALENA;;;QUEDA;0;1;0;0;0;0;0;0;0;1;0;;;;;;;;;;;;;
2023-10-12;quinta-feira ;12:41:00;COM VÍTIMA;PINA;PTE;PTE GOVERNADOR PAULO GUERRA;;;NO VIADUTO DO PINA S/T CID;PINA;;;COLISÃO LATERAL;1;1;0;0;0;0;0;0;0;1;0;;;;;;;;;;;;;
2023-10-12;quinta-feira ;01:26:00;COM VÍTIMA;TORROES;AVENIDA;AVENIDA ENGENHEIRO ABDIAS DE CARVALHO;;;E/F AO YOKI;TORROES;;;COLISÃO LATERAL;0;1;0;0;0;0;0;0;0;1;0;;;;;;;;;;;;;
2023-10-12;quinta-feira ;03:06:00;COM VÍTIMA;JARDIM SAO PAULO;RUA;RUA ALVENOPOLIS;;;PROX A ESCOLA DOM BOSCO;JARDIM SAO PAULO;;;COLISÃO LATERAL;1;0;0;0;0;0;0;0;0;1;0;;;;;;;;;;;;;
2023-10-12;quinta-feira ;06:27:00;COM VÍTIMA;BOA VIAGEM;TRV;TRV DR PEDRO DE MELO CAHU;RUA;RUA PROFESSOR JOSE BRANDAO;PROX AO COLEGIO SANTA MARIA  E EM FRENTE AO BEATH CLASS;BOA VIAGEM;;;COLISÃO LATERAL;2;0;0;0;0;0;0;0;0;1;0;;;;;;;;;;;;;
2023-10-12;quinta-feira ;07:15:00;COM VÍTIMA;SAN MARTIN;AVENIDA;AVENIDA GENERAL SAN MARTIN;;;EM FRENTE À SORVETERIA MUG. SOLICITANTE INFORMA QUE NÃO EXISTEM MAIS PONTOS DE REFERÊNCIAS / ENTRE O SEMÁFORO DA GOMES TABORDA E O HOSPITAL GETÚLIO VARGAS;SAN MARTIN;;;COLISÃO;0;1;0;0;0;0;0;0;0;1;0;;;;;;;;;;;;;
2023-10-13;sexta-feira ;12:45:00;SEM VÍTIMA;BOA VIAGEM;AVENIDA;AVENIDA CELSO FURTADO (VIA MANGUE);;;;BOA VIAGEM;;;COLISÃO;2;0;0;0;0;0;0;0;0;0;0;;;;;;;;;;;;;
2023-10-13;sexta-feira ;06:15:00;COM VÍTIMA;AFLITOS;AVENIDA;AVENIDA CONS ROSA E SILVA;;;APOS O CLUB NAUTICO, EM FRENTE AO BOM PREÇO;AFLITOS;;;COLISÃO;1;0;0;0;0;0;0;0;0;1;0;;;;;;;;;;;;;
2023-10-13;sexta-feira ;07:23:00;COM VÍTIMA;ESPINHEIRO;RUA;RUA QUARENTA E OITO;;;APOS A FARMACIA PAGUE MENOS;ESPINHEIRO;;;COLISÃO LATERAL;0;1;0;0;0;0;0;0;0;1;0;;;;;;;;;;;;;
2023-10-13;sexta-feira ;07:48:00;COM VÍTIMA;CAMPO GRANDE;RUA;RUA PROFESSOR FRANCISCO DA TRINDADE;;;PROX. AO CLUBE DAS PAS E PRAÇA DE CAMPO GRANDE;CAMPO GRANDE;;;COLISÃO LATERAL;0;1;0;0;0;0;0;0;0;1;0;;;;;;;;;;;;;
2023-10-13;sexta-feira ;08:01:00;COM VÍTIMA;HIPODROMO;RUA;RUA CARLOS FERNANDES;;;PROX. AO COLEGIO CLOVIS BEVILAQUA;HIPODROMO;;;COLISÃO FRONTAL;1;1;0;0;0;0;0;0;0;2;0;;;;;;;;;;;;;
2023-10-13;sexta-feira ;08:56:00;COM VÍTIMA;AFOGADOS;RUA;RUA VINTE E UM DE ABRIL;;;PROX A PRAÇA DO GIRADOURO / EM FRENTE JOEL DAS BEBIDAS. SENTIDO AFOGADOS;AFOGADOS;;;COLISÃO COM CICLISTA;1;0;0;1;0;0;0;0;0;1;0;;;;;;;;;;;;;
2023-10-13;sexta-feira ;09:16:00;SEM VÍTIMA;CIDADE UNIVERSITARIA;RUA;RUA PROFESSOR ANTONIO COELHO;RUA;RUA EMILIANO BRAGA;AO LADO DO TERMINAL T.I DA CAXANGA;CIDADE UNIVERSITARIA;;;COLISÃO LATERAL;1;1;0;0;0;0;0;0;0;0;0;;;;;;;;;;;;;
2023-10-13;sexta-feira ;10:31:00;COM VÍTIMA;IBURA;RUA;RUA BARAO DE ANTONINA;;;ULTIMO RETORNO DA CHURRASCARIA SAL E BRASA // FATO COMERCIO;IBURA;;;COLISÃO LATERAL;1;1;0;0;0;0;0;0;0;1;0;;;;;;;;;;;;;
2023-10-13;sexta-feira ;12:17:00;COM VÍTIMA;VARZEA;AVENIDA;AVENIDA CAXANGA;;;EM FRENTE AO TERMINAL T.I CAXANGA;VARZEA;262;;ATROPELAMENTO DE PESSOA;0;0;0;1;1;0;0;0;0;1;0;;;;;;;;;;;;;
2023-10-13;sexta-feira ;02:06:00;COM VÍTIMA;ESPINHEIRO;AVENIDA;AVENIDA JOAO DE BARROS;;;PROX AO EXTRA;ESPINHEIRO;;;COLISÃO COM CICLISTA;1;0;0;1;0;0;0;0;0;1;0;;;;;;;;;;;;;
2023-10-13;sexta-feira ;04:57:00;SEM VÍTIMA;JOANA BEZERRA;AVENIDA;AVENIDA BEIRA RIO;;;NO CAMPO DO BARRO NA DESCIDA DO VIADUTO  ANTES DO FORUM;JOANA BEZERRA;;;COLISÃO LATERAL;1;1;0;0;0;0;0;0;0;0;0;;;;;;;;;;;;;
2023-10-13;sexta-feira ;05:41:00;COM VÍTIMA;DOIS UNIDOS;RUA;RUA DIVISOPOLIS;;;APOS A ESCOLA MARACANA NA SEGUNDA CURVA;DOIS UNIDOS;;;COLISÃO FRONTAL;0;1;0;0;0;1;0;0;0;1;0;;;;;;;;;;;;;
2023-10-13;sexta-feira ;06:38:00;SEM VÍTIMA;DOIS UNIDOS;RUA;RUA VERTENTES DO LERIO;;;;DOIS UNIDOS;;;CHOQUE;1;1;0;0;0;0;1;0;0;0;0;;;;;;;;;;;;;
2023-10-13;sexta-feira ;06:49:00;SEM VÍTIMA;BOMBA DO HEMETERIO;RUA;RUA BOMBA DO HEMETERIO;;;PROX A SERGIO ORTO FRUITS;BOMBA DO HEMETERIO;;;COLISÃO LATERAL;2;0;0;0;0;0;0;0;0;0;0;;;;;;;;;;;;;
2023-10-14;sábado ;12:31:00;COM VÍTIMA;BOA VIAGEM;RUA;RUA ANTONIO FALCAO;;;PROX. AO CARREFU;BOA VIAGEM;227;;COLISÃO LATERAL;1;1;0;0;0;0;0;0;0;1;0;;;;;;;;;;;;;
2023-10-14;sábado ;01:26:00;SEM VÍTIMA;IBURA;AVENIDA;AVENIDA SAO PAULO;;;TERMINAL DO ONIBUS DE TRES CARNEIROS ALTO;IBURA;;;COLISÃO LATERAL;0;0;0;0;0;1;1;0;0;0;0;;;;;;;;;;;;;
2023-10-14;sábado ;02:17:00;COM VÍTIMA;BOA VIAGEM;AVENIDA;AVENIDA ANTONIO DE GOES;;;PROX AO MCDONALD´S;BOA VIAGEM;;;COLISÃO LATERAL;0;1;0;0;0;0;0;0;0;1;0;;;;;;;;;;;;;
2023-10-14;sábado ;03:10:00;COM VÍTIMA;CORDEIRO;RUA;RUA VISCONDE DE ITABORAI;;;PERTO DO COLEGIO ALBERTO SABIN;CORDEIRO;;;COLISÃO LATERAL;1;1;0;0;0;0;0;0;0;1;0;;;;;;;;;;;;;
2023-10-14;sábado ;03:23:00;COM VÍTIMA;TORROES;EST;EST DO FORTE DO ARRAIAL N. DO B. JESUS;;;EM FRENTE A SUPREMA LAVANDERIA;TORROES;;;COLISÃO COM CICLISTA;1;0;0;1;0;0;0;0;0;1;0;;;;;;;;;;;;;
2023-10-14;sábado ;03:39:00;COM VÍTIMA;BOA VIAGEM;RUA;RUA HENRIQUE CAPITULINO;RUA;RUA DOS NAVEGANTES;POX AO QUIOSQUE 13 NA RUA DO BRIGADEIRO DA AERONAULTICA;BOA VIAGEM;;;COLISÃO LATERAL;1;1;0;0;0;0;0;0;0;1;0;;;;;;;;;;;;;
2023-10-14;sábado ;04:12:00;COM VÍTIMA;SANTO AMARO;AVENIDA;AVENIDA MARIO MELO;RUA;RUA PALMARES;E/F AO INSS;SANTO AMARO;;;COLISÃO LATERAL;1;1;0;0;0;0;0;0;0;1;0;;;;;;;;;;;;;
2023-10-14;sábado ;05:02:00;COM VÍTIMA;CASA AMARELA;AVENIDA;AVENIDA NORTE MIGUEL ARRAES DE ALENCAR;RUA;RUA MANDACARU;AO LADO DA FARMACIA MANDACARU;CASA AMARELA;;;COLISÃO;0;2;0;0;0;0;0;0;0;1;0;;;;;;;;;;;;;
2023-10-14;sábado ;05:43:00;COM VÍTIMA;BOA VIAGEM;RUA;RUA DONA MAGINA PONTUAL;;;E/F A GREJA  NOSSA SENHORA DE FATIMA;BOA VIAGEM;;;CAPOTAMENTO;0;0;0;0;0;0;0;0;0;1;0;;;;;;;;;;;;;
2023-10-14;sábado ;09:13:00;COM VÍTIMA;TORROES;AVENIDA;AVENIDA BICENTENARIO DA REVOLUCAO FRANCESA;;;FARMACIA POUPE MAIS;TORROES;;;COLISÃO;0;1;0;0;1;0;1;0;0;2;0;;;;;;;;;;;;;
2023-10-14;sábado ;09:20:00;SEM VÍTIMA;BEBERIBE;AVENIDA;AVENIDA BEBERIBE;;;EM FRENTE AO POSTO SHELL;BEBERIBE;;;COLISÃO FRONTAL;1;1;0;0;0;0;0;0;0;0;0;;;;;;;;;;;;;
2023-10-14;sábado ;10:02:00;SEM VÍTIMA;BOA VIAGEM;RUA;RUA JOAO DIAS MARTINS;RUA;RUA DONA MAGINA PONTUAL;;BOA VIAGEM;;;CAPOTAMENTO;2;0;0;0;0;0;0;0;0;0;0;;;;;;;;;;;;;
2023-10-15;domingo ;07:20:00;COM VÍTIMA;GRACAS;AVENIDA;AVENIDA RUI BARBOSA;;;PROX AO MUSEU DO ESTADO / AO LADO DA PEDRAGON;GRACAS;;;COLISÃO;0;1;0;0;0;0;0;0;0;1;0;;;;;;;;;;;;;
2023-10-15;domingo ;08:54:00;COM VÍTIMA;SANTO AMARO;RUA;RUA DR LEOPOLDO LINS;;;DE FRENTE A FACULDADE DE CIENCIAS HUMANA;SANTO AMARO;;;COLISÃO;0;1;0;0;0;0;0;0;0;1;0;;;;;;;;;;;;;
2023-10-15;domingo ;08:54:00;COM VÍTIMA;ARRUDA;AVENIDA;AVENIDA PROFESSOR JOSE DOS ANJOS;;;POR TRÁS DO CAMPO DO ARRUDA;ARRUDA;;;COLISÃO;0;1;0;0;0;0;0;0;0;1;0;;;;;;;;;;;;;
2023-10-15;domingo ;11:10:00;COM VÍTIMA;CORDEIRO;RUA;RUA ANGELICA;;;PROX A PADARIA DO FORTE  / PROX AO AO SUPERMERCADO DO PREÇO;CORDEIRO;;;COLISÃO;1;1;0;0;0;0;0;0;0;1;0;;;;;;;;;;;;;
2023-10-15;domingo ;02:16:00;COM VÍTIMA;IMBIRIBEIRA;AVENIDA;AVENIDA MARECHAL MASCARENHAS DE MORAES;;;PROXIMO A FACULDADE UNIVERSO E SKAYFIT;IMBIRIBEIRA;;;COLISÃO;0;1;0;0;0;0;0;0;0;1;0;;;;;;;;;;;;;
2023-10-15;domingo ;04:17:00;COM VÍTIMA;CASA AMARELA;RUA;RUA BELA VISTA;;;PADARIA BELA VISTA;CASA AMARELA;;;COLISÃO LATERAL;1;1;0;0;0;0;0;0;0;1;0;;;;;;;;;;;;;
2023-10-15;domingo ;11:39:00;SEM VÍTIMA;IMBIRIBEIRA;RUA;RUA ITACARE;;;PROXIMO AO BAR ESPAÇO ABERTO;IMBIRIBEIRA;;;CHOQUE;2;0;0;0;0;0;0;0;0;0;0;;;;;;;;;;;;;
2023-10-16;segunda-feira ;07:37:00;COM VÍTIMA;AFOGADOS;RUA;RUA SAO MIGUEL;;;EM FRENTE AO RESTAURANTE CHINE BOX / PROX AO QUARTEL;AFOGADOS;;;COLISÃO;1;1;0;0;1;0;0;0;0;1;0;;;;;;;;;;;;;
2023-10-16;segunda-feira ;07:37:00;COM VÍTIMA;NOVA DESCOBERTA;RUA;RUA NOVA DESCOBERTA;;;EM FRENTE AO ARMAZEM IMPERIO DA CONSTRUÇÃO;NOVA DESCOBERTA;;;COLISÃO;0;1;0;0;0;0;0;0;0;1;0;;;;;;;;;;;;;
2023-10-16;segunda-feira ;08:34:00;COM VÍTIMA;ARRUDA;RUA;RUA MUNIZ GALVAO;;;BAR MISTUREBA;ARRUDA;;;COLISÃO FRONTAL;1;1;0;0;0;0;0;0;0;1;0;;;;;;;;;;;;;
2023-10-16;segunda-feira ;08:41:00;COM VÍTIMA;BOA VIAGEM;AVENIDA;AVENIDA CONSELHEIRO AGUIAR;RUA;RUA PADRE BERNADINO PESSOA;PROX A TUTU E PRIMA CASA, NA RUA DA PADARIA BOA VIAGEM;BOA VIAGEM;;;COLISÃO;1;1;0;0;0;0;0;0;0;1;0;;;;;;;;;;;;;
2023-10-16;segunda-feira ;10:10:00;COM VÍTIMA;CAMPO GRANDE;AVENIDA;AVENIDA GOVERNADOR AGAMENON MAGALHAES;;;PROX AO POSTO BR /  PROX AO HOSPITAL MANDACARU;CAMPO GRANDE;;;COLISÃO;0;1;0;0;0;0;0;0;0;1;0;;;;;;;;;;;;;
2023-10-16;segunda-feira ;12:02:00;COM VÍTIMA;BAIRRO DO RECIFE;CAIS;CAIS DO APOLO;;;PROX AO TRIBUNAL REGIONAL FEDERAL;BAIRRO DO RECIFE;;;COLISÃO LATERAL;2;0;0;0;0;0;0;0;0;1;0;;;;;;;;;;;;;
2023-10-16;segunda-feira ;12:15:00;COM VÍTIMA;SANTO AMARO;AVENIDA;AVENIDA GOVERNADOR AGAMENON MAGALHAES;;;PROX AO HAP VIDA , PROX AO SHOPPING TACARUNA , SENTIDO  BOA VIAGEM;SANTO AMARO;;SUBURBIO;COLISÃO LATERAL;1;1;0;0;0;0;0;0;0;2;0;;;;;;;;;;;;;
2023-10-16;segunda-feira ;01:42:00;SEM VÍTIMA;BOA VISTA;RUA;RUA LUIZ BARBALHO;AVENIDA;AVENIDA GOVERNADOR AGAMENON MAGALHAES;EM FRENTE A PRONTO PELE;BOA VISTA;;;CHOQUE;1;0;0;0;0;0;0;0;0;0;0;;;;;;;;;;;;;
2023-10-16;segunda-feira ;01:59:00;COM VÍTIMA;LINHA DO TIRO;RUA;RUA URIEL DE HOLANDA;;;SEMÁFORO 641;LINHA DO TIRO;;;COLISÃO FRONTAL;0;2;0;0;0;0;0;0;0;1;0;;;;;;;;;;;;;
2023-10-16;segunda-feira ;03:21:00;COM VÍTIMA;IMBIRIBEIRA;RUA;RUA JULIO VERNE;;;NA RUA DO SINDICATO DOS TAXISTA;IMBIRIBEIRA;;;COLISÃO LATERAL;0;2;0;0;0;0;0;0;0;3;0;;;;;;;;;;;;;
2023-10-16;segunda-feira ;03:39:00;COM VÍTIMA;CASA AMARELA;RUA;RUA PADRE LEMOS;;;KINITOS;CASA AMARELA;;;COLISÃO LATERAL;1;1;0;0;0;0;0;0;0;2;0;;;;;;;;;;;;;
2023-10-16;segunda-feira ;04:42:00;COM VÍTIMA;MADALENA;AVENIDA;AVENIDA VISCONDE DE ALBUQUERQUE;RUA;RUA JOSE OSORIO;PROX EXTRA FARMA E A FARMACIA DO TRABALHADOR;MADALENA;;SUBURBIO;COLISÃO LATERAL;1;1;0;0;0;0;0;0;0;1;0;;;;;;;;;;;;;
2023-10-16;segunda-feira ;06:32:00;COM VÍTIMA;ILHA DO LEITE;AVENIDA;AVENIDA FREI MATIAS TEVES;RUA;RUA SENADOR JOSE HENRIQUE;PROX A MULTI IMAGEM E AO LADO DO HOSPITAL ALBERT  SABIN;ILHA DO LEITE;;;COLISÃO FRONTAL;1;1;0;0;0;0;0;0;0;1;0;;;;;;;;;;;;;
2023-10-17;terça-feira ;12:29:00;COM VÍTIMA;IMBIRIBEIRA;RUA;RUA SARGENTO SILVINO DE MACEDO;RUA;RUA JOAQUIM BANDEIRA;ESQUINA COM O HOTEL PRAIA SUL;IMBIRIBEIRA;;;COLISÃO;1;1;0;0;0;0;0;0;0;1;0;;;;;;;;;;;;;