data;dia_semana;hora;natureza;bairro;logradouro_endereco;endereco;logradouro_detalhe_endereço;detalhe_endereco_acidente;complemento;bairro_cruzamento;num_semaforo;sentido_via;tipo;auto;moto;ciclom;ciclista;pedestre;onibus;caminhao;viatura;outros;vitimas;vitimasfatais;acidente_verificado;tempo_clima;situacao_semaforo;sinalizacao;condicao_via;conservacao_via;ponto_controle;situacao_placa;velocidade_max_via;mao_direcao;divisao_via1;divisao_via2;divisao_via3
2023-10-17;terça-feira ;08:12:00;COM VÍTIMA;CAXANGA;AVENIDA;AVENIDA CAXANGA;;;GOLF CLUBE // E/F A PARADA DO BRT;CAXANGA;;;COLISÃO FRONTAL;4;0;0;0;0;0;0;0;0;2;0;;;;;;;;;;;;;
2023-10-17;terça-feira ;08:27:00;COM VÍTIMA;IMBIRIBEIRA;AVENIDA;AVENIDA MARECHAL MASCARENHAS DE MORAES;;;PROX. A FLOR E ARTE E POSTO IPIRANGA SENT. CIDADE;IMBIRIBEIRA;;;COLISÃO LATERAL;0;1;0;0;0;0;0;0;0;1;0;;;;;;;;;;;;;
2023-10-17;terça-feira ;08:33:00;COM VÍTIMA;BOA VIAGEM;AVENIDA;AVENIDA ENGENHEIRO DOMINGOS FERREIRA;;;EM FRENTE A REI DOS GALETOS, SENTIDO PIEDADE;BOA VIAGEM;;;COLISÃO TRASEIRA;1;1;0;0;0;0;0;0;0;1;0;;;;;;;;;;;;;
2023-10-17;terça-feira ;09:02:00;COM VÍTIMA;CASA FORTE;AVENIDA;AVENIDA DEZESSETE DE AGOSTO;;;EM FRENTE AO POSTO DE GASOLINA PETROCAL;CASA FORTE;;;COLISÃO TRASEIRA;2;1;0;0;0;0;0;0;0;1;0;;;;;;;;;;;;;
2023-10-17;terça-feira ;11:04:00;SEM VÍTIMA;IBURA;AVENIDA;AVENIDA DOIS RIOS;;;OTICA PRECISÃO;IBURA;561;CIDADE;COLISÃO TRASEIRA;1;0;0;0;0;0;1;0;0;0;0;;;;;;;;;;;;;
2023-10-17;terça-feira ;12:22:00;COM VÍTIMA;AFLITOS;AVENIDA;AVENIDA CONS ROSA E SILVA;;;AO LADO DO CLUBE PORTUGUÊS / SENTINDO AFLITOS;AFLITOS;;;COLISÃO;0;1;0;0;0;0;0;0;0;1;0;;;;;;;;;;;;;
2023-10-17;terça-feira ;12:58:00;COM VÍTIMA;MADALENA;RUA;RUA JOSE OSORIO;;;SOBRE A PONTE DA CAPUNGA;MADALENA;;;COLISÃO;0;1;0;0;0;0;0;0;0;1;0;;;;;;;;;;;;;
2023-10-17;terça-feira ;02:07:00;SEM VÍTIMA;BOA VIAGEM;RUA;RUA FELIX DE BRITO E MELO;AVENIDA;AVENIDA CONSELHEIRO AGUIAR;AO LADO DO BANCO BRADESCO;BOA VIAGEM;546;;;1;0;0;0;0;0;0;1;0;0;0;;;;;;;;;;;;;
2023-10-17;terça-feira ;02:59:00;COM VÍTIMA;BOA VIAGEM;AVENIDA;AVENIDA ENGENHEIRO DOMINGOS FERREIRA;;;EMPRESARIAL ALEXANDRE DE CASTRO;BOA VIAGEM;;;CHOQUE;1;0;0;0;0;0;0;0;0;1;0;;;;;;;;;;;;;
2023-10-17;terça-feira ;05:03:00;COM VÍTIMA;BOA VIAGEM;AVENIDA;AVENIDA CONSELHEIRO AGUIAR;;;PROXIMO A FARMACIA DROGASIL E A PARLA DELI;BOA VIAGEM;;;COLISÃO;2;0;0;0;0;0;0;0;0;2;0;;;;;;;;;;;;;
2023-10-17;terça-feira ;07:44:00;COM VÍTIMA;SANTO AMARO;AVENIDA;AVENIDA GOVERNADOR AGAMENON MAGALHAES;;;DEPOIS DO VIADUTO DA AV NORTE;SANTO AMARO;;OLINDA;COLISÃO LATERAL;0;1;0;1;0;0;0;0;0;2;0;;;;;;;;;;;;;
2023-10-17;terça-feira ;09:38:00;COM VÍTIMA;BAIRRO DO RECIFE;AVENIDA;AVENIDA MILITAR;;;POR TRAZ DA FABRICA DE BISCOITOS PILAR;BAIRRO DO RECIFE;;CIDADE;COLISÃO;0;1;0;0;0;0;0;0;0;1;0;;;;;;;;;;;;;
2023-10-18;quarta-feira ;08:08:00;COM VÍTIMA;ROSARINHO;RUA;RUA DR JOSE MARIA;;;LADO OPOSTO À PADARIA PÃO RECIFE;ROSARINHO;;;COLISÃO TRANSVERSAL;1;1;0;0;0;0;0;0;0;2;0;;;;;;;;;;;;;
2023-10-18;quarta-feira ;08:50:00;COM VÍTIMA;MADALENA;RUA;RUA DR JOAO COIMBRA;RUA;RUA ERNANI BRAGA;PROX. AO MERCADO PUBLIDO DA MADALENA;MADALENA;;;COLISÃO LATERAL;1;1;0;0;0;0;0;0;0;1;0;;;;;;;;;;;;;
2023-10-18;quarta-feira ;10:29:00;SEM VÍTIMA;JOANA BEZERRA;RUA;RUA CABO EUTROPIO;RUA;RUA MALHADA;MERCEARIA POSTO IPIRANGA;JOANA BEZERRA;;CIDADE;COLISÃO TRASEIRA;0;1;0;0;0;0;0;1;0;0;0;;;;;;;;;;;;;
2023-10-18;quarta-feira ;11:15:00;COM VÍTIMA;BOA VISTA;RUA;RUA HENRIQUE DIAS;AVENIDA;AVENIDA GOVERNADOR AGAMENON MAGALHAES;AO LADO DA FARMACIA PAGUE MENOS;BOA VISTA;;;COLISÃO LATERAL;1;0;0;0;0;0;0;0;0;1;0;;;;;;;;;;;;;
2023-10-18;quarta-feira ;12:45:00;COM VÍTIMA;BOA VIAGEM;RUA;RUA RIBEIRO DE BRITO;;;E/F A HONDA;BOA VIAGEM;;;ATROPELAMENTO DE PESSOA;0;0;0;0;0;0;0;0;0;1;0;;;;;;;;;;;;;
2023-10-18;quarta-feira ;01:32:00;COM VÍTIMA;IPUTINGA;AVENIDA;AVENIDA CAXANGA;RUA;RUA GENERAL POLIDORO;EM FRENTE À ITALIANA;IPUTINGA;;;COLISÃO;0;0;0;0;0;0;0;0;0;1;0;;;;;;;;;;;;;
2023-10-18;quarta-feira ;01:47:00;COM VÍTIMA;BOA VIAGEM;RUA;RUA JOSE MOREIRA LEAL;;;COLÉGIO ELO;BOA VIAGEM;;;COLISÃO LATERAL;1;1;0;0;0;0;0;0;0;1;0;;;;;;;;;;;;;
2023-10-18;quarta-feira ;02:53:00;COM VÍTIMA;COHAB;AVENIDA;AVENIDA SANTOS;;;UR2 / EM FRENTE AO FERRO VELHO MOZÁ;COHAB;;;COLISÃO;0;0;0;0;0;0;0;0;0;1;0;;;;;;;;;;;;;
2023-10-18;quarta-feira ;03:39:00;COM VÍTIMA;ESTANCIA;AVENIDA;AVENIDA RECIFE;;;PROXIMO O GALETOS E AO RESIDENCIAL IGNEZ ANDREAZZA;ESTANCIA;;;COLISÃO;0;1;0;0;0;0;0;0;0;1;0;;;;;;;;;;;;;
2023-10-18;quarta-feira ;04:08:00;COM VÍTIMA;PRADO;RUA;RUA HERCULES FLORENCE;;;PROX A BIG CAR;PRADO;;;COLISÃO LATERAL;1;1;0;0;0;0;0;0;0;1;0;;;;;;;;;;;;;
2023-10-18;quarta-feira ;04:20:00;SEM VÍTIMA;IPSEP;RUA;RUA SAO NICOLAU;RUA;RUA ABDIAS CABRAL DE MOURA;EM FRENTE A SPORT CAR;IPSEP;;;;1;0;0;0;0;0;0;0;0;0;0;;;;;;;;;;;;;
2023-10-18;quarta-feira ;05:11:00;COM VÍTIMA;COHAB;RUA;RUA DR BENIGNO JORDAO DE VASCONCELOS;;;PROXIMO A ESCOLA LAGOA ENCANTADA E AO SALÃO DE BELEZA SAMANTA MOURA;COHAB;;;COLISÃO;0;1;0;0;0;0;0;0;0;1;0;;;;;;;;;;;;;
2023-10-18;quarta-feira ;05:59:00;COM VÍTIMA;SANTO AMARO;AVENIDA;AVENIDA CRUZ CABUGA;;;PROXIMO AO PARQUE TREZE DE MAIO E CAIXA ECONOMICA;SANTO AMARO;;;COLISÃO;0;1;0;0;0;0;0;0;0;1;0;;;;;;;;;;;;;
2023-10-18;quarta-feira ;07:43:00;COM VÍTIMA;IBURA;AVENIDA;AVENIDA DOM HELDER CAMARA;;;CRUZAMENTO DA LINHA FÉRREA;IBURA;;;COLISÃO;0;1;0;1;0;0;0;0;0;1;0;;;;;;;;;;;;;
2023-10-19;quinta-feira ;12:17:00;COM VÍTIMA;BOA VIAGEM;RUA;RUA VISCONDE DE JEQUITINHONHA;RUA;RUA ERNESTO DE PAULA SANTOS;SUPER MERCADO SOBERANO;BOA VIAGEM;304;;COLISÃO;0;0;0;0;0;0;0;0;0;1;0;;;;;;;;;;;;;
2023-10-19;quinta-feira ;07:43:00;COM VÍTIMA;ARRUDA;AVENIDA;AVENIDA PROFESSOR JOSE DOS ANJOS;;;EM FRENTE A COOPERATIVA PALHA DE ARROZ;ARRUDA;;;COLISÃO LATERAL;0;1;0;0;0;0;0;0;0;1;0;;;;;;;;;;;;;
2023-10-19;quinta-feira ;09:12:00;COM VÍTIMA;SANTO AMARO;AVENIDA;AVENIDA CRUZ CABUGA;;;PROX. AO MINISTERIO MADUREIRA, ANTIGA HONDA E CASA FUNERARIA MORADA DA PAZ;SANTO AMARO;;;COLISÃO LATERAL;1;1;0;0;0;1;0;0;0;2;0;;;;;;;;;;;;;
2023-10-19;quinta-feira ;10:27:00;COM VÍTIMA;AREIAS;AVENIDA;AVENIDA DR JOSE RUFINO;;;AO LADO DO SENAI, PACIENTE DENTRO DA ACADEMIA GRIBLOX;AREIAS;;;COLISÃO LATERAL;0;1;0;0;0;0;0;0;0;1;0;;;;;;;;;;;;;
2023-10-19;quinta-feira ;10:27:00;COM VÍTIMA;TORROES;RUA;RUA WASHINGTON DUARTE ESPINDOLA;;;VIA QUE LIGA A AV. RECIFE A BR-101;TORROES;0;;ATROPELAMENTO DE PESSOA;0;0;0;0;1;1;0;0;0;1;0;;;;;;;;;;;;;
2023-10-19;quinta-feira ;11:57:00;COM VÍTIMA;BOA VIAGEM;RUA;RUA MAMANGUAPE;;;PROX. AO CARREFOUR;BOA VIAGEM;;;COLISÃO COM CICLISTA;1;0;0;1;0;0;0;0;0;1;0;;;;;;;;;;;;;
2023-10-19;quinta-feira ;02:02:00;COM VÍTIMA;JARDIM SAO PAULO;AVENIDA;AVENIDA RECIFE;;;DENTRO DO SUPEMERCADO ASSAI;JARDIM SAO PAULO;;;COLISÃO TRANSVERSAL;1;1;0;0;0;0;0;0;0;1;0;;;;;;;;;;;;;
2023-10-19;quinta-feira ;02:42:00;COM VÍTIMA;ESPINHEIRO;RUA;RUA DO ESPINHEIRO;;;PROXIMO AO RESTAURANTE VIA PALADAR E A FARMACIA DROGASIL;ESPINHEIRO;;;COLISÃO;0;1;0;0;0;0;0;0;0;1;0;;;;;;;;;;;;;
2023-10-19;quinta-feira ;07:20:00;COM VÍTIMA;SANTO AMARO;PRC;PRC GENERAL ABREU E LIMA;;;POR TRÁS DA ESCOLA ALMIRANTE SOARES DULTRA;SANTO AMARO;;;ATROPELAMENTO DE ANIMAL;0;1;0;0;0;0;0;0;0;1;0;;;;;;;;;;;;;
2023-10-20;sexta-feira ;12:42:00;COM VÍTIMA;SANTO AMARO;AVENIDA;AVENIDA NORTE MIGUEL ARRAES DE ALENCAR;AVENIDA;AVENIDA CRUZ CABUGA;CEMITERIO DOS INGLESES;SANTO AMARO;;;COLISÃO TRANSVERSAL;2;0;0;0;0;0;0;0;0;3;0;;;;;;;;;;;;;
2023-10-20;sexta-feira ;06:47:00;COM VÍTIMA;PINA;AVENIDA;AVENIDA ANTONIO DE GOES;;;PROX. AO SHOPPING RIO MAR E COMPESA;PINA;;;COLISÃO LATERAL;0;1;0;0;0;0;0;0;0;1;0;;;;;;;;;;;;;
2023-10-20;sexta-feira ;07:40:00;COM VÍTIMA;SANTO AMARO;AVENIDA;AVENIDA DR JAYME DA FONTE;;;PROX. AO SUPERMERCADO MAIS VOCE E ELAINE MODAS;SANTO AMARO;;;COLISÃO LATERAL;0;1;0;0;0;0;0;0;0;1;0;;;;;;;;;;;;;
2023-10-20;sexta-feira ;10:19:00;COM VÍTIMA;BOA VIAGEM;AVENIDA;AVENIDA ENGENHEIRO DOMINGOS FERREIRA;;;EM FRENTE AO RESTAURANTE FAMILIA JULIANO;BOA VIAGEM;;;COLISÃO;0;1;0;0;0;0;0;0;0;1;0;;;;;;;;;;;;;
2023-10-20;sexta-feira ;10:30:00;COM VÍTIMA;AREIAS;AVENIDA;AVENIDA RECIFE;;;PROX AO POSTO SHELL, SENTIDO SAN MARTIN  ( DEPOIS DO ATACADAO );AREIAS;;;ATROPELAMENTO DE PESSOA;0;1;0;0;1;0;0;0;0;1;0;;;;;;;;;;;;;
2023-10-20;sexta-feira ;10:39:00;COM VÍTIMA;BOA VIAGEM;AVENIDA;AVENIDA ENGENHEIRO DOMINGOS FERREIRA;;;EM FRENTE AO ASSAI;BOA VIAGEM;380;;COLISÃO TRASEIRA;0;2;0;0;0;1;0;0;0;1;0;;;;;;;;;;;;;
2023-10-20;sexta-feira ;01:07:00;COM VÍTIMA;IMBIRIBEIRA;AVENIDA;AVENIDA MARECHAL MASCARENHAS DE MORAES;;;LADO OPOSTO A GRILO/ SENTIDO AEROPORTO;IMBIRIBEIRA;396;;COLISÃO LATERAL;3;0;0;0;0;0;0;0;0;1;0;;;;;;;;;;;;;
2023-10-20;sexta-feira ;01:30:00;COM VÍTIMA;BEBERIBE;AVENIDA;AVENIDA BEBERIBE;AVENIDA;AVENIDA PROFESSOR JOSE DOS ANJOS;;BEBERIBE;;;COLISÃO COM CICLISTA;1;0;0;2;0;0;0;0;0;1;0;;;;;;;;;;;;;
2023-10-20;sexta-feira ;01:43:00;COM VÍTIMA;JORDAO;AVENIDA;AVENIDA MARIA IRENE;;;BASE AEREA DE RECIFE;JORDAO;;;COLISÃO LATERAL;0;0;0;0;0;0;0;0;0;1;0;;;;;;;;;;;;;
2023-10-20;sexta-feira ;02:45:00;COM VÍTIMA;BOA VISTA;AVENIDA;AVENIDA CONDE DA BOA VISTA;;;PROXIMO AO SHOPPING BOA VISTA E DROGARIA SÃO PAULO;BOA VISTA;;;COLISÃO;0;1;0;0;0;2;0;0;0;1;0;;;;;;;;;;;;;
2023-10-20;sexta-feira ;02:49:00;COM VÍTIMA;AFOGADOS;RUA;RUA PADRE JOSE DE SA LEITAO;AVENIDA;AVENIDA SUL;;AFOGADOS;509;;COLISÃO;1;0;0;0;1;0;0;0;0;1;0;;;;;;;;;;;;;
2023-10-20;sexta-feira ;03:06:00;COM VÍTIMA;IMBIRIBEIRA;AVENIDA;AVENIDA PINHEIROS;AVENIDA;AVENIDA MARECHAL MASCARENHAS DE MORAES;;IMBIRIBEIRA;;;COLISÃO;1;1;0;0;0;0;0;0;0;1;0;;;;;;;;;;;;;
2023-10-20;sexta-feira ;03:59:00;COM VÍTIMA;ALTO JOSE DO PINHO;RUA;RUA MARAGOGI;;;E/F A IGRJA UNIVERSAL;ALTO JOSE DO PINHO;;;COLISÃO FRONTAL;0;2;0;0;0;0;0;0;0;1;0;;;;;;;;;;;;;
2023-10-20;sexta-feira ;05:57:00;COM VÍTIMA;CAMPO GRANDE;RUA;RUA JERONIMO VILELA;;;PROXIMO A PADARIA SANTO ANTONIO;CAMPO GRANDE;;;COLISÃO;0;1;0;0;0;0;0;0;0;1;0;;;;;;;;;;;;;
2023-10-20;sexta-feira ;06:58:00;COM VÍTIMA;IMBIRIBEIRA;AVENIDA;AVENIDA MARECHAL MASCARENHAS DE MORAES;;;JUIZADO ESPECIAIS DO RECIFE / POSTO DE SAUDE;IMBIRIBEIRA;;;QUEDA;0;1;0;0;0;0;0;0;0;1;0;;;;;;;;;;;;;
2023-10-20;sexta-feira ;08:12:00;COM VÍTIMA;JOANA BEZERRA;VIADUTO;VIADUTO CAPITAO TEMUDO;;;SUBIDA DO VIADUTO;JOANA BEZERRA;;;COLISÃO;0;2;0;0;0;1;0;0;0;1;0;;;;;;;;;;;;;
2023-10-20;sexta-feira ;11:14:00;COM VÍTIMA;CASA AMARELA;EST;EST DO ARRAIAL;RUA;RUA PAULA BATISTA;AGENCIA NACIONAL DE MINERAÇÃO;CASA AMARELA;;;COLISÃO;1;1;0;0;0;0;0;0;0;1;0;;;;;;;;;;;;;
2023-10-20;sexta-feira ;11:39:00;SEM VÍTIMA;SAO JOSE;RUA;RUA JARAGUARI;;;;SAO JOSE;;SUBURBIO;COLISÃO LATERAL;0;1;0;0;0;0;0;0;0;0;0;;;;;;;;;;;;;
2023-10-21;sábado ;12:10:00;SEM VÍTIMA;TAMARINEIRA;RUA;RUA SILVEIRA DE CARVALHO;;;;TAMARINEIRA;;SUBURBIO;COLISÃO LATERAL;2;0;0;0;0;0;0;0;0;0;0;;;;;;;;;;;;;
2023-10-21;sábado ;04:45:00;COM VÍTIMA;BAIRRO DO RECIFE;CAIS;CAIS DO APOLO;;;PROXIMO A PCR;BAIRRO DO RECIFE;;;ATROPELAMENTO DE PESSOA;1;0;0;0;1;0;0;0;0;1;0;;;;;;;;;;;;;
2023-10-21;sábado ;12:50:00;COM VÍTIMA;AREIAS;RUA;RUA IPOJUCA;;;PROXIMO A ESCOLA PROFISSIONALIZANTE DE AREIAS;AREIAS;;;COLISÃO;0;1;0;0;0;0;0;0;0;1;0;;;;;;;;;;;;;
2023-10-21;sábado ;01:02:00;COM VÍTIMA;TORRE;RUA;RUA REAL DA TORRE;;;PROXIMO AO RECIBOM DA TORRE;TORRE;;;COLISÃO;0;1;0;0;0;0;0;0;0;1;0;;;;;;;;;;;;;
2023-10-21;sábado ;01:09:00;COM VÍTIMA;BOA VIAGEM;RUA;RUA CAPITAO ZUZINHA;;;PROXIMO AO BAR DA AZINHA;BOA VIAGEM;;;COLISÃO;0;1;0;0;0;0;0;0;0;1;0;;;;;;;;;;;;;
2023-10-21;sábado ;01:55:00;COM VÍTIMA;ESPINHEIRO;RUA;RUA QUARENTA E OITO;;;EM FRENTE AO RESTAURANTE SABOR DO RANCHO;ESPINHEIRO;;;COLISÃO;0;1;0;0;0;0;0;0;0;1;0;;;;;;;;;;;;;
2023-10-21;sábado ;02:23:00;COM VÍTIMA;DOIS IRMAOS;RUA;RUA MANUEL DE MEDEIROS;;;PROXIMO AO ARMAZEM COUTO E A UFRPE;DOIS IRMAOS;;;COLISÃO;0;1;0;0;0;0;0;0;0;1;0;;;;;;;;;;;;;
2023-10-21;sábado ;04:08:00;COM VÍTIMA;AREIAS;RUA;RUA RIO SOLIMOES;;;PADARIA SOLIMOES;AREIAS;;;COLISÃO LATERAL;0;0;0;0;0;0;0;0;0;1;0;;;;;;;;;;;;;
2023-10-21;sábado ;04:39:00;COM VÍTIMA;SANTO AMARO;RUA;RUA AURORA;;;INSTITUTO TAVARES BURIL;SANTO AMARO;;;COLISÃO LATERAL;0;0;0;0;0;0;0;0;0;1;0;;;;;;;;;;;;;
2023-10-21;sábado ;05:39:00;COM VÍTIMA;BOA VIAGEM;AVENIDA;AVENIDA ENGENHEIRO DOMINGOS FERREIRA;RUA;RUA CORONEL SERGIO HENRIQUE CARDIM;;BOA VIAGEM;444;;ATROPELAMENTO DE PESSOA;0;0;0;0;1;0;0;0;0;1;0;;;;;;;;;;;;;
2023-10-21;sábado ;10:18:00;COM VÍTIMA;CASA FORTE;AVENIDA;AVENIDA DEZESSETE DE AGOSTO;;;EM FRENTE AO ERMIRIO DE MORAES;CASA FORTE;;;COLISÃO LATERAL;1;1;0;0;0;0;0;0;0;1;0;;;;;;;;;;;;;
2023-10-22;domingo ;02:29:00;COM VÍTIMA;IBURA;AVENIDA;AVENIDA DOIS RIOS;;;;IBURA;;;COLISÃO FRONTAL;1;1;0;0;0;0;0;0;0;1;0;;;;;;;;;;;;;
2023-10-22;domingo ;03:33:00;SEM VÍTIMA;BOA VIAGEM;RUA;RUA DEZ DE JULHO;RUA;RUA CAMBOIM;PRÓXIMO AO ESTABELECIMENTO ALUGUEL BRASIL DE CARROS;BOA VIAGEM;;CIDADE;COLISÃO;2;0;0;0;0;0;0;0;0;0;0;;;;;;;;;;;;;
2023-10-22;domingo ;09:05:00;COM VÍTIMA;IMBIRIBEIRA;AVENIDA;AVENIDA MARECHAL MASCARENHAS DE MORAES;;;EM FRENTE A ENCRUZILHADA PNEUS;IMBIRIBEIRA;;;COLISÃO;2;0;0;0;0;0;0;0;0;1;0;;;;;;;;;;;;;
2023-10-23;segunda-feira ;04:27:00;COM VÍTIMA;MADALENA;RUA;RUA REAL DA TORRE;RUA;RUA PADRE ANCHIETA;NO CRUZAMENTO;MADALENA;192;;COLISÃO;0;1;0;0;0;1;0;0;0;1;0;;;;;;;;;;;;;
2023-10-23;segunda-feira ;06:10:00;COM VÍTIMA;SAO JOSE;AVENIDA;AVENIDA SUL;;;PROX. A FENIX PROMAGEM E GALVANIZAÇÃO SUL;SAO JOSE;260;;COLISÃO LATERAL;0;1;0;0;0;0;0;0;0;1;0;;;;;;;;;;;;;
2023-10-23;segunda-feira ;07:30:00;COM VÍTIMA;PONTO DE PARADA;RUA;RUA PROFESSOR JERONIMO GUEIROS;;;PROX A MARTENIDADE DA ENCRUZILHADA E PROX A FERREIRA PINTO;PONTO DE PARADA;;;COLISÃO;0;1;0;0;0;0;0;0;0;1;0;;;;;;;;;;;;;
2023-10-23;segunda-feira ;07:52:00;COM VÍTIMA;AREIAS;AVENIDA;AVENIDA RECIFE;;;EM FRENTE AO ATACADÃO / SENTIDO BR 232 ';AREIAS;;;COLISÃO;0;1;0;0;0;0;0;0;0;1;0;;;;;;;;;;;;;
2023-10-23;segunda-feira ;07:58:00;COM VÍTIMA;BOA VIAGEM;RUA;RUA WALDEMAR NERY CARNEIRO MONTEIRO;;;PROX. AO RESTAURANTE DONA GULA E COLEGIO PEQUENOS PASSOS;BOA VIAGEM;;;COLISÃO LATERAL;0;1;0;0;0;0;0;0;0;1;0;;;;;;;;;;;;;
2023-10-23;segunda-feira ;08:52:00;COM VÍTIMA;PRADO;RUA;RUA CARLOS GOMES;RUA;RUA JAPECANGA;PROX AO CAVALO DOURADO / EM FRENTE DO ARMAZEM COMECERCIAL VEGA;PRADO;;;COLISÃO FRONTAL;1;1;0;0;0;0;0;0;0;1;0;;;;;;;;;;;;;
2023-10-23;segunda-feira ;09:41:00;COM VÍTIMA;ILHA JOANA BEZERRA;VIADUTO;VIADUTO PAPA JOAO PAULO II;;;EM FRENTE A ESTAÇÃO JOANA BEZERRA, SENT. BOA VIAGEM;ILHA JOANA BEZERRA;;;COLISÃO LATERAL;0;1;0;0;0;0;0;0;0;1;0;;;;;;;;;;;;;
2023-10-23;segunda-feira ;11:12:00;COM VÍTIMA;ILHA JOANA BEZERRA;AVENIDA;AVENIDA DES GUERRA BARRETO;;;AO LADO DO FORUM JOANA BEZERRA;ILHA JOANA BEZERRA;;;COLISÃO;0;0;0;0;0;0;0;0;0;1;0;;;;;;;;;;;;;
2023-10-23;segunda-feira ;02:12:00;COM VÍTIMA;ENCRUZILHADA;AVENIDA;AVENIDA BEBERIBE;;;BANCO DO BRASIL;ENCRUZILHADA;;;COLISÃO LATERAL;0;0;0;0;0;0;0;0;0;1;0;;;;;;;;;;;;;
2023-10-23;segunda-feira ;03:58:00;COM VÍTIMA;CAMPO GRANDE;EST;EST DE BELEM;;;PROX AO ANTIGO TERMINAL DE CAMPO GRANDE;CAMPO GRANDE;;;COLISÃO LATERAL;0;0;0;0;0;0;0;0;0;1;0;;;;;;;;;;;;;
2023-10-23;segunda-feira ;06:50:00;COM VÍTIMA;TORROES;AVENIDA;AVENIDA ENGENHEIRO ABDIAS DE CARVALHO;;;PROX. AO CAMARÃO DO LÉONO SENTIDO BR-232;TORROES;;SU;COLISÃO LATERAL;0;0;0;0;0;0;0;0;0;1;0;;;;;;;;;;;;;
2023-10-23;segunda-feira ;09:49:00;COM VÍTIMA;IPSEP;RUA;RUA JEAN EMILE FAVRE;;;EM FRENTE AO POSTO BR;IPSEP;527;;COLISÃO FRONTAL;1;1;0;0;0;0;0;0;0;1;0;;;;;;;;;;;;;
2023-10-24;terça-feira ;07:26:00;COM VÍTIMA;ESPINHEIRO;AVENIDA;AVENIDA GOVERNADOR AGAMENON MAGALHAES;;;EM FRENTE AO SUPERMERCADO BOMPREÇO / SENTIDO OLINDA;ESPINHEIRO;173;;COLISÃO TRASEIRA;1;1;0;0;0;0;0;0;0;1;0;;;;;;;;;;;;;
2023-10-24;terça-feira ;08:04:00;COM VÍTIMA;IBURA;AVENIDA;AVENIDA RECIFE;;;SENT. SAN MARTIN PROX. A JJK AUTOS;IBURA;;;COLISÃO TRASEIRA;1;1;0;0;0;0;0;0;0;1;0;;;;;;;;;;;;;
2023-10-24;terça-feira ;08:42:00;SEM VÍTIMA;CORDEIRO;AVENIDA;AVENIDA GENERAL SAN MARTIN;;;EM FRENTE AO SEMÁFORO DE Nº 058;CORDEIRO;58;SUBURBIO;COLISÃO LATERAL;1;1;0;0;0;0;0;0;0;0;0;;;;;;;;;;;;;
2023-10-24;terça-feira ;08:47:00;COM VÍTIMA;IMBIRIBEIRA;AVENIDA;AVENIDA MARECHAL MASCARENHAS DE MORAES;;;EM FRENTE A LASER ELETRO, SENT. AFOGADOS;IMBIRIBEIRA;;;COLISÃO LATERAL;1;1;0;0;0;0;0;0;0;1;0;;;;;;;;;;;;;
2023-10-24;terça-feira ;09:05:00;COM VÍTIMA;TAMARINEIRA;RUA;RUA CONEGO BARATA;;;AO LADO DA CASA DAS PLANTAS;TAMARINEIRA;;;COLISÃO;0;1;0;0;0;0;0;0;0;1;0;;;;;;;;;;;;;
2023-10-24;terça-feira ;09:14:00;COM VÍTIMA;SANTO AMARO;AVENIDA;AVENIDA NORTE MIGUEL ARRAES DE ALENCAR;;;SOBRE O VIADUTO DA AV NORTE /;SANTO AMARO;;;COLISÃO;0;1;0;0;0;0;0;0;0;1;0;;;;;;;;;;;;;
2023-10-24;terça-feira ;10:08:00;COM VÍTIMA;CORDEIRO;RUA;RUA COSME VIANA;;;PRÓXIMO AO CRUZAMENTO DA AV. SÃO MIGUEL;CORDEIRO;;;COLISÃO;0;0;0;0;0;0;0;0;0;1;0;;;;;;;;;;;;;
2023-10-24;terça-feira ;10:41:00;SEM VÍTIMA;IMBIRIBEIRA;RUA;RUA ENGENHEIRO JOSE BRANDAO CAVALCANTE;;;ENTRADA PRINCIPAL DA LAGOA DO ARAÇA;IMBIRIBEIRA;;;COLISÃO LATERAL;1;0;0;0;0;1;0;0;0;0;0;;;;;;;;;;;;;
2023-10-24;terça-feira ;10:46:00;COM VÍTIMA;IPSEP;RUA;RUA ITAIMBE;;;EM FRENTE A LOJA MEU SOFA, PROX. A CADEMIA SELFIT;IPSEP;;;COLISÃO LATERAL;0;1;0;0;0;0;0;0;0;1;0;;;;;;;;;;;;;
2023-10-24;terça-feira ;01:11:00;COM VÍTIMA;ILHA DO LEITE;RUA;RUA SAO GONCALO;;;;ILHA DO LEITE;;;COLISÃO;0;0;0;0;0;0;0;0;0;1;0;;;;;;;;;;;;;
2023-10-24;terça-feira ;01:16:00;SEM VÍTIMA;VARZEA;RUA;RUA CORONEL PACHECO;;;PRAÇA DA VÁRZEA;VARZEA;;CIDADE;COLISÃO LATERAL;1;0;0;0;0;0;0;1;0;0;0;;;;;;;;;;;;;