data;dia_semana;hora;natureza;bairro;logradouro_endereco;endereco;logradouro_detalhe_endereço;detalhe_endereco_acidente;complemento;bairro_cruzamento;num_semaforo;sentido_via;tipo;auto;moto;ciclom;ciclista;pedestre;onibus;caminhao;viatura;outros;vitimas;vitimasfatais;acidente_verificado;tempo_clima;situacao_semaforo;sinalizacao;condicao_via;conservacao_via;ponto_controle;situacao_placa;velocidade_max_via;mao_direcao;divisao_via1;divisao_via2;divisao_via3
2023-10-24;terça-feira ;04:26:00;SEM VÍTIMA;GRACAS;RUA;RUA SENADOR ALBERTO PAIVA;;;PORTÃO LATERAL DO MUSEU DO ESTADO DE PERNAMBUCO;GRACAS;;SUBURBIO;COLISÃO TRASEIRA;1;0;0;0;0;0;0;1;0;0;0;;;;;;;;;;;;;
2023-10-24;terça-feira ;05:00:00;COM VÍTIMA;BEBERIBE;AVENIDA;AVENIDA BEBERIBE;;;PROXIMO AO POSTO DE GASOLINA SUVINE E AO INOCOOP;BEBERIBE;;;COLISÃO;1;0;0;0;0;0;0;0;0;1;0;;;;;;;;;;;;;
2023-10-24;terça-feira ;05:38:00;COM VÍTIMA;IPSEP;RUA;RUA JEAN EMILE FAVRE;;;PROXIMO A PADARIA VILA DO PÃO;IPSEP;;;COLISÃO LATERAL;1;1;0;0;0;0;0;0;0;2;0;;;;;;;;;;;;;
2023-10-24;terça-feira ;06:26:00;COM VÍTIMA;SAO JOSE;RUA;RUA IMPERIAL;;;PROX AO VIADUTO DE JOANA BEZERRA;SAO JOSE;;;COLISÃO TRANSVERSAL;2;0;0;0;0;0;0;0;0;2;0;;;;;;;;;;;;;
2023-10-24;terça-feira ;06:55:00;COM VÍTIMA;GUABIRABA;AVENIDA;AVENIDA DA RECUPERACAO;;;OFICINA DE MOLAS;GUABIRABA;;;COLISÃO LATERAL;0;0;0;0;0;0;0;0;0;1;0;;;;;;;;;;;;;
2023-10-24;terça-feira ;06:55:00;COM VÍTIMA;JOANA BEZERRA;RUA;RUA IMPERIAL;;;EM BAIXO DO VIADUTO CAPITÃO TEMUDO;JOANA BEZERRA;;;COLISÃO LATERAL;0;0;0;0;0;0;0;0;0;1;0;;;;;;;;;;;;;
2023-10-24;terça-feira ;08:13:00;COM VÍTIMA;JORDAO;AVENIDA;AVENIDA MARIA IRENE;;;EM FRENTE A IGREJA DE DEUS NOVO TEMPO E O POSTO TOTAL;JORDAO;;;COLISÃO;0;0;0;0;0;0;0;0;0;1;0;;;;;;;;;;;;;
2023-10-24;terça-feira ;08:38:00;SEM VÍTIMA;ARRUDA;AVENIDA;AVENIDA BEBERIBE;;;EM FRENTE AO CAMPO DO ARRUDA E DO ARMAZÉM CORAL;ARRUDA;;;COLISÃO;0;0;0;0;0;0;0;0;0;0;0;;;;;;;;;;;;;
2023-10-24;terça-feira ;09:57:00;COM VÍTIMA;IMBIRIBEIRA;VIADUTO;VIADUTO TANCREDO NEVES;;;ALÇA DE ACESSO A MASCARENHAS, SENTIDO UPA DA IMBIRIBEIRA;IMBIRIBEIRA;;;CAPOTAMENTO;2;0;0;0;0;0;0;0;0;2;0;;;;;;;;;;;;;
2023-10-24;terça-feira ;11:51:00;COM VÍTIMA;JOANA BEZERRA;VIADUTO;VIADUTO CAPITAO TEMUDO;;;SOBRE O VIADUTO;JOANA BEZERRA;;;COLISÃO;0;0;0;0;0;0;0;0;0;1;0;;;;;;;;;;;;;
2023-10-25;quarta-feira ;12:05:00;COM VÍTIMA;IPSEP;AVENIDA;AVENIDA RECIFE;;;ANTES DO PAN DE AREIAS;IPSEP;212;;COLISÃO;0;0;0;0;0;0;0;0;0;2;0;;;;;;;;;;;;;
2023-10-25;quarta-feira ;05:36:00;COM VÍTIMA;MACAXEIRA;AVENIDA;AVENIDA NORTE MIGUEL ARRAES DE ALENCAR;;;PRÓXIMO AO TERMINAL DA MACAXEIRA;MACAXEIRA;;;CHOQUE;0;0;0;0;0;0;0;0;0;1;0;;;;;;;;;;;;;
2023-10-25;quarta-feira ;08:21:00;COM VÍTIMA;CASA AMARELA;RUA;RUA PADRE LEMOS;;;EM FRENTE A KINITOS E ARMAZEM FERREIRA PINTO;CASA AMARELA;;;COLISÃO LATERAL;0;1;0;0;0;0;0;0;0;1;0;;;;;;;;;;;;;
2023-10-25;quarta-feira ;08:22:00;COM VÍTIMA;BEBERIBE;AVENIDA;AVENIDA BEBERIBE;;;EM FRENTE AO ATACAREJO SUPER MIX;BEBERIBE;;;ATROPELAMENTO DE PESSOA;0;1;0;0;1;0;0;0;0;1;0;;;;;;;;;;;;;
2023-10-25;quarta-feira ;09:18:00;COM VÍTIMA;SAO JOSE;AVENIDA;AVENIDA SUL;;;APOS AS TORRES GEMEAS, PROX. AO CAIS DE SANTA RITA EM FRENTE AO HOTEL EM CONSTRUÇÃO;SAO JOSE;;;COLISÃO LATERAL;0;1;0;0;0;0;0;0;0;1;0;;;;;;;;;;;;;
2023-10-25;quarta-feira ;09:47:00;COM VÍTIMA;AGUA FRIA;EST;EST VELHA DE AGUA FRIA;;;EM FRENTE ACADEMIA MEGA BOX / PROX A POLICLINICA SALOMÃO KELMER;AGUA FRIA;;;COLISÃO;0;1;0;0;0;0;0;0;0;1;0;;;;;;;;;;;;;
2023-10-25;quarta-feira ;09:53:00;COM VÍTIMA;ARRUDA;AVENIDA;AVENIDA PROFESSOR JOSE DOS ANJOS;;;PROX A PADARIA PAN CRISTAL;ARRUDA;;;COLISÃO COM CICLISTA;1;0;0;1;1;0;0;0;0;2;0;;;;;;;;;;;;;
2023-10-25;quarta-feira ;12:24:00;SEM VÍTIMA;AREIAS;AVENIDA;AVENIDA DR JOSE RUFINO;;;ARMAZEM COMERCIAL NOVO LAR;AREIAS;;SUBURBIO;COLISÃO TRASEIRA;3;0;0;0;0;0;0;0;0;0;0;;;;;;;;;;;;;
2023-10-25;quarta-feira ;01:41:00;COM VÍTIMA;MADALENA;AVENIDA;AVENIDA VISCONDE DE ALBUQUERQUE;;;PROX GALERIA MADALENA CENTER;MADALENA;;;COLISÃO FRONTAL;1;1;0;0;0;0;0;0;0;1;0;;;;;;;;;;;;;
2023-10-25;quarta-feira ;02:16:00;COM VÍTIMA;ROSARINHO;AVENIDA;AVENIDA NORTE MIGUEL ARRAES DE ALENCAR;;;PROXIMO A PADARIA ROSARINHO;ROSARINHO;;;COLISÃO;0;1;0;0;0;0;0;0;0;1;0;;;;;;;;;;;;;
2023-10-25;quarta-feira ;02:26:00;COM VÍTIMA;TORREAO;AVENIDA;AVENIDA NORTE MIGUEL ARRAES DE ALENCAR;;;PROXIMO AO VIADUTO DA AV NORTE E AO LADO DA CONCESSIONARIA CHEVROLET;TORREAO;;CIDADE;COLISÃO;0;1;0;0;0;0;0;0;0;1;0;;;;;;;;;;;;;
2023-10-25;quarta-feira ;03:16:00;COM VÍTIMA;DOIS IRMAOS;RUA;RUA MANUEL DE MEDEIROS;;;ZOOTECNIA DA UNIVERSIDADE RURAL;DOIS IRMAOS;;;COLISÃO LATERAL;0;0;0;0;0;0;0;0;0;1;0;;;;;;;;;;;;;
2023-10-25;quarta-feira ;04:21:00;SEM VÍTIMA;DERBY;AVENIDA;AVENIDA GOVERNADOR AGAMENON MAGALHAES;;;EM FRENTE AO TRIBUNAL REGIONAL ELEITORAL  DE PERNAMBUCO;;;CIDADE;COLISÃO LATERAL;0;0;0;0;0;1;0;1;0;0;0;;;;;;;;;;;;;
2023-10-25;quarta-feira ;04:21:00;COM VÍTIMA;BARRO;AVENIDA;AVENIDA DR JOSE RUFINO;;;ESCOLA CRECHE  PRESIDENTE TANGREDO NEVES;BARRO;;;COLISÃO LATERAL;0;0;0;0;0;0;0;0;0;1;0;;;;;;;;;;;;;
2023-10-25;quarta-feira ;04:53:00;COM VÍTIMA;CAMPO GRANDE;RUA;RUA JERONIMO VILELA;RUA;RUA ODORICO MENDES;PROX AO COLEGIO JESUS CRUCIFICADO;CAMPO GRANDE;;;COLISÃO TRASEIRA;1;1;0;0;0;0;0;0;0;1;0;;;;;;;;;;;;;
2023-10-25;quarta-feira ;05:59:00;COM VÍTIMA;FUNDAO;AVENIDA;AVENIDA BEBERIBE;;;INDO PELA ESTRADA VELHA DE ÁGUA FRIA ANTES DO POSTO CAJUEIRO;FUNDAO;;;COLISÃO LATERAL;0;0;0;0;0;0;0;0;0;1;0;;;;;;;;;;;;;
2023-10-25;quarta-feira ;08:04:00;SEM VÍTIMA;SANTO ANTONIO;AVENIDA;AVENIDA MARTINS DE BARROS;;;APÓS A ESTAÇÃO DO BRT MAURICIO DE NASSAU;SANTO ANTONIO;;SUBURBIO;COLISÃO LATERAL;0;0;0;0;0;1;0;1;0;0;0;;;;;;;;;;;;;
2023-10-26;quinta-feira ;07:08:00;COM VÍTIMA;BOA VISTA;AVENIDA;AVENIDA GOVERNADOR AGAMENON MAGALHAES;;;NA SAÍDA RUA DOM BOSCO, PROXIMO A RESTAURAÇÃO, SENTIDO OLINDA;BOA VISTA;;;COLISÃO;0;2;0;0;0;0;0;0;0;2;0;;;;;;;;;;;;;
2023-10-26;quinta-feira ;08:14:00;SEM VÍTIMA;ARRUDA;RUA;RUA DAS MOCAS;;;AO LADO ESTÁDIO DO SANTA CRUZ;ARRUDA;;CIDADE;COLISÃO LATERAL;1;1;0;0;0;0;0;0;0;0;0;;;;;;;;;;;;;
2023-10-26;quinta-feira ;08:33:00;COM VÍTIMA;BOA VISTA;AVENIDA;AVENIDA CONDE DA BOA VISTA;;;EM FRENTE AO COPE, SENTIDO GUARARAPES;BOA VISTA;;;COLISÃO TRASEIRA;0;0;0;1;0;1;0;0;0;1;0;;;;;;;;;;;;;
2023-10-26;quinta-feira ;08:41:00;COM VÍTIMA;PINA;AVENIDA;AVENIDA CONSELHEIRO AGUIAR;AVENIDA;AVENIDA ANTONIO DE GOES;EM FRENTE A PERNAMBUCO MOTOS;PINA;;;COLISÃO FRONTAL;1;1;0;0;0;0;0;0;0;1;0;;;;;;;;;;;;;
2023-10-26;quinta-feira ;09:03:00;COM VÍTIMA;PONTO DE PARADA;AVENIDA;AVENIDA BEBERIBE;;;EM FRENTE A LOJA PEDRAGON, PROX. AO CAMPO DO ARRUDA;PONTO DE PARADA;;;COLISÃO LATERAL;0;1;0;0;0;0;0;0;0;1;0;;;;;;;;;;;;;
2023-10-26;quinta-feira ;11:31:00;COM VÍTIMA;MADALENA;RUA;RUA JOSE OSORIO;;;PROX AO MERCADO PUBLICO DA MADALENA;MADALENA;;;COLISÃO;0;1;0;0;0;0;0;0;0;1;0;;;;;;;;;;;;;
2023-10-26;quinta-feira ;11:32:00;COM VÍTIMA;IBURA;LAD;LAD DA COHAB;;;LADEIRA DA COHAB;IBURA;;;COLISÃO;0;0;0;0;0;0;0;0;0;1;0;;;;;;;;;;;;;
2023-10-26;quinta-feira ;03:38:00;SEM VÍTIMA;CASA AMARELA;RUA;RUA PADRE LEMOS;RUA;RUA DR TOME DIAS;CASA PIO CALÇADOS;CASA AMARELA;;CIDADE;COLISÃO TRASEIRA;2;0;0;0;0;0;0;0;0;0;0;;;;;;;;;;;;;
2023-10-26;quinta-feira ;03:52:00;SEM VÍTIMA;SAO JOSE;AVENIDA;AVENIDA DANTAS BARRETO;;;EM FRENTE A DISTRIBUIDORA MIX;SAO JOSE;;SUBURBIO;COLISÃO LATERAL;0;0;0;0;0;0;0;1;0;0;0;;;;;;;;;;;;;
2023-10-26;quinta-feira ;06:30:00;COM VÍTIMA;JORDAO;AVENIDA;AVENIDA MARIA IRENE;;;AO LADO DA BASE AEREA;JORDAO;;;COLISÃO LATERAL;0;1;0;0;0;0;0;0;0;1;0;;;;;;;;;;;;;
2023-10-26;quinta-feira ;06:30:00;COM VÍTIMA;IBURA;AVENIDA;AVENIDA DOIS RIOS;;;MERCADINHO M R;IBURA;;;COLISÃO LATERAL;0;1;0;0;0;0;0;0;0;1;0;;;;;;;;;;;;;
2023-10-27;sexta-feira ;07:07:00;COM VÍTIMA;PINA;AVENIDA;AVENIDA ENGENHEIRO DOMINGOS FERREIRA;;;EM FRENTE A ESCOLA MUNICIPAL OSVALDO LIMA FILHO /  EM FRENTE AO ARMAZEM BOA VIAGEM, SENTIDO BOA VIAGEM;PINA;;;COLISÃO;0;1;0;0;0;0;0;0;0;1;0;;;;;;;;;;;;;
2023-10-27;sexta-feira ;07:46:00;COM VÍTIMA;BOA VIAGEM;RUA;RUA ERNESTO DE PAULA SANTOS;;;RUA DA UNINASSAU;BOA VIAGEM;;;COLISÃO LATERAL;0;1;0;0;0;0;0;0;0;1;0;;;;;;;;;;;;;
2023-10-27;sexta-feira ;08:10:00;COM VÍTIMA;CAXANGA;AVENIDA;AVENIDA CAXANGA;;;APÓS A GREGORIO JUNIOR;CAXANGA;;;ATROPELAMENTO DE PESSOA;0;1;0;0;1;0;0;0;0;3;0;;;;;;;;;;;;;
2023-10-27;sexta-feira ;08:35:00;COM VÍTIMA;IMBIRIBEIRA;AVENIDA;AVENIDA PRESIDENTE DUTRA;;;PRÓXIMO À LOCAVEL E AO SAL E BRASA;IMBIRIBEIRA;;;COLISÃO LATERAL;0;0;0;0;0;0;0;0;0;1;0;;;;;;;;;;;;;
2023-10-27;sexta-feira ;09:30:00;COM VÍTIMA;IMBIRIBEIRA;AVENIDA;AVENIDA RECIFE;;;SUB. DO VIADUTO TANCREDO NEVES, NO FINAL DA AV. RECIFE;IMBIRIBEIRA;;;COLISÃO LATERAL;0;1;0;0;0;0;0;0;0;1;0;;;;;;;;;;;;;
2023-10-27;sexta-feira ;10:42:00;COM VÍTIMA;BOA VIAGEM;AVENIDA;AVENIDA CONSELHEIRO AGUIAR;RUA;RUA FELIX DE BRITO E MELO;;BOA VIAGEM;;;ATROPELAMENTO DE PESSOA;0;1;0;0;1;0;0;0;0;1;0;;;;;;;;;;;;;
2023-10-27;sexta-feira ;10:47:00;VÍTIMA FATAL;NOVA DESCOBERTA;RUA;RUA NOVA DESCOBERTA;;;EM FRENTE AO BAR DO VVVI E ASSEMBLEIA DE DEUS;NOVA DESCOBERTA;;;COLISÃO COM CICLISTA;1;0;0;1;0;0;0;0;0;1;1;;;;;;;;;;;;;
2023-10-27;sexta-feira ;11:49:00;COM VÍTIMA;BOA VISTA;PTE;PTE SEIS DE MARCO;;;EM CIMA DA PONTE VELHA, SENT. CASA DA CULTURA;BOA VISTA;;;COLISÃO LATERAL;0;1;0;0;0;0;0;0;0;1;0;;;;;;;;;;;;;
2023-10-27;sexta-feira ;12:12:00;COM VÍTIMA;IBURA;AVENIDA;AVENIDA DOM HELDER CAMARA;;;SENTIDO BR, IBURA DE BAIXO PISTA NOVA PROX AO ARMAZEM CORAL;IBURA;;;COLISÃO;0;1;0;0;0;0;0;0;0;1;0;;;;;;;;;;;;;
2023-10-27;sexta-feira ;03:35:00;COM VÍTIMA;IMBIRIBEIRA;RUA;RUA OLIVIA MENELAU;;;EM FRENTE AO GRILO;IMBIRIBEIRA;;;COLISÃO LATERAL;0;1;0;0;0;0;1;0;0;1;0;;;;;;;;;;;;;
2023-10-27;sexta-feira ;04:26:00;COM VÍTIMA;CORDEIRO;RUA;RUA CORONEL FERNANDO FURTADO;;;AO LADO DA EXPOSIÇÃO DE ANIMAIS;CORDEIRO;;;COLISÃO LATERAL;0;0;0;0;0;0;0;0;0;1;0;;;;;;;;;;;;;
2023-10-27;sexta-feira ;05:23:00;COM VÍTIMA;BAIRRO DO RECIFE;CAIS;CAIS DO APOLO;;;ENTRE  O BANCO DO BRASIL E O PORTO DIGITAL;BAIRRO DO RECIFE;;;COLISÃO LATERAL;0;1;0;0;0;1;0;0;0;1;0;;;;;;;;;;;;;
2023-10-27;sexta-feira ;05:23:00;COM VÍTIMA;PINA;AVENIDA;AVENIDA ANTONIO DE GOES;;;CIA DO SORRISO;PINA;;;ATROPELAMENTO DE PESSOA;0;1;0;0;1;0;0;0;0;1;0;;;;;;;;;;;;;
2023-10-28;sábado ;07:36:00;COM VÍTIMA;ARRUDA;RUA;RUA DAS MOCAS;RUA;RUA DA REGENERACAO;PROX AO SEMAFORO 472 / PROX AO MERDINHO MIX;ARRUDA;;;COLISÃO;1;1;0;0;0;0;0;0;0;2;0;;;;;;;;;;;;;
2023-10-28;sábado ;07:52:00;COM VÍTIMA;BOA VIAGEM;RUA;RUA DES JOAO PAES;;;PROX. AO RETAURANTE GUAIAMUM;BOA VIAGEM;;;COLISÃO LATERAL;0;1;0;0;0;0;0;0;0;1;0;;;;;;;;;;;;;
2023-10-28;sábado ;10:22:00;SEM VÍTIMA;ESPINHEIRO;RUA;RUA DO ESPINHEIRO;;;;ESPINHEIRO;;CIDADE;COLISÃO TRASEIRA;1;1;0;0;0;0;0;0;0;0;0;;;;;;;;;;;;;
2023-10-28;sábado ;11:04:00;COM VÍTIMA;CORDEIRO;AVENIDA;AVENIDA PROFESSOR ESTEVAO FRANCISCO DA COSTA;;;PROX AO MERCADINHO SANTIAGO / SENTIDO HOSPITAL GETULHO  VARGAS;CORDEIRO;;;COLISÃO LATERAL;1;1;0;0;0;0;0;0;0;1;0;;;;;;;;;;;;;
2023-10-28;sábado ;11:19:00;COM VÍTIMA;IBURA;RUA;RUA RIO DA PRATA;;;PROX. AO SUPERMERCADO MR E VIDRAÇARIA DOIS RIOS IBURA DE BAIXO;IBURA;;;COLISÃO LATERAL;1;1;0;0;0;0;0;0;0;1;0;;;;;;;;;;;;;
2023-10-28;sábado ;12:13:00;COM VÍTIMA;SAO JOSE;RUA;RUA VINTE E TRES DE MARCO;;;AO LADO DA CASA DA CULTURA / SOBRE PONTE VELHA;SAO JOSE;;;COLISÃO TRASEIRA;1;1;0;0;0;0;0;0;0;1;0;;;;;;;;;;;;;
2023-10-28;sábado ;02:50:00;COM VÍTIMA;CAMPO GRANDE;AVENIDA;AVENIDA PROFESSOR JOSE DOS ANJOS;;;LANCHONETE MATA FOME;CAMPO GRANDE;;;QUEDA;0;0;0;0;0;0;0;0;0;1;0;;;;;;;;;;;;;
2023-10-28;sábado ;03:36:00;COM VÍTIMA;CAXANGA;AVENIDA;AVENIDA CAXANGA;;;PACIENTE DENTRO DO GOLF COUNTRY CLUB;CAXANGA;;;COLISÃO LATERAL;0;0;0;0;0;0;0;0;0;1;0;;;;;;;;;;;;;
2023-10-28;sábado ;04:48:00;SEM VÍTIMA;CASA AMARELA;EST;EST DO ARRAIAL;;;LADO MERCADO DE CASA AMARELA;CASA AMARELA;;;CHOQUE;0;0;0;0;0;0;0;0;0;0;0;;;;;;;;;;;;;
2023-10-28;sábado ;05:44:00;COM VÍTIMA;DERBY;AVENIDA;AVENIDA GOVERNADOR AGAMENON MAGALHAES;;;EM FRENTE A MECDONALDS;DERBY;75;;COLISÃO COM CICLISTA;0;1;0;1;0;0;0;0;0;1;0;;;;;;;;;;;;;
2023-10-28;sábado ;05:53:00;COM VÍTIMA;SAO JOSE;RUA;RUA BOM SUCESSO;;;PROX AO VIADUTO CAPITÃO TEMUDO;SAO JOSE;;;COLISÃO FRONTAL;2;0;0;0;0;0;0;0;0;2;0;;;;;;;;;;;;;
2023-10-28;sábado ;11:07:00;COM VÍTIMA;SAN MARTIN;AVENIDA;AVENIDA GENERAL SAN MARTIN;;;PRÓXIMO A PRAÇA DA INFANCIA;SAN MARTIN;;;COLISÃO;0;0;0;0;0;0;0;0;0;1;0;;;;;;;;;;;;;
2023-10-29;domingo ;08:07:00;COM VÍTIMA;GRACAS;RUA;RUA CRUZ DAS GRACAS;;;PROX A IGREJA DAS GRAÇAS, EM FRENTE AO EDF NOSSA SENHORA DAS GRAÇAS;GRACAS;;;COLISÃO;1;1;0;0;0;0;0;0;0;2;0;;;;;;;;;;;;;
2023-10-29;domingo ;09:26:00;COM VÍTIMA;CASA FORTE;AVENIDA;AVENIDA FLOR DE SANTANA;;;PROX AO BURGUER KING / PROX AO LAVA JATO;CASA FORTE;;;COLISÃO;0;1;0;0;0;0;0;0;0;1;0;;;;;;;;;;;;;
2023-10-29;domingo ;11:34:00;COM VÍTIMA;GUABIRABA;AVENIDA;AVENIDA DA RECUPERACAO;;;PROX A FABRICA COREMAR, FABRICA SANEAPE, SENTIDO PAULISTA / REGISTRADO PELO SAMU AS  11:27 HRS;GUABIRABA;;;COLISÃO;0;1;0;0;0;0;0;0;0;1;0;;;;;;;;;;;;;
2023-10-29;domingo ;12:33:00;COM VÍTIMA;PARNAMIRIM;AVENIDA;AVENIDA PARNAMIRIM;;;GALERIA PARNAMIRIM CENTER;PARNAMIRIM;;;COLISÃO LATERAL;1;1;0;0;0;0;0;0;0;1;0;;;;;;;;;;;;;
2023-10-29;domingo ;01:42:00;COM VÍTIMA;MACAXEIRA;RUA;RUA ALTO DO PITU;;;SUBIDA DO CAMPO DO UNIÃO/  PROXIMO A BARRACA NATAL;MACAXEIRA;;;COLISÃO;0;1;0;0;0;0;0;0;0;1;0;;;;;;;;;;;;;
2023-10-29;domingo ;05:47:00;COM VÍTIMA;MACAXEIRA;RUA;RUA MARIA AMALIA;;;PROX AO PARQUE URBANO DA MACAXEIRA;MACAXEIRA;;;COLISÃO LATERAL;0;1;0;0;0;0;0;0;0;1;0;;;;;;;;;;;;;
2023-10-29;domingo ;07:33:00;COM VÍTIMA;COHAB;RUA;RUA DR BENIGNO JORDAO DE VASCONCELOS;;;PROXIMO A UPA DA LOGOA ENCANTADA;COHAB;;;COLISÃO LATERAL;0;1;0;0;0;0;0;0;0;1;0;;;;;;;;;;;;;
2023-10-29;domingo ;08:03:00;COM VÍTIMA;AFOGADOS;RUA;RUA AUGUSTO CALHEIROS;;;EM FRENTE AO GREMURB;AFOGADOS;;;COLISÃO LATERAL;0;2;0;0;0;0;0;0;0;1;0;;;;;;;;;;;;;
2023-10-29;domingo ;09:36:00;COM VÍTIMA;SANTO AMARO;AVENIDA;AVENIDA PREFEITO ARTUR LIMA CAVALCANTI;AVENIDA;AVENIDA CRUZ CABUGA;PROXIMO  A APAC;SANTO AMARO;;;COLISÃO TRANSVERSAL;2;0;0;0;0;0;0;0;0;2;0;;;;;;;;;;;;;
2023-10-29;domingo ;11:27:00;COM VÍTIMA;BOA VIAGEM;AVENIDA;AVENIDA ENGENHEIRO DOMINGOS FERREIRA;;;PROXIMO AO CLINICAL CENTER;BOA VIAGEM;;;COLISÃO TRASEIRA;1;1;0;0;0;0;0;0;0;2;0;;;;;;;;;;;;;
2023-10-30;segunda-feira ;07:07:00;COM VÍTIMA;MADALENA;AVENIDA;AVENIDA VISCONDE DE ALBUQUERQUE;RUA;RUA JANUARIO BARBOSA;EM FRENTE A CLINICA INTERPERIO / PROX A CLINICA TERAUPETICA ENDO;MADALENA;;;COLISÃO LATERAL;1;1;0;0;0;0;0;0;0;1;0;;;;;;;;;;;;;
2023-10-30;segunda-feira ;08:36:00;COM VÍTIMA;MADALENA;RUA;RUA PESSOA DE MELO;;;AO LADO DO HOSPITAL D´AVILA;MADALENA;;;COLISÃO FRONTAL;1;1;0;0;0;0;0;0;0;1;0;;;;;;;;;;;;;
2023-10-30;segunda-feira ;08:37:00;SEM VÍTIMA;AFOGADOS;RUA;RUA VINTE E UM DE ABRIL;RUA;RUA COSME VIANA;;AFOGADOS;334;CIDADE;COLISÃO TRASEIRA;2;1;0;0;0;0;0;0;0;0;0;;;;;;;;;;;;;
2023-10-30;segunda-feira ;08:50:00;COM VÍTIMA;CAMPO GRANDE;EST;EST DE BELEM;;;EM FRENTE A IGREJA MEMORIAL  DE BELEM;CAMPO GRANDE;;;COLISÃO;1;1;0;0;0;0;0;0;0;1;0;;;;;;;;;;;;;
2023-10-30;segunda-feira ;09:34:00;COM VÍTIMA;AFOGADOS;EST;EST DOS REMEDIOS;;;EM FRENTE AO SUPERMERCADO NOVO ATACAREJO E VALENCIA QUIMICA;AFOGADOS;;;COLISÃO;0;1;0;0;0;0;0;0;0;1;0;;;;;;;;;;;;;
2023-10-30;segunda-feira ;11:38:00;COM VÍTIMA;IMBIRIBEIRA;AVENIDA;AVENIDA MARECHAL MASCARENHAS DE MORAES;;;PROX AO GERALDAO SENTIDO PRAZERES;IMBIRIBEIRA;;;COLISÃO;0;1;0;0;0;0;0;0;0;1;0;;;;;;;;;;;;;
2023-10-30;segunda-feira ;11:51:00;COM VÍTIMA;JOANA BEZERRA;VIADUTO;VIADUTO PAPA JOAO PAULO II;;;PRÓXIMO AO FÓRUM E À PASSARELA, SENTIDO BOA VIAGEM;JOANA BEZERRA;;;COLISÃO;0;0;0;0;0;0;0;0;0;1;0;;;;;;;;;;;;;
2023-10-30;segunda-feira ;12:12:00;COM VÍTIMA;SANTO AMARO;RUA;RUA TREZE DE MAIO;RUA;RUA PEDRO AFONSO;PROX AO SESC;SANTO AMARO;;;COLISÃO LATERAL;0;1;0;0;0;0;0;0;0;1;0;;;;;;;;;;;;;
2023-10-30;segunda-feira ;04:39:00;COM VÍTIMA;BOA VIAGEM;AVENIDA;AVENIDA ENGENHEIRO DOMINGOS FERREIRA;;;E/F A SUDENE  SUPERINTENDÊNCIA DO DESENVOLVIMENTO DO NORDESTE  S/T SUB;BOA VIAGEM;;;COLISÃO TRASEIRA;1;1;0;0;0;0;0;0;0;1;0;;;;;;;;;;;;;
2023-10-30;segunda-feira ;07:50:00;COM VÍTIMA;SANTO AMARO;AVENIDA;AVENIDA CRUZ CABUGA;;;EM FRENTE AO HOSPITAL DO CANCER E ENTRADA  DA MARINHA;SANTO AMARO;;;COLISÃO;0;1;0;0;0;0;0;0;0;1;0;;;;;;;;;;;;;
2023-10-30;segunda-feira ;08:31:00;COM VÍTIMA;SANTO AMARO;AVENIDA;AVENIDA CRUZ CABUGA;AVENIDA;AVENIDA NORTE MIGUEL ARRAES DE ALENCAR;EM FRENTE AO CEMITERIO DOS INGLESES PROX A CASA DA INDUSTRIA E SENAI SANTO AMARO;SANTO AMARO;;;COLISÃO;0;1;0;0;0;0;0;0;0;1;0;;;;;;;;;;;;;
2023-10-30;segunda-feira ;08:31:00;COM VÍTIMA;ENCRUZILHADA;AVENIDA;AVENIDA NORTE MIGUEL ARRAES DE ALENCAR;;;PROXIMO AO HOSPITAL JORGE DE MEDEIROS;ENCRUZILHADA;;;COLISÃO;0;1;0;0;0;0;0;0;0;1;0;;;;;;;;;;;;;
2023-10-30;segunda-feira ;09:54:00;COM VÍTIMA;IMBIRIBEIRA;AVENIDA;AVENIDA DES JOSE NEVES;RUA;RUA JOAQUIM PINHEIRO;;IMBIRIBEIRA;;;COLISÃO;0;2;0;0;0;0;0;0;0;3;0;;;;;;;;;;;;;
2023-10-30;segunda-feira ;10:29:00;COM VÍTIMA;IBURA;AVENIDA;AVENIDA SANTA FE;;;ENTRADA DA UR-2;IBURA;;;ATROPELAMENTO DE PESSOA;0;0;0;0;0;0;0;0;0;1;0;;;;;;;;;;;;;
2023-10-31;terça-feira ;08:07:00;COM VÍTIMA;VARZEA;AVENIDA;AVENIDA CAXANGA;;;APOS A UPA SENTIDO RECIFE / PROX A INTEGRAÇÃO DA CAXANGA;VARZEA;;CIDADE;ATROPELAMENTO DE PESSOA;0;1;0;0;1;0;0;0;0;2;0;;;;;;;;;;;;;