data;dia_semana;hora;natureza;bairro;logradouro_endereco;endereco;logradouro_detalhe_endereço;detalhe_endereco_acidente;complemento;bairro_cruzamento;num_semaforo;sentido_via;tipo;auto;moto;ciclom;ciclista;pedestre;onibus;caminhao;viatura;outros;vitimas;vitimasfatais;acidente_verificado;tempo_clima;situacao_semaforo;sinalizacao;condicao_via;conservacao_via;ponto_controle;situacao_placa;velocidade_max_via;mao_direcao;divisao_via1;divisao_via2;divisao_via3
2023-10-31;terça-feira ;08:28:00;COM VÍTIMA;BOA VISTA;RUA;RUA BERNARDO GUIMARAES;;;EM FRENTE A UNIVERSIDADE CATOLICA;BOA VISTA;;;COLISÃO;0;1;0;0;0;0;0;0;0;1;0;;;;;;;;;;;;;
2023-10-31;terça-feira ;08:28:00;COM VÍTIMA;BOA VIAGEM;RUA;RUA DEZ DE JULHO;;;PROX. A CONCESSIONARIA ALUGUE BRASIL E INTEGRAÇÃO DO AEROPORTO;BOA VIAGEM;;;COLISÃO LATERAL;0;1;0;0;0;0;0;0;0;1;0;;;;;;;;;;;;;
2023-10-31;terça-feira ;09:23:00;SEM VÍTIMA;AFOGADOS;RUA;RUA QUITERIO INACIO DE MELLO;RUA;RUA SAO MIGUEL;SEMÁFORO Nº 333;AFOGADOS;;;COLISÃO LATERAL;1;0;0;0;0;0;0;1;0;0;0;;;;;;;;;;;;;
2023-10-31;terça-feira ;09:27:00;COM VÍTIMA;IPUTINGA;RUA;RUA BOM PASTOR;;;EM FRENTE A ACADEMIA BIOFORMA;IPUTINGA;;;COLISÃO;1;1;0;0;0;0;0;0;0;2;0;;;;;;;;;;;;;
2023-10-31;terça-feira ;11:58:00;COM VÍTIMA;JOANA BEZERRA;AVENIDA;AVENIDA GOVERNADOR AGAMENON MAGALHAES;;;EM FRENTE AO FORUM;JOANA BEZERRA;;;COLISÃO;0;1;0;0;0;0;0;0;0;1;0;;;;;;;;;;;;;
2023-10-31;terça-feira ;12:44:00;COM VÍTIMA;CORDEIRO;AVENIDA;AVENIDA INACIO MONTEIRO;;;EM FRENTE A EXPOSIÇÃO DE ANIMAIS / SENTIDO SUBURBIO;CORDEIRO;;;COLISÃO;0;1;0;0;0;0;0;0;0;1;0;;;;;;;;;;;;;
2023-10-31;terça-feira ;04:38:00;COM VÍTIMA;IPSEP;AVENIDA;AVENIDA RECIFE;AVENIDA;AVENIDA DOM HELDER CAMARA;ENTRADA DO IBURA;IPSEP;;;ATROPELAMENTO DE PESSOA;1;0;0;0;1;0;0;0;0;1;0;;;;;;;;;;;;;
2023-10-31;terça-feira ;04:55:00;COM VÍTIMA;DERBY;AVENIDA;AVENIDA GOVERNADOR CARLOS DE LIMA CAVALCANTI;AVENIDA;AVENIDA GOVERNADOR AGAMENON MAGALHAES;PROXIMO A MCDONALDS / EM CIMA DA PONTE/ SENTIDO PRAÇA DO DERBY;DERBY;75;;COLISÃO LATERAL;1;1;0;0;0;0;0;0;0;1;0;;;;;;;;;;;;;
2023-10-31;terça-feira ;05:34:00;COM VÍTIMA;PINA;AVENIDA;AVENIDA ANTONIO DE GOES;;;EM FRENTE A PRF;PINA;;;COLISÃO;0;1;0;0;0;0;0;0;0;1;0;;;;;;;;;;;;;
2023-10-31;terça-feira ;05:44:00;COM VÍTIMA;IBURA;AVENIDA;AVENIDA DOIS RIOS;;;PROXIMO A UPAE;IBURA;;;COLISÃO;0;0;0;0;0;0;0;0;0;1;0;;;;;;;;;;;;;
2023-10-31;terça-feira ;06:10:00;COM VÍTIMA;MADALENA;RUA;RUA BENFICA;;;AO LADO DA GPCA / MARTELINHO DE OURO;MADALENA;;;COLISÃO;1;1;0;0;0;0;0;0;0;1;0;;;;;;;;;;;;;
2023-10-31;terça-feira ;06:53:00;COM VÍTIMA;VARZEA;AVENIDA;AVENIDA PROFESSOR ARTUR DE SA;;;PROX AO PORTÃO DE EMERGENCIA DO HOSPITAL DAS CLINICAS;VARZEA;;;COLISÃO;0;1;0;0;0;0;0;0;0;1;0;;;;;;;;;;;;;
2023-10-31;terça-feira ;08:41:00;COM VÍTIMA;IPUTINGA;RUA;RUA MONSENHOR FABRICIO;;;PROX. AO DETRAN;IPUTINGA;;;COLISÃO;0;1;0;0;0;0;0;0;0;1;0;;;;;;;;;;;;;
2023-10-31;terça-feira ;09:56:00;COM VÍTIMA;BOA VIAGEM;AVENIDA;AVENIDA ARMINDO MOURA;;;EM FRENTE A ENTRADA DA VILA MILITAR;BOA VIAGEM;;;COLISÃO;0;1;0;0;0;0;0;0;0;1;0;;;;;;;;;;;;;
2023-11-01;quarta-feira ;12:22:00;COM VÍTIMA;IPSEP;AVENIDA;AVENIDA RECIFE;;;NA ENTRADA DO IBURA, PROX. A CASA DAS BATERIAS;IPSEP;;;COLISÃO LATERAL;1;2;0;0;0;0;0;0;0;2;0;;;;;;;;;;;;;
2023-11-01;quarta-feira ;09:30:00;COM VÍTIMA;TORREAO;AVENIDA;AVENIDA NORTE MIGUEL ARRAES DE ALENCAR;;;EM FRENTE A CONCESSIONARIA PEDRAGON E RESTAURANTE PRAÇA DA PICANHA;TORREAO;;;COLISÃO LATERAL;0;1;0;0;0;0;0;0;0;1;0;;;;;;;;;;;;;
2023-11-01;quarta-feira ;09:39:00;COM VÍTIMA;IMBIRIBEIRA;RUA;RUA JEAN EMILE FAVRE;;;PROX. A FACULDADE BOA VIAGEM E SAIDA DO IPSEP;IMBIRIBEIRA;;;COLISÃO LATERAL;0;1;0;0;0;0;0;0;0;1;0;;;;;;;;;;;;;
2023-11-01;quarta-feira ;11:02:00;COM VÍTIMA;JOANA BEZERRA;TRV;TRV DO RAPOSO;;;PROX AO FORUM JOANA BEZERRA;JOANA BEZERRA;;;COLISÃO FRONTAL;1;1;0;0;0;0;0;0;0;1;0;;;;;;;;;;;;;
2023-11-01;quarta-feira ;11:51:00;COM VÍTIMA;VARZEA;RUA;RUA GASTAO VIDIGAL;;;APÓS A UPA DA CAXANGA / SENTIDO UR-07 VARZEA;VARZEA;;;COLISÃO;0;1;0;0;0;0;0;0;0;1;0;;;;;;;;;;;;;
2023-11-01;quarta-feira ;11:54:00;COM VÍTIMA;DERBY;AVENIDA;AVENIDA GOVERNADOR AGAMENON MAGALHAES;;;EM FRENTE AO BANCO DO BRASIL, SENTIDO OLINDA / LADO CONTRARIO AO HOSPITAL DA RESTAURAÇÃO;DERBY;;;COLISÃO;0;1;0;0;0;0;0;0;0;1;0;;;;;;;;;;;;;
2023-11-01;quarta-feira ;12:14:00;COM VÍTIMA;DERBY;RUA;RUA JENER DE SOUZA;;;EM FRENTE A ANTIGA FACULDADE DE MEDICINA /  PROX A PRAÇA DO DERBY;DERBY;;;QUEDA;0;2;0;0;0;0;0;0;0;1;0;;;;;;;;;;;;;
2023-11-01;quarta-feira ;12:17:00;COM VÍTIMA;VASCO DA GAMA;AVENIDA;AVENIDA VEREADOR OTACILIO AZEVEDO;;;EM FRENTE A UPA DA NOVA DESCOBERTA;VASCO DA GAMA;;;ATROPELAMENTO DE PESSOA;0;1;0;0;1;0;0;0;0;1;0;;;;;;;;;;;;;
2023-11-01;quarta-feira ;12:20:00;SEM VÍTIMA;MADALENA;RUA;RUA ALIADOS;;;;MADALENA;;;CHOQUE;0;0;0;0;0;0;0;1;0;0;0;;;;;;;;;;;;;
2023-11-01;quarta-feira ;03:42:00;COM VÍTIMA;JARDIM SAO PAULO;AVENIDA;AVENIDA LIBERDADE;;;AO LADO DA LOTERICA;JARDIM SAO PAULO;;;COLISÃO LATERAL;0;0;0;0;0;0;0;0;0;1;0;;;;;;;;;;;;;
2023-11-01;quarta-feira ;07:30:00;COM VÍTIMA;CASA FORTE;RUA;RUA JOAO TUDE DE MELO;;;POR TRÁS DO SHOPPING PLAZA / EMBAIXO DO VIADUTO;CASA FORTE;;;COLISÃO;1;1;0;0;0;0;0;0;0;1;0;;;;;;;;;;;;;
2023-11-01;quarta-feira ;07:58:00;COM VÍTIMA;BOA VIAGEM;VIADUTO;VIADUTO TANCREDO NEVES;;;;BOA VIAGEM;;;COLISÃO;0;1;0;1;0;0;0;0;0;2;0;;;;;;;;;;;;;
2023-11-01;quarta-feira ;09:43:00;SEM VÍTIMA;CAXANGA;AVENIDA;AVENIDA AFONSO OLINDENSE;;;EM FRENTE AO EDFÍCIO PARQUE RESIDENCIAL CAXANGÁ;CAXANGA;;;COLISÃO;2;0;0;0;0;0;0;0;0;0;0;;;;;;;;;;;;;
2023-11-02;quinta-feira ;06:57:00;COM VÍTIMA;ESTANCIA;AVENIDA;AVENIDA RECIFE;;;PROX AO ARMAZEM CORAL;ESTANCIA;;;COLISÃO TRASEIRA;2;0;0;0;0;0;0;0;0;1;0;;;;;;;;;;;;;
2023-11-02;quinta-feira ;08:08:00;COM VÍTIMA;BAIRRO DO RECIFE;AVENIDA;AVENIDA MILITAR;;;PROX A PREFEITURA DO RECIFE E AO POSTO DE GASOLINA BR;BAIRRO DO RECIFE;;;COLISÃO;0;1;0;0;0;0;0;0;0;1;0;;;;;;;;;;;;;
2023-11-02;quinta-feira ;11:44:00;COM VÍTIMA;BOA VISTA;RUA;RUA DO PROGRESSO;;;EM FRENTE AO EMPRESARIAL PROGRESSO E O INST. LUZ;BOA VISTA;;;COLISÃO;1;1;0;0;0;0;0;0;0;1;0;;;;;;;;;;;;;
2023-11-02;quinta-feira ;12:02:00;COM VÍTIMA;SAO JOSE;AVENIDA;AVENIDA SUL;;;ANTES DO PONTILHÃO PONTILHÃO;SAO JOSE;;;COLISÃO;0;0;0;0;0;0;0;0;0;1;0;;;;;;;;;;;;;
2023-11-02;quinta-feira ;12:42:00;COM VÍTIMA;MADALENA;RUA;RUA CARLOS GOMES;RUA;RUA RICARDO SALAZAR;PROX A CELPE / ANTIGO BAILE PERFUMADO / E DA IGREJA BATISTA DO RIO;MADALENA;623;;COLISÃO;1;1;0;0;0;0;0;0;0;1;0;;;;;;;;;;;;;
2023-11-02;quinta-feira ;06:27:00;COM VÍTIMA;ENCRUZILHADA;AVENIDA;AVENIDA BEBERIBE;;;CASA DO CONSTRUTOR;ENCRUZILHADA;;;COLISÃO LATERAL;1;1;0;0;0;0;0;0;0;1;0;;;;;;;;;;;;;
2023-11-02;quinta-feira ;09:03:00;COM VÍTIMA;CAMPO GRANDE;RUA;RUA OTHON PARAISO;;;E/F AO EDF JACYRA - PRÓXIMO AO SUPERMERCADO CENTRAL;CAMPO GRANDE;;;COLISÃO;0;1;0;0;0;0;0;0;0;1;0;;;;;;;;;;;;;
2023-11-03;sexta-feira ;06:10:00;COM VÍTIMA;PINA;PTE;PTE VICE PRESIDENTE JOSE ALENCAR;;;ANTES DA VIA MANGUE SENT. RIO MAR;PINA;;;CAPOTAMENTO;1;0;0;0;0;0;0;0;0;1;0;;;;;;;;;;;;;
2023-11-03;sexta-feira ;06:44:00;COM VÍTIMA;PINA;PTE;PTE VICE PRESIDENTE JOSE ALENCAR;;;ANTES DA VIA MANGUE SENT. RIO MAR;PINA;;;COLISÃO;0;1;0;0;0;0;0;0;0;1;0;;;;;;;;;;;;;
2023-11-03;sexta-feira ;06:44:00;COM VÍTIMA;PINA;PTE;PTE VICE PRESIDENTE JOSE ALENCAR;;;ANTES DA VIA MANGUE SENT. RIO MAR;PINA;;;COLISÃO;0;1;0;0;0;0;0;0;0;1;0;;;;;;;;;;;;;
2023-11-03;sexta-feira ;09:25:00;COM VÍTIMA;IBURA;AVENIDA;AVENIDA DOIS RIOS;;;PROX A CESTA BASICA TRÊS IRMÃO /  PROX A DOIS RIOS VEÍCULOS / IBURA DEBAIXO;IBURA;;;COLISÃO;0;1;0;0;0;0;0;0;0;1;0;;;;;;;;;;;;;
2023-11-03;sexta-feira ;11:04:00;COM VÍTIMA;GRACAS;AVENIDA;AVENIDA RUI BARBOSA;;;EM FRENTE AO MUSEU DO ESTADO / PROX A PEDRAGON;GRACAS;;;COLISÃO;0;2;0;0;0;0;0;0;0;2;0;;;;;;;;;;;;;
2023-11-03;sexta-feira ;11:16:00;COM VÍTIMA;MACAXEIRA;AVENIDA;AVENIDA NORTE MIGUEL ARRAES DE ALENCAR;;;PROX. AO PARQUE DA MACAXEIRA, NA ENTRADA DO BURITY;MACAXEIRA;;;COLISÃO LATERAL;0;1;0;0;0;0;0;0;0;1;0;;;;;;;;;;;;;
2023-11-03;sexta-feira ;11:49:00;COM VÍTIMA;SANTO ANTONIO;RUA;RUA DA PALMA;;;EM FRENTE AO REI DOS PARAFUSOS;SANTO ANTONIO;;;COLISÃO;0;1;0;0;0;0;0;0;0;1;0;;;;;;;;;;;;;
2023-11-03;sexta-feira ;01:23:00;COM VÍTIMA;ESTANCIA;AVENIDA;AVENIDA RECIFE;;;CONJ INES ANDREAZA;ESTANCIA;;;COLISÃO LATERAL;1;0;0;0;0;0;0;0;0;1;0;;;;;;;;;;;;;
2023-11-03;sexta-feira ;01:40:00;COM VÍTIMA;CAXANGA;AVENIDA;AVENIDA CAXANGA;;;SAL E BRASA;CAXANGA;;;COLISÃO LATERAL;0;0;0;0;0;0;0;0;0;1;0;;;;;;;;;;;;;
2023-11-03;sexta-feira ;04:46:00;COM VÍTIMA;IBURA;RUA;RUA PORTO MOZ;;;APOS A POLICLINICA D UR1;IBURA;;;COLISÃO LATERAL;0;1;0;0;0;0;0;0;0;1;0;;;;;;;;;;;;;
2023-11-03;sexta-feira ;04:52:00;COM VÍTIMA;SAO JOSE;AVENIDA;AVENIDA SUL;;;E/F A DISTRIBUIDORA PORTELA;SAO JOSE;;;COLISÃO LATERAL;0;1;0;0;0;0;0;0;0;1;0;;;;;;;;;;;;;
2023-11-03;sexta-feira ;05:45:00;COM VÍTIMA;MADALENA;AVENIDA;AVENIDA BEIRA RIO;;;EDF ARLINDO GOLVEIA;MADALENA;;;COLISÃO LATERAL;0;0;0;0;0;0;0;0;0;1;0;;;;;;;;;;;;;
2023-11-03;sexta-feira ;08:22:00;COM VÍTIMA;PINA;AVENIDA;AVENIDA HERCULANO BANDEIRA;;;DESCIDA DA PONTE PAULO GUERRA;PINA;;;COLISÃO;1;1;0;0;0;0;0;0;0;1;0;;;;;;;;;;;;;
2023-11-04;sábado ;08:46:00;COM VÍTIMA;AREIAS;AVENIDA;AVENIDA RECIFE;;;PROX AO ASSAI ATACADISTA SENTIDO BR-101;AREIAS;;;COLISÃO;0;1;0;0;0;0;0;0;0;1;0;;;;;;;;;;;;;
2023-11-04;sábado ;09:10:00;COM VÍTIMA;BOA VIAGEM;RUA;RUA PADRE CARAPUCEIRO;AVENIDA;AVENIDA CONSELHEIRO AGUIAR;EM FRENTE AO VERDE FRUTTI;BOA VIAGEM;;;COLISÃO;1;1;0;0;0;0;0;0;0;1;0;;;;;;;;;;;;;
2023-11-04;sábado ;11:34:00;COM VÍTIMA;AREIAS;RUA;RUA DR VILAS BOAS;;;NA RUA DO MIX MATHEUS;AREIAS;;;COLISÃO;0;1;0;0;0;0;0;0;0;1;0;;;;;;;;;;;;;
2023-11-04;sábado ;01:15:00;COM VÍTIMA;VARZEA;AVENIDA;AVENIDA CAXANGA;;;INTEGRAÇÃO DA CAXANGÁ;VARZEA;;;COLISÃO TRASEIRA;1;1;0;0;0;0;0;0;0;2;0;;;;;;;;;;;;;
2023-11-04;sábado ;03:46:00;COM VÍTIMA;CAXANGA;AVENIDA;AVENIDA CAXANGA;;;UPA CAXANGA;CAXANGA;;;COLISÃO LATERAL;0;0;0;0;0;0;0;0;0;1;0;;;;;;;;;;;;;
2023-11-04;sábado ;03:46:00;COM VÍTIMA;BOA VIAGEM;AVENIDA;AVENIDA DES JOSE NEVES;;;FERREIRA PINTO;BOA VIAGEM;567;;COLISÃO LATERAL;1;1;0;0;0;0;0;0;0;1;0;;;;;;;;;;;;;
2023-11-04;sábado ;11:13:00;COM VÍTIMA;ESPINHEIRO;RUA;RUA DO ESPINHEIRO;RUA;RUA SANTO ELIAS;PROX. AO POSTO DE GASOLINA;ESPINHEIRO;;;COLISÃO TRANSVERSAL;1;1;0;0;0;0;0;0;0;2;0;;;;;;;;;;;;;
2023-11-05;domingo ;06:15:00;COM VÍTIMA;TAMARINEIRA;AVENIDA;AVENIDA PROFESSOR JOSE DOS ANJOS;;;PROX. AO DNOCS E CLUBE  SANTA CRUZ;TAMARINEIRA;;;COLISÃO LATERAL;0;1;0;0;0;0;0;0;0;1;0;;;;;;;;;;;;;
2023-11-05;domingo ;08:47:00;COM VÍTIMA;CORDEIRO;AVENIDA;AVENIDA INACIO MONTEIRO;;;PROX. AO CROSSFIT HAKAI;CORDEIRO;;;COLISÃO LATERAL;0;1;0;0;0;0;0;0;0;1;0;;;;;;;;;;;;;
2023-11-05;domingo ;09:56:00;COM VÍTIMA;VASCO DA GAMA;RUA;RUA CAMBORIU;;;PROX. A UPA DE NOVA DESCOBERTA E ATELIE DE MIRIAN;VASCO DA GAMA;;;COLISÃO LATERAL;0;1;0;0;0;0;0;0;0;1;0;;;;;;;;;;;;;
2023-11-05;domingo ;11:38:00;COM VÍTIMA;AGUA FRIA;AVENIDA;AVENIDA BEBERIBE;;;SENT. ARRUDA, PROX. A LOJA MILENA MOVEIS;AGUA FRIA;;;COLISÃO LATERAL;0;1;0;0;0;0;0;0;0;1;0;;;;;;;;;;;;;
2023-11-05;domingo ;12:54:00;COM VÍTIMA;AREIAS;AVENIDA;AVENIDA CENTRAL;;;E/F AO METROREC NA LATERAL  DA ESTAÇAO WERNEK;AREIAS;;;COLISÃO LATERAL;0;1;0;0;0;0;0;0;0;1;0;;;;;;;;;;;;;
2023-11-05;domingo ;01:05:00;COM VÍTIMA;BOA VIAGEM;RUA;RUA PADRE CABRAL;;;EM FRENTE AO EDIFICIO PARADOR BARCELONA E PROX A PIZZARIA LUPE;BOA VIAGEM;;;COLISÃO;0;1;0;0;0;0;0;0;0;1;0;;;;;;;;;;;;;
2023-11-05;domingo ;05:29:00;COM VÍTIMA;SANTO AMARO;RUA;RUA AURORA;;;PROX A PONTE DO LIMOEIRO  E A TV GUARARAPES;SANTO AMARO;;;COLISÃO LATERAL;0;1;0;0;0;0;0;0;0;1;0;;;;;;;;;;;;;
2023-11-05;domingo ;05:31:00;COM VÍTIMA;IMBIRIBEIRA;RUA;RUA ITACARI;;;PROX AO BAU ITAU  EA EMPRESA GOCIL;IMBIRIBEIRA;;;COLISÃO LATERAL;0;1;0;0;0;0;0;0;0;1;0;;;;;;;;;;;;;
2023-11-05;domingo ;05:34:00;COM VÍTIMA;IMBIRIBEIRA;AVENIDA;AVENIDA MARECHAL MASCARENHAS DE MORAES;;;E/F A ESTAÇAO MONTE GUARARAPES;IMBIRIBEIRA;;;COLISÃO LATERAL;0;1;0;0;0;0;0;0;0;1;0;;;;;;;;;;;;;
2023-11-05;domingo ;08:20:00;COM VÍTIMA;BOA VISTA;AVENIDA;AVENIDA GOVERNADOR CARLOS DE LIMA CAVALCANTI;RUA;RUA SILVA RAMOS;ESQUINA COM HAPVIDA;BOA VISTA;;;COLISÃO;0;0;0;1;0;0;0;1;0;1;0;;;;;;;;;;;;;
2023-11-05;domingo ;08:32:00;SEM VÍTIMA;JOANA BEZERRA;AVENIDA;AVENIDA CENTRAL;;;CRUZAMENTO COM A PONTE JOAQUIM CARDOSO;JOANA BEZERRA;;SUBURBIO;COLISÃO;1;0;0;0;0;0;0;1;0;0;0;;;;;;;;;;;;;
2023-11-05;domingo ;10:16:00;COM VÍTIMA;IPSEP;AVENIDA;AVENIDA RECIFE;;;NA ENTRADA DO IBURA;IPSEP;;;COLISÃO;0;1;0;1;0;0;0;0;0;2;0;;;;;;;;;;;;;
2023-11-06;segunda-feira ;06:42:00;COM VÍTIMA;MADALENA;RUA;RUA JOSE BONIFACIO;;;DE FRENTE AO COLEGIO CULTURA INGLESA;MADALENA;;;COLISÃO FRONTAL;3;0;0;0;0;0;0;0;0;2;0;;;;;;;;;;;;;
2023-11-06;segunda-feira ;08:53:00;COM VÍTIMA;CAJUEIRO;AVENIDA;AVENIDA BEBERIBE;;;EM FRENTE A ACADEMIA DA CIDADE;CAJUEIRO;;;COLISÃO LATERAL;0;1;0;0;0;0;0;0;0;1;0;;;;;;;;;;;;;
2023-11-06;segunda-feira ;10:06:00;SEM VÍTIMA;BOA VIAGEM;AVENIDA;AVENIDA CELSO FURTADO (VIA MANGUE);;;AO LADO DO POSTE J 013427;BOA VIAGEM;;CIDADE;COLISÃO LATERAL;1;0;0;0;0;0;0;1;0;0;0;;;;;;;;;;;;;
2023-11-06;segunda-feira ;10:52:00;COM VÍTIMA;TORRE;RUA;RUA VISCONDE DE ITAPARICA;;;PROX. A FARMACIA DROGASIL E CARREFOUR;TORRE;;;COLISÃO LATERAL;0;1;0;0;0;0;0;0;0;1;0;;;;;;;;;;;;;
2023-11-06;segunda-feira ;11:28:00;COM VÍTIMA;BOA VIAGEM;RUA;RUA PROFESSOR EDUARDO WANDERLEY FILHO;;;PROXA ESCOLA BOA VIAGEM;BOA VIAGEM;;;COLISÃO;0;1;0;0;0;0;0;0;0;1;0;;;;;;;;;;;;;
2023-11-06;segunda-feira ;12:35:00;COM VÍTIMA;IMBIRIBEIRA;AVENIDA;AVENIDA MARECHAL MASCARENHAS DE MORAES;;;EM FRENTE AO ARMAZEM CORAL SENTIDO AFOGADOS;IMBIRIBEIRA;;;COLISÃO;0;1;0;0;0;0;0;0;0;1;0;;;;;;;;;;;;;
2023-11-06;segunda-feira ;12:54:00;COM VÍTIMA;BOA VIAGEM;VIADUTO;VIADUTO TANCREDO NEVES;;;NO FINAL DA AV RECIFE / PROX AO ATACADÃO;BOA VIAGEM;;;COLISÃO;0;1;0;0;0;0;0;0;0;1;0;;;;;;;;;;;;;
2023-11-06;segunda-feira ;01:19:00;COM VÍTIMA;IMBIRIBEIRA;RUA;RUA JAMAICA;;;VALTER LOPES ENGENHARIA;IMBIRIBEIRA;;;COLISÃO FRONTAL;2;1;0;0;0;0;0;0;0;1;0;;;;;;;;;;;;;
2023-11-06;segunda-feira ;01:38:00;COM VÍTIMA;IMBIRIBEIRA;AVENIDA;AVENIDA MARECHAL MASCARENHAS DE MORAES;;;EM BAIXO DO VIADUTO DA AV RECIFE / APÓS A TOYOLEX / SENTIDO JABOATÃO;IMBIRIBEIRA;;;COLISÃO LATERAL;0;0;0;0;0;0;0;0;0;1;0;;;;;;;;;;;;;
2023-11-06;segunda-feira ;01:46:00;COM VÍTIMA;CAXANGA;AVENIDA;AVENIDA CAXANGA;;;PROX A PAGUE MENOS, EM BAIXO DO VIADUTO;CAXANGA;;;COLISÃO LATERAL;0;0;0;0;0;0;0;0;0;1;0;;;;;;;;;;;;;
2023-11-06;segunda-feira ;02:25:00;COM VÍTIMA;SAN MARTIN;AVENIDA;AVENIDA GENERAL SAN MARTIN;;;EM FRENTE AO INSTITUTO AGRONOMICO DE PE;SAN MARTIN;;;COLISÃO LATERAL;0;0;0;0;0;0;0;0;0;1;0;;;;;;;;;;;;;
2023-11-06;segunda-feira ;04:38:00;SEM VÍTIMA;IMBIRIBEIRA;AVENIDA;AVENIDA MARECHAL MASCARENHAS DE MORAES;;;CASA CONSTRUTOR;IMBIRIBEIRA;;CIDADE;COLISÃO LATERAL;1;0;0;0;0;0;0;1;0;0;0;;;;;;;;;;;;;
2023-11-06;segunda-feira ;04:46:00;COM VÍTIMA;BOA VIAGEM;RUA;RUA DEZ DE JULHO;;;E/FLOCADORA  ALUGUE BRASIL;BOA VIAGEM;;;COLISÃO LATERAL;1;1;0;0;0;0;0;0;0;1;0;;;;;;;;;;;;;
2023-11-06;segunda-feira ;04:55:00;COM VÍTIMA;TAMARINEIRA;RUA;RUA CONEGO BARATA;;;DENTRO DO ESTACIONAMENTO DA FERREIRA COSTA;TAMARINEIRA;;;COLISÃO LATERAL;0;1;0;0;0;0;0;0;0;1;0;;;;;;;;;;;;;
2023-11-06;segunda-feira ;05:24:00;COM VÍTIMA;VARZEA;RUA;RUA FRANCISCO LACERDA;;;RESTAURANTE MANGO;VARZEA;;;COLISÃO LATERAL;0;1;0;1;0;0;0;0;0;1;0;;;;;;;;;;;;;
2023-11-06;segunda-feira ;05:59:00;COM VÍTIMA;TORREAO;RUA;RUA DJALMA FARIAS;;;PROX AO RESTAURANTE ARVO;TORREAO;;;COLISÃO LATERAL;1;1;0;0;0;0;0;0;0;1;0;;;;;;;;;;;;;
2023-11-06;segunda-feira ;06:53:00;COM VÍTIMA;BOA VIAGEM;AVENIDA;AVENIDA CONSELHEIRO AGUIAR;;;FARMACIA PAGUE MENOS;BOA VIAGEM;;;COLISÃO LATERAL;1;1;0;0;0;0;0;0;0;1;0;;;;;;;;;;;;;
2023-11-06;segunda-feira ;06:53:00;COM VÍTIMA;VARZEA;RUA;RUA VALE DO SIRIJI;;;INSTITUTO RICARDO BRENNAND;VARZEA;;;COLISÃO LATERAL;0;0;0;0;0;0;0;0;0;1;0;;;;;;;;;;;;;
2023-11-06;segunda-feira ;10:15:00;COM VÍTIMA;SITIO DOS PINTOS;RUA;RUA MANUEL DE MEDEIROS;;;PRÓXIMO AO DPTO DE ZOOTECNIA DA UFRPE;SITIO DOS PINTOS;;;COLISÃO TRANSVERSAL;1;1;0;0;0;0;0;0;0;1;0;;;;;;;;;;;;;
2023-11-07;terça-feira ;09:24:00;COM VÍTIMA;BOA VIAGEM;RUA;RUA DEZ DE JULHO;;;PROX A LOCADORA ALUGUE BRASIL;BOA VIAGEM;;;COLISÃO LATERAL;1;1;0;0;0;0;0;0;0;1;0;;;;;;;;;;;;;
2023-11-07;terça-feira ;12:19:00;COM VÍTIMA;PORTO DA MADEIRA;AVENIDA;AVENIDA BEBERIBE;;;E/F A FARMACIA MILENIO;PORTO DA MADEIRA;;;ATROPELAMENTO DE PESSOA;1;0;0;0;1;0;0;0;0;1;0;;;;;;;;;;;;;
2023-11-07;terça-feira ;12:25:00;COM VÍTIMA;CORDEIRO;AVENIDA;AVENIDA CAXANGA;;;EM FRENTE A IGREJA UNIVERSAL / PROX A DELICIA DAS PRAZERES;CORDEIRO;;SUBURBIO;COLISÃO LATERAL;1;1;0;0;0;0;0;0;0;1;0;;;;;;;;;;;;;
2023-11-07;terça-feira ;12:31:00;COM VÍTIMA;ESPINHEIRO;AVENIDA;AVENIDA JOAO DE BARROS;;;SOB O VIADUTO DA AV. JOÃO DE BARROS;ESPINHEIRO;;;COLISÃO;0;0;0;0;0;0;0;0;0;1;0;;;;;;;;;;;;;
2023-11-07;terça-feira ;02:14:00;COM VÍTIMA;IMBIRIBEIRA;AVENIDA;AVENIDA MARECHAL MASCARENHAS DE MORAES;;;PROXIMO AO AEROPORTO E A PRAÇA MINISTRO SALGADO FILHO;IMBIRIBEIRA;;;COLISÃO;0;1;0;0;0;0;0;0;0;1;0;;;;;;;;;;;;;
2023-11-07;terça-feira ;03:38:00;COM VÍTIMA;ESPINHEIRO;RUA;RUA CONS PORTELA;;;PROX A GALERIA CONSELHEIRO PORTELA CENTER;ESPINHEIRO;;;CHOQUE;1;0;0;0;0;0;0;0;0;1;0;;;;;;;;;;;;;
2023-11-07;terça-feira ;05:10:00;COM VÍTIMA;IPUTINGA;AVENIDA;AVENIDA CAXANGA;;;IGREJA DA CAXANGÁ / SUBWAY;IPUTINGA;;;COLISÃO TRASEIRA;1;1;0;0;0;0;0;0;0;1;0;;;;;;;;;;;;;