data;dia_semana;hora;natureza;bairro;logradouro_endereco;endereco;logradouro_detalhe_endereço;detalhe_endereco_acidente;complemento;bairro_cruzamento;num_semaforo;sentido_via;tipo;auto;moto;ciclom;ciclista;pedestre;onibus;caminhao;viatura;outros;vitimas;vitimasfatais;acidente_verificado;tempo_clima;situacao_semaforo;sinalizacao;condicao_via;conservacao_via;ponto_controle;situacao_placa;velocidade_max_via;mao_direcao;divisao_via1;divisao_via2;divisao_via3
2023-11-07;terça-feira ;05:21:00;COM VÍTIMA;SANTO ANTONIO;RUA;RUA FLORIANO PEIXOTO;;;E/F AO BRADESCO;SANTO ANTONIO;;;ATROPELAMENTO DE PESSOA;0;0;0;0;1;1;0;0;0;1;0;;;;;;;;;;;;;
2023-11-07;terça-feira ;05:49:00;COM VÍTIMA;CORREGO DO JENIPAPO;AVENIDA;AVENIDA NORTE MIGUEL ARRAES DE ALENCAR;;;PROX A ENTRADA DO CORREGO DO JENIPAPO / POSTO DESATIVADO DA AV NORTE;CORREGO DO JENIPAPO;;;COLISÃO LATERAL;0;0;0;0;0;0;0;0;0;1;0;;;;;;;;;;;;;
2023-11-07;terça-feira ;06:35:00;COM VÍTIMA;ROSARINHO;AVENIDA;AVENIDA NORTE MIGUEL ARRAES DE ALENCAR;;;PRAÇA DO ROSARINHO!;ROSARINHO;;;QUEDA;0;0;0;0;0;0;0;1;0;1;0;;;;;;;;;;;;;
2023-11-07;terça-feira ;06:37:00;COM VÍTIMA;VASCO DA GAMA;RUA;RUA PLANALTO;;;NA SUBIDA DO ALTO NOSSA SENHORA DE FATIMA;VASCO DA GAMA;;;COLISÃO LATERAL;0;0;0;0;0;0;0;0;0;1;0;;;;;;;;;;;;;
2023-11-07;terça-feira ;07:20:00;COM VÍTIMA;DOIS IRMAOS;RUA;RUA DOIS IRMAOS;;;EM FRENTE A LAFEPE;DOIS IRMAOS;;;COLISÃO;1;1;0;0;0;0;0;0;0;2;0;;;;;;;;;;;;;
2023-11-07;terça-feira ;10:05:00;COM VÍTIMA;MACAXEIRA;AVENIDA;AVENIDA NORTE MIGUEL ARRAES DE ALENCAR;;;EM FRENTE AO COLÉGIO NADIR;MACAXEIRA;;SUBURBIO;COLISÃO;1;1;0;0;0;0;0;0;0;2;0;;;;;;;;;;;;;
2023-11-07;terça-feira ;10:46:00;COM VÍTIMA;AGUA FRIA;AVENIDA;AVENIDA BEBERIBE;;;EM FRENTE A DROGASIL;AGUA FRIA;;;COLISÃO;0;1;0;1;0;0;0;0;0;1;0;;;;;;;;;;;;;
2023-11-08;quarta-feira ;07:53:00;COM VÍTIMA;JARDIM SAO PAULO;AVENIDA;AVENIDA RECIFE;;;NA FRENTE DA JUSTIÇA FEDERAL;JARDIM SAO PAULO;;;COLISÃO;1;1;0;0;0;0;0;0;0;2;0;;;;;;;;;;;;;
2023-11-08;quarta-feira ;08:00:00;COM VÍTIMA;CASA FORTE;AVENIDA;AVENIDA DEZESSETE DE AGOSTO;;;PRÓXIMO À ESCOLA SILVA JARDIM;CASA FORTE;;;COLISÃO;1;1;0;0;0;0;0;0;0;1;0;;;;;;;;;;;;;
2023-11-08;quarta-feira ;08:25:00;COM VÍTIMA;APIPUCOS;RUA;RUA DE APIPUCOS;;;;APIPUCOS;;;COLISÃO;0;0;0;0;0;0;0;0;0;1;0;;;;;;;;;;;;;
2023-11-08;quarta-feira ;08:28:00;COM VÍTIMA;IMBIRIBEIRA;AVENIDA;AVENIDA MARECHAL MASCARENHAS DE MORAES;;;EM FRENTE A FLORART SENTIDO AFOGADOS / PROX AO PONTO FRIO;IMBIRIBEIRA;;;COLISÃO;0;1;0;0;0;0;0;0;0;1;0;;;;;;;;;;;;;
2023-11-08;quarta-feira ;08:47:00;COM VÍTIMA;IPSEP;AVENIDA;AVENIDA RECIFE;;;PROX. AO SAL E BRASA E O POSTO BR, SENT. BOA VIAGEM;IPSEP;;;COLISÃO LATERAL;0;1;0;0;0;0;0;0;0;1;0;;;;;;;;;;;;;
2023-11-08;quarta-feira ;08:50:00;COM VÍTIMA;DERBY;AVENIDA;AVENIDA GOVERNADOR AGAMENON MAGALHAES;;;VIA LOCAL, EM FRENTE AO HOSPITAL MEMORIAL SÃO JOSE, SENT. OLINDA;DERBY;;;COLISÃO TRASEIRA;2;1;0;0;0;0;0;0;0;2;0;;;;;;;;;;;;;
2023-11-08;quarta-feira ;08:58:00;COM VÍTIMA;JOANA BEZERRA;AVENIDA;AVENIDA CENTRAL;;;NO INICIO DO VIADUTO SENTIDO OLINDA / PROX ACDD;JOANA BEZERRA;;;COLISÃO;0;1;0;0;0;0;0;0;0;1;0;;;;;;;;;;;;;
2023-11-08;quarta-feira ;09:54:00;COM VÍTIMA;BOA VIAGEM;RUA;RUA RIBEIRO DE BRITO;;;PROX. A UNINASSAU E HOTEL NACIONAL;BOA VIAGEM;;;COLISÃO LATERAL;0;1;0;0;0;0;0;0;0;1;0;;;;;;;;;;;;;
2023-11-08;quarta-feira ;10:23:00;COM VÍTIMA;JARDIM SAO PAULO;AVENIDA;AVENIDA SAO PAULO;;;PROX. A ESTAÇÃO WERNECK;JARDIM SAO PAULO;;;COLISÃO LATERAL;0;1;0;0;0;0;0;0;0;1;0;;;;;;;;;;;;;
2023-11-08;quarta-feira ;11:02:00;COM VÍTIMA;MADALENA;RUA;RUA ERNANI BRAGA;;;PROX AO CARTORIO DA MADALENA / PROX A PRAÇA PROFESSOR CALAZANHAS;MADALENA;;;COLISÃO;0;1;0;0;0;0;0;0;0;1;0;;;;;;;;;;;;;
2023-11-08;quarta-feira ;11:04:00;COM VÍTIMA;IMBIRIBEIRA;AVENIDA;AVENIDA ENGENHEIRO ALVES DE SOUZA;;;AO LADO DA HONDA;IMBIRIBEIRA;;;COLISÃO LATERAL;1;1;0;0;0;0;0;0;0;1;0;;;;;;;;;;;;;
2023-11-08;quarta-feira ;11:09:00;COM VÍTIMA;AFOGADOS;EST;EST DOS REMEDIOS;;;;AFOGADOS;;;COLISÃO LATERAL;2;0;0;0;0;0;0;0;0;1;0;;;;;;;;;;;;;
2023-11-08;quarta-feira ;02:12:00;SEM VÍTIMA;BOA VIAGEM;RUA;RUA COSMORAMA;;;Centro de Saúde Prof. Djair Brindeiro;BOA VIAGEM;;;COLISÃO TRASEIRA;1;0;0;0;0;0;0;1;0;0;0;;;;;;;;;;;;;
2023-11-08;quarta-feira ;03:06:00;COM VÍTIMA;IBURA;AVENIDA;AVENIDA DOIS RIOS;;;EM FRENTE A IGREJA DOS MORMOS;IBURA;;;COLISÃO;1;1;0;0;0;0;0;0;0;1;0;;;;;;;;;;;;;
2023-11-08;quarta-feira ;03:24:00;COM VÍTIMA;AFOGADOS;EST;EST DOS REMEDIOS;;;;AFOGADOS;;;COLISÃO LATERAL;1;1;0;0;0;0;0;0;0;1;0;;;;;;;;;;;;;
2023-11-08;quarta-feira ;03:54:00;COM VÍTIMA;BOA VISTA;AVENIDA;AVENIDA JOAO DE BARROS;;;EM FRENTE AO CORPO DE BOMBEIROS;BOA VISTA;;;COLISÃO LATERAL;1;1;0;0;0;0;0;0;0;1;0;;;;;;;;;;;;;
2023-11-08;quarta-feira ;06:16:00;COM VÍTIMA;CASA FORTE;AVENIDA;AVENIDA DEZESSETE DE AGOSTO;;;CPOR;CASA FORTE;;;COLISÃO LATERAL;0;0;0;0;0;0;0;0;0;1;0;;;;;;;;;;;;;
2023-11-08;quarta-feira ;08:32:00;COM VÍTIMA;IBURA;AVENIDA;AVENIDA DOIS RIOS;RUA;RUA RIO XINGU;EM FRENTE AO POSTO DE GASOLINA;IBURA;;;COLISÃO TRANSVERSAL;1;1;0;0;0;0;0;0;0;1;0;;;;;;;;;;;;;
2023-11-08;quarta-feira ;10:12:00;COM VÍTIMA;BEBERIBE;AVENIDA;AVENIDA BEBERIBE;;;EM FRENTE AO SESC;BEBERIBE;;;COLISÃO TRANSVERSAL;1;1;0;0;0;0;0;0;0;1;0;;;;;;;;;;;;;
2023-11-09;quinta-feira ;06:39:00;COM VÍTIMA;SANTO AMARO;AVENIDA;AVENIDA GOVERNADOR AGAMENON MAGALHAES;;;NA FRENTE DO HOSPITAL DA RESTAURAÇÃO;SANTO AMARO;;;COLISÃO;1;1;0;0;0;0;0;0;0;1;0;;;;;;;;;;;;;
2023-11-09;quinta-feira ;07:24:00;COM VÍTIMA;CAXANGA;AVENIDA;AVENIDA CAXANGA;;;EM FRENTE A GMAG ESTOFADOS / START AUTOMOVEIS;CAXANGA;;;COLISÃO;0;1;0;0;0;0;0;0;0;1;0;;;;;;;;;;;;;
2023-11-09;quinta-feira ;07:50:00;COM VÍTIMA;PINA;AVENIDA;AVENIDA CELSO FURTADO (VIA MANGUE);;;PROX. AO RIO MAR;PINA;;;COLISÃO LATERAL;0;1;0;0;0;0;0;0;0;1;0;;;;;;;;;;;;;
2023-11-09;quinta-feira ;07:58:00;COM VÍTIMA;IPUTINGA;EST;EST DO BARBALHO;;;EM FRENTE AO DENTRAN;IPUTINGA;;;COLISÃO FRONTAL;1;1;0;0;0;0;0;0;0;1;0;;;;;;;;;;;;;
2023-11-09;quinta-feira ;10:05:00;COM VÍTIMA;IBURA;AVENIDA;AVENIDA DOIS RIOS;;;EM FRENTE A ACADEMIA MOTIVE, PROX. AO POSTO BR;IBURA;;;COLISÃO LATERAL;0;1;0;0;0;0;0;0;0;1;0;;;;;;;;;;;;;
2023-11-09;quinta-feira ;10:56:00;COM VÍTIMA;BOA VISTA;AVENIDA;AVENIDA CONDE DA BOA VISTA;RUA;RUA DA UNIAO;AO LADO DO BANCO ITAU;BOA VISTA;;;COLISÃO COM CICLISTA;1;0;0;1;0;0;0;0;0;2;0;;;;;;;;;;;;;
2023-11-09;quinta-feira ;11:02:00;COM VÍTIMA;BOA VIAGEM;AVENIDA;AVENIDA CONSELHEIRO AGUIAR;;;PROX A GALERIA TRADE CENTER /  PROX A PHARMAPELE E DROGASIL;BOA VIAGEM;;;COLISÃO;1;2;0;0;0;0;0;0;0;1;0;;;;;;;;;;;;;
2023-11-09;quinta-feira ;01:35:00;COM VÍTIMA;IBURA;RUA;RUA EMILIO MONTEIRO FONSECA;;;AO ALADO DA ASSEMBLEIA DE DEUS;IBURA;;;COLISÃO LATERAL;1;1;0;0;0;0;0;0;0;1;0;;;;;;;;;;;;;
2023-11-09;quinta-feira ;04:22:00;COM VÍTIMA;ROSARINHO;AVENIDA;AVENIDA NORTE MIGUEL ARRAES DE ALENCAR;;;PADARIA DO ROSARINHO;0;;;COLISÃO LATERAL;0;0;0;0;0;0;0;0;0;1;0;;;;;;;;;;;;;
2023-11-09;quinta-feira ;04:38:00;COM VÍTIMA;AFOGADOS;RUA;RUA SAO MIGUEL;;;E/F A IGREJA DA FE DO BRASIL  VT  18 NO LOCAL;AFOGADOS;;;COLISÃO COM CICLISTA;0;0;0;1;0;0;0;0;0;1;0;;;;;;;;;;;;;
2023-11-09;quinta-feira ;05:15:00;COM VÍTIMA;SAO JOSE;RUA;RUA DO PEIXOTO;;;;SAO JOSE;;;COLISÃO;0;0;0;0;0;0;0;0;0;1;0;;;;;;;;;;;;;
2023-11-09;quinta-feira ;05:36:00;COM VÍTIMA;VARZEA;RUA;RUA VISCONDE DE BARBACENA;RUA;RUA AGRICOLANDIA;PROX AO HOSPITAL HAPVIDA POR TRAS DA PRAÇA DE TAXI;VARZEA;;;COLISÃO LATERAL;1;1;0;0;0;0;0;0;0;1;0;;;;;;;;;;;;;
2023-11-09;quinta-feira ;05:52:00;COM VÍTIMA;ENGENHO DO MEIO;RUA;RUA ANTONIO CURADO;;;APÓS O PRESIDIO BOM PASTOR;ENGENHO DO MEIO;;;COLISÃO LATERAL;0;0;0;0;0;0;0;0;0;1;0;;;;;;;;;;;;;
2023-11-09;quinta-feira ;06:33:00;SEM VÍTIMA;SANTO ANTONIO;AVENIDA;AVENIDA RIO CAPIBARIBE;;;EM CIMA DA PORTE DUARTE COELHO;SANTO ANTONIO;;;COLISÃO LATERAL;0;0;0;0;0;1;0;1;0;0;0;;;;;;;;;;;;;
2023-11-09;quinta-feira ;07:53:00;COM VÍTIMA;SANTO AMARO;RUA;RUA DOS PALMARES;;;PRÓX. AO INSS;SANTO AMARO;;;COLISÃO;1;1;0;0;0;0;0;0;0;1;0;;;;;;;;;;;;;
2023-11-09;quinta-feira ;08:20:00;COM VÍTIMA;PINA;AVENIDA;AVENIDA ENGENHEIRO DOMINGOS FERREIRA;;;EM FRENTE AO POSTO SHELL;PINA;;;ATROPELAMENTO DE PESSOA;0;0;0;0;1;1;0;0;0;1;0;;;;;;;;;;;;;
2023-11-10;sexta-feira ;03:28:00;SEM VÍTIMA;BOA VIAGEM;RUA;RUA SA E SOUZA;RUA;RUA BARAO DE SOUZA LEAO;EM FRENTE À ESCOLA BRIGADEIRO EDUARDO GOMES;BOA VIAGEM;159;CIDADE;COLISÃO TRASEIRA;1;0;0;0;0;0;0;1;0;0;0;;;;;;;;;;;;;
2023-11-10;sexta-feira ;08:57:00;COM VÍTIMA;SANTO AMARO;AVENIDA;AVENIDA GOVERNADOR AGAMENON MAGALHAES;;;EM FRENTE A FÁBRICA TACARUNA ( SENTIDO CIDADE );SANTO AMARO;;SUBURBIO;COLISÃO LATERAL;1;1;0;0;0;0;0;0;0;1;0;;;;;;;;;;;;;
2023-11-10;sexta-feira ;02:51:00;COM VÍTIMA;PARNAMIRIM;RUA;RUA SEBASTIAO ALVES;;;E/F AO  FAACA  BOTECO  E PARRILLA;PARNAMIRIM;;;COLISÃO FRONTAL;1;1;0;0;0;0;0;0;0;1;0;;;;;;;;;;;;;
2023-11-10;sexta-feira ;02:59:00;COM VÍTIMA;ENCRUZILHADA;RUA;RUA CONS PORTELA;;;BANCO ITAU DA ENCRUZILHADA;ENCRUZILHADA;;;COLISÃO LATERAL;0;0;0;0;0;0;0;0;0;1;0;;;;;;;;;;;;;
2023-11-10;sexta-feira ;04:21:00;COM VÍTIMA;IBURA;AVENIDA;AVENIDA DOIS RIOS;;;BANCA DE JOGO CAMINHO DA SORTE;IBURA;;;COLISÃO LATERAL;0;1;0;0;0;1;0;0;0;1;0;;;;;;;;;;;;;
2023-11-10;sexta-feira ;04:21:00;COM VÍTIMA;SANTO AMARO;AVENIDA;AVENIDA MARIO MELO;;;ESCOLA SILVIO RABELO;SANTO AMARO;;;COLISÃO LATERAL;0;0;0;0;0;0;0;0;0;1;0;;;;;;;;;;;;;
2023-11-10;sexta-feira ;05:51:00;COM VÍTIMA;IBURA;AVENIDA;AVENIDA DOIS RIOS;;;E/F AO POSTO SHEL;IBURA;;;COLISÃO TRASEIRA;1;1;0;0;0;0;0;0;0;1;0;;;;;;;;;;;;;
2023-11-10;sexta-feira ;06:55:00;COM VÍTIMA;ARRUDA;RUA;RUA RAMIZ GALVAO;;;PROX AO ESTÁDIO DO SANTA CRUZ;ARRUDA;;;COLISÃO FRONTAL;1;1;0;0;0;0;0;0;0;1;0;;;;;;;;;;;;;
2023-11-10;sexta-feira ;07:09:00;COM VÍTIMA;BAIRRO DO RECIFE;RUA;RUA DO BRUM;;;EM FRENTE AO TRF;BAIRRO DO RECIFE;;;COLISÃO TRANSVERSAL;1;1;0;0;0;0;0;0;0;1;0;;;;;;;;;;;;;
2023-11-10;sexta-feira ;07:20:00;COM VÍTIMA;JARDIM SAO PAULO;AVENIDA;AVENIDA SAO PAULO;;;EM FRENTE AO MINI SHOPPING;JARDIM SAO PAULO;;;COLISÃO TRASEIRA;1;1;0;0;0;0;0;0;0;1;0;;;;;;;;;;;;;
2023-11-10;sexta-feira ;07:37:00;COM VÍTIMA;ENGENHO DO MEIO;RUA;RUA ANTONIO CURADO;;;COM A RUA MANOEL  CORTE  REAL;ENGENHO DO MEIO;;;COLISÃO TRANSVERSAL;1;1;0;0;0;0;0;0;0;1;0;;;;;;;;;;;;;
2023-11-10;sexta-feira ;07:53:00;COM VÍTIMA;TORROES;AVENIDA;AVENIDA ENGENHEIRO ABDIAS DE CARVALHO;;;APÓS O POSTO SHELL , SENTIDO BR 232;TORROES;;;ATROPELAMENTO DE PESSOA;1;0;0;0;2;0;0;0;0;2;0;;;;;;;;;;;;;
2023-11-11;sábado ;01:26:00;COM VÍTIMA;CORDEIRO;AVENIDA;AVENIDA CAXANGA;RUA;RUA CLAUDIO BROTHERHOOD;DEFRONTE AO PARQUE DE EXPOSIÇÃO DE ANIMAIS DO CORDEIRO - SENTIDO CIDADE;CORDEIRO;;CIDADE;COLISÃO;1;1;0;0;0;0;0;0;0;2;0;;;;;;;;;;;;;
2023-11-11;sábado ;03:51:00;COM VÍTIMA;MADALENA;RUA;RUA REAL DA TORRE;;;PRÓXIMO A RUA JOSÉ OSÓRIO;MADALENA;;;COLISÃO TRANSVERSAL;1;1;0;0;0;0;0;0;0;2;0;;;;;;;;;;;;;
2023-11-11;sábado ;05:42:00;COM VÍTIMA;AFOGADOS;RUA;RUA PROFESSOR AUGUSTO WANDERLEY FILHO;;;COM A RUA MOCOTOLOMBÓ;AFOGADOS;;;COLISÃO;0;1;0;0;0;0;0;0;0;2;0;;;;;;;;;;;;;
2023-11-11;sábado ;11:27:00;COM VÍTIMA;BOA VIAGEM;RUA;RUA ANTONIO FALCAO;;;PROX A SONHARES COLCHÕES E ASSESSÓRIOS,  PROX  A VILMA  AUTO CENTER,   PROX A ESTAÇÃO ANTONIO FALCÃO;BOA VIAGEM;;;COLISÃO LATERAL;0;1;0;0;0;0;0;0;0;1;0;;;;;;;;;;;;;
2023-11-11;sábado ;02:11:00;COM VÍTIMA;CAXANGA;RUA;RUA ELIZEU CAVALCANTE;;;PROX A ENTRADA DA ESTAÇAO DO BRT NO SEMFORO 265;CAXANGA;;;COLISÃO COM CICLISTA;0;0;0;1;0;0;0;0;0;1;0;;;;;;;;;;;;;
2023-11-11;sábado ;02:39:00;COM VÍTIMA;AFOGADOS;TRV;TRV SAO MIGUEL;;;EM FRENTE AO SHOPPING SAO MIGUEL CENTER;AFOGADOS;;;COLISÃO TRASEIRA;1;1;0;0;0;0;0;0;0;1;0;;;;;;;;;;;;;
2023-11-11;sábado ;02:45:00;COM VÍTIMA;CASA FORTE;AVENIDA;AVENIDA DEZESSETE DE AGOSTO;;;E/F AO BAR CHEF;CASA FORTE;;;COLISÃO LATERAL;1;1;0;0;0;0;0;0;0;1;0;;;;;;;;;;;;;
2023-11-11;sábado ;03:06:00;COM VÍTIMA;BOA VIAGEM;RUA;RUA ANTONIO FALCAO;RUA;RUA FRANCISCO DA CUNHA;EM FRENTE A FARMACIA DROGASIL;BOA VIAGEM;;;COLISÃO TRASEIRA;1;1;0;0;0;0;0;0;0;2;0;;;;;;;;;;;;;
2023-11-11;sábado ;03:08:00;COM VÍTIMA;ILHA DO RETIRO;EST;EST DOS REMEDIOS;;;E/F A VIA TOTAL PNEUS  AO RESTAURANTE  PONTO DO GAUCHO;ILHA DO RETIRO;1355;;COLISÃO LATERAL;0;0;0;0;0;0;0;0;0;1;0;;;;;;;;;;;;;
2023-11-11;sábado ;04:39:00;COM VÍTIMA;SAO JOSE;AVENIDA;AVENIDA SUL;;;PROX AO POSTO BR  EM BAIXO DO VIADUTO CAPITÃO TEMUDO;SAO JOSE;;SUBURBIO;COLISÃO FRONTAL;0;0;0;0;0;2;0;0;0;2;0;;;;;;;;;;;;;
2023-11-11;sábado ;05:05:00;COM VÍTIMA;PRADO;RUA;RUA JOAO IVO DA SILVA;;;PROX A LOJA ELETRO TEC;PRADO;;;COLISÃO TRASEIRA;1;1;0;0;0;0;0;0;0;1;0;;;;;;;;;;;;;
2023-11-11;sábado ;05:08:00;COM VÍTIMA;CORDEIRO;RUA;RUA CLAUDIO BROTHERHOOD;PRC;PRC DR JOSE VILELA;AO LADO DA OFICINA DO MADSON;CORDEIRO;;;COLISÃO LATERAL;0;1;0;0;0;0;0;0;0;1;0;;;;;;;;;;;;;
2023-11-11;sábado ;05:09:00;COM VÍTIMA;IMBIRIBEIRA;AVENIDA;AVENIDA MARECHAL MASCARENHAS DE MORAES;RUA;RUA MURITIBA;PRÓXIMO A FERREIRA COSTA;IMBIRIBEIRA;;CIDADE;COLISÃO TRASEIRA;4;1;0;0;0;0;0;0;0;2;0;;;;;;;;;;;;;
2023-11-11;sábado ;05:11:00;COM VÍTIMA;IMBIRIBEIRA;RUA;RUA JOSE DA SILVA LUCENA;;;PROXA FERREIRA COSTA;IMBIRIBEIRA;;;COLISÃO LATERAL;0;0;0;0;0;0;0;0;0;1;0;;;;;;;;;;;;;
2023-11-11;sábado ;05:37:00;COM VÍTIMA;PORTO DA MADEIRA;AVENIDA;AVENIDA BEBERIBE;;;PROX AO POSTO BC E A GALERIA CAJUEIRO;PORTO DA MADEIRA;;;QUEDA;0;1;0;0;0;0;0;0;0;1;0;;;;;;;;;;;;;
2023-11-11;sábado ;05:53:00;COM VÍTIMA;SAN MARTIN;AVENIDA;AVENIDA ENGENHEIRO ABDIAS DE CARVALHO;;;PROX AO ATACAREJO  E/F AO COMPAZ;SAN MARTIN;;;COLISÃO LATERAL;0;0;0;0;0;0;0;0;0;1;0;;;;;;;;;;;;;
2023-11-11;sábado ;05:54:00;COM VÍTIMA;JAQUEIRA;AVENIDA;AVENIDA RUI BARBOSA;;;NA ESQUINA DA ACADEMIA LAITE;JAQUEIRA;;;COLISÃO FRONTAL;1;1;0;0;0;0;0;0;0;1;0;;;;;;;;;;;;;
2023-11-11;sábado ;08:43:00;COM VÍTIMA;SANTO AMARO;RUA;RUA DA UNIAO;;;COM A RUA MAMEDE SIMÕES AO LADO DA ASSEMLÉIA LEGISLATIVA;SANTO AMARO;;;COLISÃO TRANSVERSAL;1;1;0;0;0;0;0;0;0;1;0;;;;;;;;;;;;;
2023-11-11;sábado ;09:22:00;COM VÍTIMA;SAO JOSE;RUA;RUA IMPERIAL;;;ANTES DO VIADUTO CAP TEMUDO;SAO JOSE;;;CAPOTAMENTO;2;1;0;0;0;0;0;0;0;2;0;;;;;;;;;;;;;
2023-11-11;sábado ;11:21:00;COM VÍTIMA;VARZEA;RUA;RUA ABATIA;;;EM FRENTE AO FRIGÓRIFICO ABATIA;VARZEA;;;COLISÃO TRANSVERSAL;1;1;0;0;0;0;0;0;0;1;0;;;;;;;;;;;;;
2023-11-12;domingo ;09:22:00;COM VÍTIMA;IMBIRIBEIRA;VIADUTO;VIADUTO TANCREDO NEVES;;;PROX A UPA DA IMBIRIBEIRA / SENTIDO AV RECIFE;IMBIRIBEIRA;;;COLISÃO;1;1;0;0;0;0;0;0;0;1;0;;;;;;;;;;;;;
2023-11-12;domingo ;10:24:00;COM VÍTIMA;ILHA DO RETIRO;AVENIDA;AVENIDA ENGENHEIRO ABDIAS DE CARVALHO;;;EM FRENTE A ILHA DO RETIRO;ILHA DO RETIRO;;;COLISÃO;0;1;0;0;0;0;0;0;0;1;0;;;;;;;;;;;;;
2023-11-12;domingo ;11:02:00;COM VÍTIMA;COQUEIRAL;RUA;RUA DR JOSE CORNELIO;;;PROX A ESTAÇÃO DE METRO COQUEIRAL;COQUEIRAL;;;COLISÃO;0;1;0;0;0;0;0;0;0;1;0;;;;;;;;;;;;;
2023-11-12;domingo ;11:39:00;COM VÍTIMA;ILHA DO RETIRO;AVENIDA;AVENIDA ENGENHEIRO ABDIAS DE CARVALHO;;;EM FRENTE AO CAMPO DE SPORT;ILHA DO RETIRO;;;COLISÃO;0;1;0;0;0;0;0;0;0;1;0;;;;;;;;;;;;;
2023-11-12;domingo ;12:28:00;COM VÍTIMA;PONTO DE PARADA;RUA;RUA PROFESSOR JERONIMO GUEIROS;;;PROX A COCA COLA;PONTO DE PARADA;;;QUEDA;0;1;0;0;0;0;0;0;0;1;0;;;;;;;;;;;;;
2023-11-12;domingo ;05:16:00;SEM VÍTIMA;AREIAS;AVENIDA;AVENIDA CAPITAO GREGORIO DE CALDAS;;;CLINICA CENTER / CARREFOUR DA AV. RECIFE;AREIAS;;;COLISÃO FRONTAL;4;0;0;0;0;0;0;0;0;0;0;;;;;;;;;;;;;
2023-11-12;domingo ;06:01:00;COM VÍTIMA;TEJIPIO;AVENIDA;AVENIDA DR JOSE RUFINO;;;ESCOLA ALBERTO TORRES;TEJIPIO;;;COLISÃO LATERAL;0;0;0;0;0;0;0;0;0;1;0;;;;;;;;;;;;;
2023-11-12;domingo ;06:56:00;COM VÍTIMA;PARNAMIRIM;RUA;RUA VIRGINIA LORETO;;;POR TRÁS DA IGREJA DOS MORMONS;PARNAMIRIM;;;COLISÃO LATERAL;0;0;0;0;0;0;0;0;0;1;0;;;;;;;;;;;;;
2023-11-12;domingo ;08:35:00;COM VÍTIMA;IPUTINGA;AVENIDA;AVENIDA CAXANGA;;;EM FRENTE A AUTO ESCOLA PILOTO E A CONCESSIONÁRIA DA HONDA;IPUTINGA;;;COLISÃO;0;0;0;0;0;0;0;0;0;1;0;;;;;;;;;;;;;
2023-11-12;domingo ;08:46:00;SEM VÍTIMA;MACAXEIRA;RUA;RUA CORONEL JOAO BATISTA DO REGO BARROS;;;PARQUE DA MACAXEIRA;MACAXEIRA;671;;COLISÃO TRASEIRA;1;1;0;0;0;0;0;0;0;0;0;;;;;;;;;;;;;
2023-11-12;domingo ;09:16:00;COM VÍTIMA;CASA FORTE;AVENIDA;AVENIDA DEZESSETE DE AGOSTO;;;APÓS A PRAÇA DE CASA FORTE;CASA FORTE;;;COLISÃO;0;2;0;0;0;0;0;0;0;2;0;;;;;;;;;;;;;
2023-11-12;domingo ;10:50:00;COM VÍTIMA;BOA VIAGEM;RUA;RUA VISCONDE DE JEQUITINHONHA;;;POR TRÁS DO PARQUE DONA LINDU;BOA VIAGEM;;;COLISÃO;0;1;0;0;0;0;0;0;0;1;0;;;;;;;;;;;;;
2023-11-13;segunda-feira ;06:33:00;COM VÍTIMA;SANTO ANTONIO;RUA;RUA DO SOL;;;EM FRENTE AO TEATRO SANTA ISABEL;SANTO ANTONIO;;;COLISÃO LATERAL;0;1;0;0;0;0;0;0;0;1;0;;;;;;;;;;;;;
2023-11-13;segunda-feira ;09:20:00;COM VÍTIMA;MADALENA;RUA;RUA CLOVIS BEVILAQUA;;;EM FRENTE A ASSOCIAÇÃO BANDEPE;MADALENA;;;COLISÃO;0;1;0;0;0;0;0;0;0;1;0;;;;;;;;;;;;;
2023-11-13;segunda-feira ;10:38:00;COM VÍTIMA;GUABIRABA;RUA;RUA ALTO JOSE IDALINO;;;PROX AO TERMINAL DE ONIBUS / NA ESQUINA DA IGREJA BATISTA;GUABIRABA;;;COLISÃO;0;1;0;0;0;0;0;0;0;1;0;;;;;;;;;;;;;
2023-11-13;segunda-feira ;11:43:00;COM VÍTIMA;COELHOS;PTE;PTE JOAQUIM CARDOSO;;;PROX AO FORUM JOANA BEZERRA;COELHOS;;;COLISÃO;0;1;0;0;0;0;0;0;0;1;0;;;;;;;;;;;;;
2023-11-13;segunda-feira ;02:50:00;SEM VÍTIMA;TEJIPIO;RUA;RUA FALCAO DE LACERDA;;;PRÓXIMO AO CARTÓRIO;TEJIPIO;;;COLISÃO;0;0;0;0;0;0;0;0;0;0;0;;;;;;;;;;;;;