data;dia_semana;hora;natureza;bairro;logradouro_endereco;endereco;logradouro_detalhe_endereço;detalhe_endereco_acidente;complemento;bairro_cruzamento;num_semaforo;sentido_via;tipo;auto;moto;ciclom;ciclista;pedestre;onibus;caminhao;viatura;outros;vitimas;vitimasfatais;acidente_verificado;tempo_clima;situacao_semaforo;sinalizacao;condicao_via;conservacao_via;ponto_controle;situacao_placa;velocidade_max_via;mao_direcao;divisao_via1;divisao_via2;divisao_via3
2023-11-13;segunda-feira ;05:42:00;COM VÍTIMA;ENGENHO DO MEIO;RUA;RUA FRANCISCO BEZERRA MONTEIRO;;;BET PLACE;ENGENHO DO MEIO;;;COLISÃO LATERAL;0;0;0;0;0;0;0;0;0;1;0;;;;;;;;;;;;;
2023-11-13;segunda-feira ;07:26:00;COM VÍTIMA;CAMPO GRANDE;AVENIDA;AVENIDA PROFESSOR JOSE DOS ANJOS;;;UNIDADE DE SAUDE ANTONIO FRANCISCO AREIAS;CAMPO GRANDE;;;COLISÃO LATERAL;1;0;0;1;0;0;0;0;0;1;0;;;;;;;;;;;;;
2023-11-13;segunda-feira ;07:16:00;COM VÍTIMA;BOA VIAGEM;RUA;RUA DOS NAVEGANTES;;;COM A RUA ERNESTO  DE PAULA SANTOS;BOA VIAGEM;;;COLISÃO LATERAL;1;1;0;0;0;0;0;0;0;1;0;;;;;;;;;;;;;
2023-11-14;terça-feira ;07:56:00;COM VÍTIMA;TORREAO;RUA;RUA OTHON PARAISO;;;EM FRENTE AO EDF. FUTURO NOEMIA PARAISO;TORREAO;;;COLISÃO LATERAL;1;1;0;0;0;0;0;0;0;1;0;;;;;;;;;;;;;
2023-11-14;terça-feira ;08:38:00;COM VÍTIMA;IMBIRIBEIRA;RUA;RUA ALVARO AMORIM;AVENIDA;AVENIDA MARECHAL MASCARENHAS DE MORAES;NO SEMAFORO 279;IMBIRIBEIRA;;;COLISÃO LATERAL;1;1;0;0;0;0;0;0;0;1;0;;;;;;;;;;;;;
2023-11-14;terça-feira ;09:38:00;COM VÍTIMA;IBURA;RUA;RUA DOZE DE JUNHO;;;PROX. AO MERCADO PROABE ALIMENTOS E COOMUNIDADE VINTE E SETE DE NOVEMBRO;IBURA;;;COLISÃO LATERAL;0;1;0;0;0;0;0;0;0;1;0;;;;;;;;;;;;;
2023-11-14;terça-feira ;11:12:00;COM VÍTIMA;IMBIRIBEIRA;AVENIDA;AVENIDA MARECHAL MASCARENHAS DE MORAES;;;NO FINAL DO MURO DO AEROPORTO / NA ENTRADA DO JORDÃO;IMBIRIBEIRA;;;COLISÃO;0;1;0;0;0;0;0;0;0;1;0;;;;;;;;;;;;;
2023-11-14;terça-feira ;12:35:00;SEM VÍTIMA;SAO JOSE;TRV;TRV DO GUSMAO;;;;SAO JOSE;;;COLISÃO LATERAL;1;0;0;0;0;1;0;0;0;0;0;;;;;;;;;;;;;
2023-11-14;terça-feira ;12:46:00;COM VÍTIMA;CASA FORTE;AVENIDA;AVENIDA DEZESSETE DE AGOSTO;;;EM FRENTE AO PET E CIA;CASA FORTE;;;COLISÃO;0;1;0;0;0;0;0;0;0;1;0;;;;;;;;;;;;;
2023-11-14;terça-feira ;12:50:00;COM VÍTIMA;SANTO AMARO;AVENIDA;AVENIDA CRUZ CABUGA;;;EM FRENTE AO SENAI CRUZAMENTO COM FREI CASSIMIRO;SANTO AMARO;;;COLISÃO;0;1;0;0;0;0;0;0;0;1;0;;;;;;;;;;;;;
2023-11-14;terça-feira ;04:20:00;COM VÍTIMA;IPUTINGA;EST;EST DO BARBALHO;;;PROX AO DETRAN E/F CONAB;IPUTINGA;;;COLISÃO FRONTAL;0;2;0;0;0;0;0;0;0;2;0;;;;;;;;;;;;;
2023-11-14;terça-feira ;06:56:00;COM VÍTIMA;ARRUDA;AVENIDA;AVENIDA BEBERIBE;;;DE FRENTE AO ESTÁDIO DO SANTA CRUZ;ARRUDA;;;COLISÃO LATERAL;1;1;0;0;0;0;0;0;0;1;0;;;;;;;;;;;;;
2023-11-14;terça-feira ;07:52:00;COM VÍTIMA;DOIS UNIDOS;AVENIDA;AVENIDA HILDEBRANDO DE VASCONCELOS;;;PRÓXIMO AO COLEGIO ESTADUAL E AO ANTIGO CT DO SANTA CRUZ;DOIS UNIDOS;;;COLISÃO;0;1;0;0;0;0;0;0;0;1;0;;;;;;;;;;;;;
2023-11-14;terça-feira ;08:26:00;COM VÍTIMA;IBURA;AVENIDA;AVENIDA RIO SAO FRANCISCO;;;UR1 PRÓXIMO A ACADEMIA DA CIDADE;IBURA;;;COLISÃO;0;0;0;0;0;0;0;0;0;1;0;;;;;;;;;;;;;
2023-11-14;terça-feira ;10:37:00;COM VÍTIMA;BOA VIAGEM;RUA;RUA BARAO DE SOUZA LEAO;;;AO LADO DO COLEGIO SANTO DUMONT;BOA VIAGEM;;;COLISÃO;0;0;0;0;0;0;0;0;0;1;0;;;;;;;;;;;;;
2023-11-15;quarta-feira ;01:45:00;COM VÍTIMA;IBURA;AVENIDA;AVENIDA DOIS RIOS;;;E/F À IGREJA ELSHADAI E POSTO SHELL;IBURA;;;COLISÃO FRONTAL;1;1;0;0;0;0;0;0;0;1;0;;;;;;;;;;;;;
2023-11-15;quarta-feira ;05:12:00;SEM VÍTIMA;IBURA;AVENIDA;AVENIDA PRESIDENTE DUTRA;;;EM FRENTE AO POSTO RECIFE;IBURA;;SUBURBIO;CHOQUE;1;0;0;0;0;0;0;0;0;0;0;;;;;;;;;;;;;
2023-11-15;quarta-feira ;05:19:00;COM VÍTIMA;SANTO AMARO;AVENIDA;AVENIDA GOVERNADOR AGAMENON MAGALHAES;;;PROX. A PROCURADORIA DA REPUBLICA, NO SENTIDO BOA VIAGEM , LADO OPOSTO A UPE;SANTO AMARO;;;COLISÃO LATERAL;1;1;0;0;0;0;0;0;0;1;0;;;;;;;;;;;;;
2023-11-15;quarta-feira ;07:38:00;COM VÍTIMA;MACAXEIRA;RUA;RUA MARIA CANDIDA;;;NO BAIRRO BURITI PARTE BAIXA, PROX. AO MERCADINHO SANTO ANOTNI E POSTO DE SAUDE;MACAXEIRA;;;COLISÃO LATERAL;0;1;0;0;0;0;0;0;0;1;0;;;;;;;;;;;;;
2023-11-15;quarta-feira ;09:09:00;COM VÍTIMA;SAN MARTIN;AVENIDA;AVENIDA GENERAL SAN MARTIN;;;EM FRENTE A FARMACIA DROGASIL, PROX. AO GETULIO VARGAS;SAN MARTIN;;;COLISÃO LATERAL;0;1;0;0;0;0;0;0;0;1;0;;;;;;;;;;;;;
2023-11-15;quarta-feira ;12:01:00;COM VÍTIMA;BOA VIAGEM;RUA;RUA CAMBOIM;;;EM FRENTE A CASA DE FESTA  CRISTAL MAISON;BOA VIAGEM;;;COLISÃO LATERAL;1;1;0;0;0;0;0;0;0;1;0;;;;;;;;;;;;;
2023-11-15;quarta-feira ;03:01:00;COM VÍTIMA;TEJIPIO;RUA;RUA APRIGIO GUIMARAES;;;NA RUA DO HOSPITL OTAVIO DE FREITAS;TEJIPIO;;;COLISÃO LATERAL;1;1;0;0;0;0;0;0;0;1;0;;;;;;;;;;;;;
2023-11-15;quarta-feira ;04:37:00;COM VÍTIMA;BOA VIAGEM;VIADUTO;VIADUTO TANCREDO NEVES;;;COLISAO SOBRE O VIADUTO TANCREDO NEVES;BOA VIAGEM;;;COLISÃO LATERAL;1;1;0;0;0;0;0;0;0;1;0;;;;;;;;;;;;;
2023-11-15;quarta-feira ;06:59:00;COM VÍTIMA;JARDIM SAO PAULO;RUA;RUA LEANDRO BARRETO;RUA;RUA LEOBINA PEREIRA;BEM NO CRUZAMENTO ONDE TEM A PIZZARIA DOS GEMEOS;JARDIM SAO PAULO;;;COLISÃO FRONTAL;1;1;0;0;0;0;0;0;0;1;0;;;;;;;;;;;;;
2023-11-15;quarta-feira ;07:45:00;COM VÍTIMA;IPSEP;AVENIDA;AVENIDA RECIFE;;;SEMÁFORO 016 / PRÓX. DO NÚCLEO / ENTRADA DO IBURA;IPSEP;;;COLISÃO TRANSVERSAL;1;1;0;0;0;0;0;0;0;1;0;;;;;;;;;;;;;
2023-11-16;quinta-feira ;06:58:00;COM VÍTIMA;PASSARINHO;RUA;RUA ANDORINHA;RUA;RUA PATATIVA;NA SUBDA DO ALTO SA BONDADE;PASSARINHO;;;COLISÃO LATERAL;0;1;0;0;0;0;0;0;0;1;0;;;;;;;;;;;;;
2023-11-16;quinta-feira ;07:35:00;COM VÍTIMA;BOA VIAGEM;RUA;RUA PROFESSOR JOAO MEDEIROS;;;PROX. A LOJA PETZ;BOA VIAGEM;;;COLISÃO TRASEIRA;1;1;0;0;0;0;0;0;0;1;0;;;;;;;;;;;;;
2023-11-16;quinta-feira ;07:58:00;COM VÍTIMA;ESPINHEIRO;RUA;RUA QUARENTA E OITO;RUA;RUA CONS PORTELA;PROX A PAG MENOS;ESPINHEIRO;;;COLISÃO;0;1;0;0;0;1;0;0;0;1;0;;;;;;;;;;;;;
2023-11-16;quinta-feira ;09:19:00;SEM VÍTIMA;MORRO DA CONCEICAO;COR;COR DO BARTOLOMEU;;;EM FRENTE A ALEX CAR;MORRO DA CONCEICAO;;CIDADE;COLISÃO TRASEIRA;2;0;0;0;0;0;0;0;0;0;0;;;;;;;;;;;;;
2023-11-16;quinta-feira ;09:36:00;COM VÍTIMA;SAO JOSE;RUA;RUA IMPERIAL;;;EM FRENTE AO RECIFE GÁS  / ANTES DA PONTE E PROX A EMPRESA ALIMONDA;SAO JOSE;;;COLISÃO;0;1;0;0;0;0;0;0;0;1;0;;;;;;;;;;;;;
2023-11-16;quinta-feira ;10:58:00;COM VÍTIMA;BARRO;AVENIDA;AVENIDA DR JOSE RUFINO;;;NO SEMAFORO 208, EM FRENTE AO EXERCITO BRASILEIRO;BARRO;;;COLISÃO LATERAL;1;0;0;0;0;0;1;0;0;2;0;;;;;;;;;;;;;
2023-11-16;quinta-feira ;01:08:00;SEM VÍTIMA;SANTO AMARO;AVENIDA;AVENIDA JOAO DE BARROS;;;GASTRO  PE;SANTO AMARO;;CIDADE;COLISÃO TRASEIRA;3;0;0;0;0;0;0;0;0;0;0;;;;;;;;;;;;;
2023-11-16;quinta-feira ;03:02:00;SEM VÍTIMA;NOVA DESCOBERTA;ALT;ALT DO OLHO D'AGUA;;;NA SUBIDA DA DANTAS  PROX AO LARGO DONA REGINA;NOVA DESCOBERTA;;;COLISÃO FRONTAL;0;1;0;0;0;0;0;1;0;0;0;;;;;;;;;;;;;
2023-11-16;quinta-feira ;03:15:00;COM VÍTIMA;BONGI;AVENIDA;AVENIDA ENGENHEIRO ABDIAS DE CARVALHO;;;NA FRENTE DO POSTO DE GASOLINA DA BR;BONGI;;;COLISÃO;0;1;0;0;0;0;0;0;0;1;0;;;;;;;;;;;;;
2023-11-16;quinta-feira ;05:03:00;COM VÍTIMA;AFOGADOS;RUA;RUA ERNESTO CAVALCANTI;;;RUA E/F AO CLUBE ATLETICO;AFOGADOS;;;COLISÃO FRONTAL;1;1;0;0;0;0;0;0;0;1;0;;;;;;;;;;;;;
2023-11-16;quinta-feira ;05:37:00;COM VÍTIMA;TORROES;AVENIDA;AVENIDA ENGENHEIRO ABDIAS DE CARVALHO;;;YOKI;TORROES;;;COLISÃO TRASEIRA;2;1;0;0;0;0;0;0;0;1;0;;;;;;;;;;;;;
2023-11-16;quinta-feira ;08:12:00;COM VÍTIMA;SANTO AMARO;AVENIDA;AVENIDA GOVERNADOR AGAMENON MAGALHAES;;;EM FRENTE A UPE, NO SENTIDO BOA VIAGEM;SANTO AMARO;;;COLISÃO TRASEIRA;1;1;0;0;0;0;0;0;0;1;0;;;;;;;;;;;;;
2023-11-16;quinta-feira ;08:37:00;COM VÍTIMA;IBURA;AVENIDA;AVENIDA DOIS RIOS;;;EM FRENTE AO POSTO BR;IBURA;;;COLISÃO FRONTAL;1;2;0;0;0;0;0;0;0;2;0;;;;;;;;;;;;;
2023-11-16;quinta-feira ;08:49:00;COM VÍTIMA;GUABIRABA;AVENIDA;AVENIDA DA RECUPERACAO;;;PROX AO RESTAURANTE DO LAU , APÓS A UPINHA DA GUABIRABA;GUABIRABA;;;COLISÃO TRASEIRA;1;1;0;0;0;0;0;0;0;1;0;;;;;;;;;;;;;
2023-11-17;sexta-feira ;06:44:00;COM VÍTIMA;IPSEP;AVENIDA;AVENIDA RECIFE;;;EM FRENTE AVANT MULTIMARCAS;IPSEP;;;COLISÃO TRASEIRA;1;1;0;0;0;0;0;0;0;1;0;;;;;;;;;;;;;
2023-11-17;sexta-feira ;09:33:00;COM VÍTIMA;SANTO AMARO;AVENIDA;AVENIDA DR JAYME DA FONTE;;;EM TODA SUA ESTENÇÃO;SANTO AMARO;;;TOMBAMENTO;0;0;0;0;0;0;0;0;0;1;0;;;;;;;;;;;;;
2023-11-17;sexta-feira ;11:43:00;SEM VÍTIMA;ESPINHEIRO;RUA;RUA AFONSO BATISTA;;;PROX AO HAPVIDA;ESPINHEIRO;;;COLISÃO;2;0;0;0;0;0;0;0;0;0;0;;;;;;;;;;;;;
2023-11-17;sexta-feira ;12:49:00;SEM VÍTIMA;AFLITOS;RUA;RUA SAMUEL CAMPELO;;;PROX A  ENTRADA DO CLUBE NAUTICO E/F AO EDF PARCK HOME;AFLITOS;;;COLISÃO FRONTAL;1;0;0;0;0;0;0;1;0;0;0;;;;;;;;;;;;;
2023-11-17;sexta-feira ;02:42:00;COM VÍTIMA;SANTO AMARO;AVENIDA;AVENIDA CRUZ CABUGA;;;NA FRENTE DO SHOPPING TACARUNA E PROX AO HCP;SANTO AMARO;;;COLISÃO;0;1;0;0;0;0;0;0;0;1;0;;;;;;;;;;;;;
2023-11-17;sexta-feira ;03:20:00;COM VÍTIMA;AREIAS;AVENIDA;AVENIDA DR JOSE RUFINO;;;EM FRENTE A LR SERVICE E BRINK KIDS;AREIAS;;;COLISÃO LATERAL;1;1;0;0;0;0;0;0;0;2;0;;;;;;;;;;;;;
2023-11-17;sexta-feira ;05:28:00;COM VÍTIMA;MADALENA;AVENIDA;AVENIDA VISCONDE DE ALBUQUERQUE;;;MADALENA CENTER;MADALENA;;;COLISÃO LATERAL;1;1;0;0;0;0;0;0;0;1;0;;;;;;;;;;;;;
2023-11-17;sexta-feira ;05:35:00;COM VÍTIMA;PAISSANDU;RUA;RUA PAISSANDU;;;;PAISSANDU;;;COLISÃO;1;0;0;0;0;0;0;0;0;1;0;;;;;;;;;;;;;
2023-11-17;sexta-feira ;06:19:00;COM VÍTIMA;PAISSANDU;RUA;RUA PAISSANDU;;;DE FRENTE AO HOSPITAL SÃO MARCOS;PAISSANDU;;;COLISÃO FRONTAL;1;1;0;0;0;0;0;0;0;1;0;;;;;;;;;;;;;
2023-11-17;sexta-feira ;06:41:00;SEM VÍTIMA;IPSEP;RUA;RUA JEAN EMILE FAVRE;;;EM FRENTE A FACULDADE DE BOA VIAGEM;IPSEP;;;COLISÃO FRONTAL;3;0;0;0;0;0;0;0;0;0;0;;;;;;;;;;;;;
2023-11-17;sexta-feira ;09:01:00;SEM VÍTIMA;SAO JOSE;AVENIDA;AVENIDA SUL;;;ANTIGO MOTEL CRISTAL;SAO JOSE;;;COLISÃO;1;0;0;0;0;0;0;1;0;0;0;;;;;;;;;;;;;
2023-11-17;sexta-feira ;09:28:00;SEM VÍTIMA;CORDEIRO;RUA;RUA BRASILANDIA;RUA;RUA GREGORIO JUNIOR;;CORDEIRO;;;COLISÃO;2;0;0;0;0;0;0;0;0;0;0;;;;;;;;;;;;;
2023-11-17;sexta-feira ;10:11:00;COM VÍTIMA;BONGI;AVENIDA;AVENIDA ENGENHEIRO ABDIAS DE CARVALHO;;;NOVO ATACAREJO;BONGI;;;COLISÃO;1;1;0;0;0;0;0;0;0;1;0;;;;;;;;;;;;;
2023-11-18;sábado ;07:18:00;COM VÍTIMA;SANTO AMARO;RUA;RUA DOS PALMARES;;;APOS O  PROCAPE EM FRENTE AO LABORATORIO FRANCISCO JULIÃO;SANTO AMARO;;;COLISÃO FRONTAL;1;1;0;0;0;0;0;0;0;2;0;;;;;;;;;;;;;
2023-11-18;sábado ;07:28:00;COM VÍTIMA;IMBIRIBEIRA;AVENIDA;AVENIDA MARECHAL MASCARENHAS DE MORAES;;;EM FRENTE A JACAUNA, AO LADO DO ASSAI;IMBIRIBEIRA;;;COLISÃO;1;1;0;0;0;0;0;0;0;1;0;;;;;;;;;;;;;
2023-11-18;sábado ;08:31:00;COM VÍTIMA;TAMARINEIRA;RUA;RUA CONEGO BARATA;;;NO CRUZAMENTO DA AV NORTE;TAMARINEIRA;;;COLISÃO;0;1;0;0;0;0;0;0;0;1;0;;;;;;;;;;;;;
2023-11-18;sábado ;01:28:00;COM VÍTIMA;CORDEIRO;RUA;RUA MARAVILHA;;;CAPELINHA SANTO ANTONIO;CORDEIRO;;;COLISÃO LATERAL;1;1;0;0;0;0;0;0;0;1;0;;;;;;;;;;;;;
2023-11-18;sábado ;07:57:00;COM VÍTIMA;CAXANGA;AVENIDA;AVENIDA CAXANGA;;;PRÓXIMO AO SUPERMERCADO SOBERANO E A CASA DA TINTAS;CAXANGA;;;COLISÃO;1;1;0;0;0;0;0;0;0;1;0;;;;;;;;;;;;;
2023-11-18;sábado ;08:19:00;SEM VÍTIMA;AREIAS;RUA;RUA CAPITAO MANUEL DE AGUIAR;;;PRÓXIMO A  PRAÇA MERCIA DE ALBUQUERQUE;AREIAS;;;COLISÃO TRASEIRA;2;0;0;0;0;0;0;0;0;0;0;;;;;;;;;;;;;
2023-11-18;sábado ;11:37:00;COM VÍTIMA;CORDEIRO;EST;EST DO FORTE DO ARRAIAL N. DO B. JESUS;;;EM FRENTE AO ESPAÇO VIDA;CORDEIRO;;;COLISÃO LATERAL;1;1;0;0;0;0;0;0;0;1;0;;;;;;;;;;;;;
2023-11-19;domingo ;12:08:00;COM VÍTIMA;TORRE;RUA;RUA JOSE BONIFACIO;;;PRÓXIMO AO EDELSOM CABELELEIRO;TORRE;;;COLISÃO LATERAL;2;0;0;0;0;0;0;0;0;1;0;;;;;;;;;;;;;
2023-11-19;domingo ;07:15:00;COM VÍTIMA;MACAXEIRA;AVENIDA;AVENIDA NORTE MIGUEL ARRAES DE ALENCAR;;;PROX. A ESCOLA NADIR COLAÇO SENT. MACAXEIRA;MACAXEIRA;;;COLISÃO LATERAL;0;1;0;0;0;0;0;0;0;1;0;;;;;;;;;;;;;
2023-11-19;domingo ;07:59:00;COM VÍTIMA;PASSARINHO;EST;EST DE PASSARINHO;;;TERMINAL COMPLEMENTAR/ DOIS UNIDOS;PASSARINHO;;;ATROPELAMENTO DE PESSOA;0;1;0;0;1;0;0;0;0;2;0;;;;;;;;;;;;;
2023-11-19;domingo ;08:01:00;COM VÍTIMA;AFOGADOS;RUA;RUA SAO MIGUEL;;;EM FRENTE A IGREJA BATISTA DE AFOGADOS;AFOGADOS;;;COLISÃO LATERAL;1;1;0;0;0;0;0;0;0;2;0;;;;;;;;;;;;;
2023-11-19;domingo ;11:38:00;COM VÍTIMA;BOA VIAGEM;AVENIDA;AVENIDA VINTE DE JANEIRO;;;APOS A ESTAÇÃO AEROPORTO;BOA VIAGEM;;;COLISÃO LATERAL;1;1;0;0;0;0;0;0;0;2;0;;;;;;;;;;;;;
2023-11-19;domingo ;03:33:00;COM VÍTIMA;CAMPO GRANDE;AVENIDA;AVENIDA LUÍS CORRÊA DE BRITO;;;DEPOIS DO MERCADO DO SITIO NOVO / EM FRENTE A BANCA DE BICHO SONHO REAL;CAMPO GRANDE;;;COLISÃO;0;1;0;0;0;0;0;0;0;1;0;;;;;;;;;;;;;
2023-11-19;domingo ;04:03:00;COM VÍTIMA;VASCO DA GAMA;RUA;RUA GRIJALVA COSTA;;;EM FRENTE A UPINHA DOM HELDER CAMERA;VASCO DA GAMA;;;COLISÃO;0;1;0;0;0;0;0;0;0;1;0;;;;;;;;;;;;;
2023-11-19;domingo ;04:52:00;COM VÍTIMA;NOVA DESCOBERTA;RUA;RUA NOVA DESCOBERTA;;;PROX AO BUTECO TOP / EM FRENTE A IGREJA UNIVERSAL;NOVA DESCOBERTA;;;COLISÃO;0;1;0;0;0;1;0;0;0;1;0;;;;;;;;;;;;;
2023-11-19;domingo ;05:48:00;COM VÍTIMA;BARRO;RUA;RUA POETA APRENDIZ;;;PROX AO MERCADINHO BOA OPÇÃO;BARRO;;;COLISÃO;0;1;0;0;0;0;0;0;0;1;0;;;;;;;;;;;;;
2023-11-19;domingo ;07:27:00;COM VÍTIMA;IBURA;AVENIDA;AVENIDA JORNALISTA COSTA PORTO;;;EM FRENTE A COMPESA;IBURA;;;COLISÃO FRONTAL;0;3;0;0;0;0;0;0;0;2;0;;;;;;;;;;;;;
2023-11-20;segunda-feira ;06:42:00;COM VÍTIMA;SAO JOSE;AVENIDA;AVENIDA SUL;;;EM FRENTE A MINEIRO RODAS;SAO JOSE;;;QUEDA;0;1;0;0;0;0;0;0;0;1;0;;;;;;;;;;;;;
2023-11-20;segunda-feira ;07:23:00;COM VÍTIMA;PRADO;AVENIDA;AVENIDA ENGENHEIRO ABDIAS DE CARVALHO;;;PROX A FARMACIA PAGUE MENOS SENTIDO ILHA DO RETIRO;PRADO;;;COLISÃO;0;1;0;0;0;0;0;0;0;1;0;;;;;;;;;;;;;
2023-11-20;segunda-feira ;07:35:00;SEM VÍTIMA;TORROES;AVENIDA;AVENIDA ENGENHEIRO ABDIAS DE CARVALHO;;;APOS O POSTO SHELL, SENT. CIDADE;TORROES;;;COLISÃO TRASEIRA;0;1;0;0;0;0;0;1;0;0;0;;;;;;;;;;;;;
2023-11-20;segunda-feira ;07:48:00;COM VÍTIMA;CORDEIRO;AVENIDA;AVENIDA INACIO MONTEIRO;;;EM FRENTE AO COLEGIO ALBERT SABIN, PROX. A CONCESSIONARIA BOX CAR;CORDEIRO;;;COLISÃO LATERAL;1;1;0;0;0;0;0;0;0;1;0;;;;;;;;;;;;;
2023-11-20;segunda-feira ;08:06:00;COM VÍTIMA;CAMPO GRANDE;AVENIDA;AVENIDA CORREIA DE BRITO;;;NA FRENTE DO POSTO DE GASOLINA SANTA MARIA;CAMPO GRANDE;;;COLISÃO;0;1;0;0;0;0;1;0;0;1;0;;;;;;;;;;;;;
2023-11-20;segunda-feira ;10:55:00;COM VÍTIMA;ILHA JOANA BEZERRA;AVENIDA;AVENIDA BEIRA RIO;;;AO LADO DO FÓRUM DE JOANA BEZERRA;ILHA JOANA BEZERRA;;;ATROPELAMENTO DE PESSOA;0;1;0;0;1;0;0;0;0;1;0;;;;;;;;;;;;;
2023-11-20;segunda-feira ;11:00:00;COM VÍTIMA;VASCO DA GAMA;RUA;RUA PLANALTO;;;NO ALTO NOSSA SENHORA DE FATIMA, PROX. A RUA DOIS;VASCO DA GAMA;;;COLISÃO LATERAL;0;1;0;0;0;0;0;0;0;1;0;;;;;;;;;;;;;
2023-11-20;segunda-feira ;11:51:00;COM VÍTIMA;CORDEIRO;RUA;RUA MARIA QUITERIA;;;PROX AO RECIFE AUTO E PARQUE DA EXPOSIÇÃO DE ANIMAIS;CORDEIRO;;;COLISÃO;0;1;0;0;0;0;0;0;0;1;0;;;;;;;;;;;;;
2023-11-20;segunda-feira ;11:57:00;COM VÍTIMA;ESTANCIA;AVENIDA;AVENIDA RECIFE;;;EM FRENTE AO ATACADÃO DA AV RECIFE;ESTANCIA;;;COLISÃO;0;1;0;0;0;0;0;0;0;1;0;;;;;;;;;;;;;
2023-11-20;segunda-feira ;12:03:00;COM VÍTIMA;TORRE;RUA;RUA ZILDA S DE SANTANA;;;PROX AO CAMPO DO BUERÃO / PROX A PRAÇA DA TORRE;TORRE;;;ATROPELAMENTO DE PESSOA;1;0;0;0;1;0;0;0;0;1;0;;;;;;;;;;;;;
2023-11-20;segunda-feira ;01:49:00;COM VÍTIMA;DERBY;AVENIDA;AVENIDA GOVERNADOR AGAMENON MAGALHAES;;;PROXIMO A FARMACIA PAGUE MENOS;DERBY;;;COLISÃO TRASEIRA;1;1;0;0;0;0;0;0;0;1;0;;;;;;;;;;;;;
2023-11-20;segunda-feira ;01:54:00;COM VÍTIMA;VARZEA;RUA;RUA GENERAL POLIDORO;;;MERCADINHO BARATEIRO / FARMACIA ESPERANÇA;VARZEA;;;COLISÃO LATERAL;1;1;0;0;0;0;0;0;0;1;0;;;;;;;;;;;;;
2023-11-20;segunda-feira ;02:57:00;COM VÍTIMA;SANTO AMARO;AVENIDA;AVENIDA GOVERNADOR AGAMENON MAGALHAES;;;SHOPPING TACARUNA;SANTO AMARO;;;COLISÃO LATERAL;0;1;0;0;0;0;0;0;0;1;0;;;;;;;;;;;;;
2023-11-20;segunda-feira ;03:35:00;COM VÍTIMA;JOANA BEZERRA;AVENIDA;AVENIDA BEIRA RIO;;;AO LADO DO FORUM /  PROXIMO A AACD;JOANA BEZERRA;;;COLISÃO TRASEIRA;1;1;0;0;0;0;0;0;0;2;0;;;;;;;;;;;;;
2023-11-20;segunda-feira ;05:32:00;COM VÍTIMA;FUNDAO;AVENIDA;AVENIDA BEBERIBE;;;EM FRENTE A PADARIA SUBLIME PÃO;FUNDAO;307;;COLISÃO LATERAL;1;1;0;0;0;0;0;0;0;1;0;;;;;;;;;;;;;
2023-11-20;segunda-feira ;06:33:00;COM VÍTIMA;SANCHO;RUA;RUA APRIGIO GUIMARAES;;;HOSPITAL OTÁVIO DE FREITAS;SANCHO;;;COLISÃO LATERAL;1;1;0;0;0;0;0;0;0;1;0;;;;;;;;;;;;;
2023-11-20;segunda-feira ;08:25:00;COM VÍTIMA;PINA;RUA;RUA TOME GIBSON;;;PRÓXIMO A PADARIA MIRAMAR;PINA;;;COLISÃO LATERAL;1;1;0;0;0;0;0;0;0;1;0;;;;;;;;;;;;;
2023-11-21;terça-feira ;07:10:00;COM VÍTIMA;BONGI;AVENIDA;AVENIDA ENGENHEIRO ABDIAS DE CARVALHO;;;EM FRENTE AO COMPAZ E CHESF;BONGI;;;COLISÃO;0;1;0;0;0;0;0;0;0;1;0;;;;;;;;;;;;;
2023-11-21;terça-feira ;07:24:00;COM VÍTIMA;ILHA DO RETIRO;AVENIDA;AVENIDA ENGENHEIRO ABDIAS DE CARVALHO;;;EM FRENTE AO POSTO SHELL;ILHA DO RETIRO;;;COLISÃO;1;1;0;0;0;0;0;0;0;1;0;;;;;;;;;;;;;
2023-11-21;terça-feira ;08:43:00;COM VÍTIMA;BONGI;AVENIDA;AVENIDA CONSUL VILARES FRAGOSO;;;PROX A CAVALERIA / PROX A SECRETARIA ESTADUAL DE SAUDE;BONGI;;;COLISÃO;0;1;0;0;0;0;0;0;0;1;0;;;;;;;;;;;;;
2023-11-21;terça-feira ;09:30:00;COM VÍTIMA;ESPINHEIRO;RUA;RUA CONS PORTELA;;;EM FRENTE AO CREMEPE;ESPINHEIRO;;;COLISÃO TRASEIRA;1;1;0;0;0;0;0;0;0;1;0;;;;;;;;;;;;;
2023-11-21;terça-feira ;09:47:00;COM VÍTIMA;SANTO ANTONIO;RUA;RUA FLORIANO PEIXOTO;;;PROX A CASA DA CULTURA  E DA HONDA MOTO;SANTO ANTONIO;;;COLISÃO;0;1;0;0;0;0;0;0;0;1;0;;;;;;;;;;;;;