data;dia_semana;hora;natureza;bairro;logradouro_endereco;endereco;logradouro_detalhe_endereço;detalhe_endereco_acidente;complemento;bairro_cruzamento;num_semaforo;sentido_via;tipo;auto;moto;ciclom;ciclista;pedestre;onibus;caminhao;viatura;outros;vitimas;vitimasfatais;acidente_verificado;tempo_clima;situacao_semaforo;sinalizacao;condicao_via;conservacao_via;ponto_controle;situacao_placa;velocidade_max_via;mao_direcao;divisao_via1;divisao_via2;divisao_via3
2023-11-21;terça-feira ;10:24:00;COM VÍTIMA;IPUTINGA;RUA;RUA MINISTRO JOAO ALBERTO;;;AO LADO DO SUPERMERCADO  ATACADÃO;IPUTINGA;;;COLISÃO;0;1;0;0;0;0;0;0;0;1;0;;;;;;;;;;;;;
2023-11-21;terça-feira ;10:45:00;COM VÍTIMA;IMBIRIBEIRA;AVENIDA;AVENIDA MARECHAL MASCARENHAS DE MORAES;;;LADO OPOSTO DA FLPOR E ART / SENTIDO PRAZERES;IMBIRIBEIRA;;;COLISÃO;0;1;0;0;0;0;0;0;0;1;0;;;;;;;;;;;;;
2023-11-21;terça-feira ;11:25:00;COM VÍTIMA;CABANGA;VIADUTO;VIADUTO CAPITAO TEMUDO;;;SENTIDO PINA / VIADUTO CAPITÃO TEMUDO;CABANGA;;;COLISÃO;0;1;0;0;0;0;0;0;0;1;0;;;;;;;;;;;;;
2023-11-21;terça-feira ;11:37:00;COM VÍTIMA;BOA VIAGEM;AVENIDA;AVENIDA MARECHAL JUAREZ TAVORA;;;EM FRENTE A FERREIRA PINTO NA BEIRA CANAL;BOA VIAGEM;;;COLISÃO LATERAL;0;1;0;0;0;0;0;0;0;1;0;;;;;;;;;;;;;
2023-11-21;terça-feira ;11:53:00;COM VÍTIMA;NOVA DESCOBERTA;RUA;RUA CORREGO DO JOAQUIM;;;PROX AO TERMINAL DO CORREGO DO JOAQUIM / IGREJA  ASSEMBLEIA DE DEUS;NOVA DESCOBERTA;;;COLISÃO;0;1;0;0;0;0;0;0;0;1;0;;;;;;;;;;;;;
2023-11-21;terça-feira ;12:06:00;COM VÍTIMA;CASA AMARELA;AVENIDA;AVENIDA NORTE MIGUEL ARRAES DE ALENCAR;;;EM FRENTE A IGREJA DO AMOR / PROX A HONDA MOTOS;CASA AMARELA;;;COLISÃO;0;1;0;0;0;0;0;0;0;1;0;;;;;;;;;;;;;
2023-11-21;terça-feira ;01:15:00;COM VÍTIMA;MADALENA;RUA;RUA JOSE BONIFACIO;RUA;RUA DEMOSTENES DE OLINDA;;MADALENA;;;COLISÃO;0;0;0;0;0;0;0;0;0;1;0;;;;;;;;;;;;;
2023-11-21;terça-feira ;01:19:00;COM VÍTIMA;CAXANGA;AVENIDA;AVENIDA CAXANGA;;;PROXIMO A UPA DA CAXANGA;CAXANGA;;;COLISÃO;0;1;0;0;0;0;0;0;0;1;0;;;;;;;;;;;;;
2023-11-21;terça-feira ;02:36:00;COM VÍTIMA;VASCO DA GAMA;AVENIDA;AVENIDA NORTE MIGUEL ARRAES DE ALENCAR;;;E/F AO SESI  S/T SUB;VASCO DA GAMA;;;COLISÃO LATERAL;1;1;0;0;0;0;0;0;0;1;0;;;;;;;;;;;;;
2023-11-21;terça-feira ;02:47:00;COM VÍTIMA;IMBIRIBEIRA;AVENIDA;AVENIDA MARECHAL MASCARENHAS DE MORAES;;;E/F  JAC  MOTORS RECIFE S/T A FOGADOS;IMBIRIBEIRA;;;COLISÃO TRASEIRA;1;1;0;0;0;0;0;0;0;1;0;;;;;;;;;;;;;
2023-11-21;terça-feira ;04:08:00;COM VÍTIMA;AGUA FRIA;RUA;RUA SAO SEBASTIAO;;;POR TRÁS DA IGREJA UNIVERSAL;AGUA FRIA;;;COLISÃO LATERAL;2;1;0;0;0;0;0;0;0;1;0;;;;;;;;;;;;;
2023-11-21;terça-feira ;04:55:00;COM VÍTIMA;BARRO;RUA;RUA AMADOR ARAUJO;;;PROX AO MEGA RAÇOES;BARRO;;;COLISÃO FRONTAL;1;1;0;0;0;0;0;0;0;1;0;;;;;;;;;;;;;
2023-11-21;terça-feira ;06:08:00;COM VÍTIMA;ESTANCIA;AVENIDA;AVENIDA RECIFE;;;MESTRE DAS BATERIAS;ESTANCIA;;;COLISÃO LATERAL;1;1;0;0;0;0;0;0;0;2;0;;;;;;;;;;;;;
2023-11-21;terça-feira ;06:10:00;COM VÍTIMA;SAO JOSE;AVENIDA;AVENIDA SUL;;;PROXIMO AO HOTEL LUA DE MEL;SAO JOSE;;;COLISÃO FRONTAL;0;0;0;1;0;1;0;0;0;1;0;;;;;;;;;;;;;
2023-11-21;terça-feira ;07:35:00;COM VÍTIMA;ARRUDA;AVENIDA;AVENIDA BEBERIBE;RUA;RUA DO TRIUNFO;PRÓX. O CANAL DA CONTRUÇÃO;ARRUDA;;;COLISÃO;1;1;0;0;0;0;0;0;0;1;0;;;;;;;;;;;;;
2023-11-22;quarta-feira ;07:11:00;COM VÍTIMA;BOA VIAGEM;AVENIDA;AVENIDA CELSO FURTADO (VIA MANGUE);;;ACESSO  VIADUTO DOM JOAO VI;BOA VIAGEM;;;COLISÃO LATERAL;1;1;0;0;0;0;0;0;0;1;0;;;;;;;;;;;;;
2023-11-22;quarta-feira ;07:25:00;COM VÍTIMA;SANTO AMARO;AVENIDA;AVENIDA CRUZ CABUGA;;;EM FRENTE AO ARMAZEM CORAL / SENTIDO RECIFE;SANTO AMARO;;;COLISÃO;0;2;0;0;0;0;0;0;0;1;0;;;;;;;;;;;;;
2023-11-22;quarta-feira ;07:27:00;SEM VÍTIMA;BOA VIAGEM;AVENIDA;AVENIDA ENGENHEIRO DOMINGOS FERREIRA;;;PROX A FARMÁCIA DROGASIL;BOA VIAGEM;;;COLISÃO;0;0;0;0;0;0;0;0;0;0;0;;;;;;;;;;;;;
2023-11-22;quarta-feira ;08:29:00;COM VÍTIMA;VARZEA;AVENIDA;AVENIDA PROFESSOR ARTUR DE SA;;;EM FRENTE DA ENTRADA DA EMERGENCIA DO HOSPITAL DAS CLINICAS;VARZEA;;;COLISÃO;1;1;0;0;0;0;0;0;0;1;0;;;;;;;;;;;;;
2023-11-22;quarta-feira ;08:52:00;COM VÍTIMA;MANGABEIRA;AVENIDA;AVENIDA NORTE MIGUEL ARRAES DE ALENCAR;;;SEMAFORO 096;MANGABEIRA;;;COLISÃO LATERAL;1;1;0;0;0;0;0;0;0;2;0;;;;;;;;;;;;;
2023-11-22;quarta-feira ;09:00:00;COM VÍTIMA;AGUA FRIA;RUA;RUA ALEGRE;;;PROX AO MERCADO DO OLEO E O PET ALEGRE;AGUA FRIA;;;COLISÃO;0;1;0;0;0;0;0;0;0;1;0;;;;;;;;;;;;;
2023-11-22;quarta-feira ;09:10:00;COM VÍTIMA;NOVA DESCOBERTA;RUA;RUA NOVA DESCOBERTA;;;PROX AO ATACAREJO;NOVA DESCOBERTA;;;COLISÃO LATERAL;0;2;0;0;0;0;0;0;0;1;0;;;;;;;;;;;;;
2023-11-22;quarta-feira ;09:34:00;COM VÍTIMA;AFOGADOS;RUA;RUA SAO MIGUEL;;;APOS O BODE DO NO // QUARTEL;AFOGADOS;;;COLISÃO LATERAL;0;1;0;0;0;0;0;0;0;1;0;;;;;;;;;;;;;
2023-11-22;quarta-feira ;10:09:00;COM VÍTIMA;BEBERIBE;AVENIDA;AVENIDA BEBERIBE;;;NA PRAÇA DA CONVENÇÃO /  NA ESQUINA DO POSTO DE GASOLINA BR;BEBERIBE;;;COLISÃO;0;1;0;0;0;0;0;0;0;1;0;;;;;;;;;;;;;
2023-11-22;quarta-feira ;10:31:00;COM VÍTIMA;JARDIM SAO PAULO;AVENIDA;AVENIDA RECIFE;;;;JARDIM SAO PAULO;;;COLISÃO;0;0;0;0;0;0;0;0;0;1;0;;;;;;;;;;;;;
2023-11-22;quarta-feira ;10:44:00;COM VÍTIMA;IMBIRIBEIRA;AVENIDA;AVENIDA MARECHAL MASCARENHAS DE MORAES;;;EM FRENTE A MADER CENTER, SENT. AEROPORTO;IMBIRIBEIRA;;;COLISÃO LATERAL;1;1;0;0;0;0;0;0;0;2;0;;;;;;;;;;;;;
2023-11-22;quarta-feira ;04:18:00;COM VÍTIMA;IPUTINGA;AVENIDA;AVENIDA CAXANGA;;;EM BAIXO DO VIADUTO, PROX AO POSTO BR;IPUTINGA;;;COLISÃO TRASEIRA;0;2;0;0;0;0;0;0;0;1;0;;;;;;;;;;;;;
2023-11-22;quarta-feira ;04:56:00;COM VÍTIMA;CORDEIRO;RUA;RUA GOMES TABORDA;;;EM FRENTE AO SUPERMERCADO IDEAL MIX ATACAREJO;CORDEIRO;;;COLISÃO TRASEIRA;0;2;0;0;0;0;0;0;0;2;0;;;;;;;;;;;;;
2023-11-22;quarta-feira ;07:32:00;COM VÍTIMA;AFOGADOS;RUA;RUA PADRE TEOFILO TWORZ;;;E/F LOJA TUPAN;AFOGADOS;;;COLISÃO;0;1;0;0;0;0;0;0;0;1;0;;;;;;;;;;;;;
2023-11-22;quarta-feira ;08:10:00;COM VÍTIMA;BOA VIAGEM;RUA;RUA ERNESTO DE PAULA SANTOS;;;PRÓXIMO A LOJA IPUTINGA PRIME;BOA VIAGEM;;;COLISÃO;1;1;0;0;0;0;0;0;0;1;0;;;;;;;;;;;;;
2023-11-22;quarta-feira ;08:53:00;COM VÍTIMA;CAXANGA;AVENIDA;AVENIDA CAXANGA;;;E/F À AUTO ESCOLA PILOTO E SUPERMERCADO EXTRA - SENTIDO CAMARAGIBE;CAXANGA;;;COLISÃO;0;1;0;0;0;0;0;0;0;1;0;;;;;;;;;;;;;
2023-11-22;quarta-feira ;09:23:00;COM VÍTIMA;LINHA DO TIRO;RUA;RUA MAMEDE COELHO;;;PROX. DA ESCOLA MOSENHOR VIANA;LINHA DO TIRO;;;COLISÃO FRONTAL;0;1;0;0;0;0;0;1;0;2;0;;;;;;;;;;;;;
2023-11-22;quarta-feira ;09:25:00;COM VÍTIMA;PINA;AVENIDA;AVENIDA ANTONIO DE GOES;;;E/F AO EMPRESARIAL JCPM - PISTA NORTE;PINA;;;ATROPELAMENTO DE PESSOA;1;0;0;0;1;0;0;0;0;1;0;;;;;;;;;;;;;
2023-11-22;quarta-feira ;11:09:00;SEM VÍTIMA;BOA VIAGEM;AVENIDA;AVENIDA DES JOSE NEVES;;;PROX. AO TUNEL, NO SENTIDO CIDADE;BOA VIAGEM;;CIDADE;COLISÃO TRASEIRA;1;1;0;0;0;0;0;0;0;0;0;;;;;;;;;;;;;
2023-11-23;quinta-feira ;06:10:00;COM VÍTIMA;CAXANGA;AVENIDA;AVENIDA CAXANGA;;;NO SINAL ANTES DA UPA DA CAXANGA;CAXANGA;232;CIDADE;COLISÃO;0;1;0;0;0;0;1;0;0;1;0;;;;;;;;;;;;;
2023-11-23;quinta-feira ;06:58:00;COM VÍTIMA;DOIS IRMAOS;RUA;RUA MANUEL DE MEDEIROS;;;AO LADO DA UNIVERSIDADE FEDERAL;DOIS IRMAOS;;;COLISÃO LATERAL;0;1;0;0;0;0;0;0;0;1;0;;;;;;;;;;;;;
2023-11-23;quinta-feira ;07:05:00;COM VÍTIMA;ALTO JOSE DO PINHO;COR;COR DO BARTOLOMEU;;;EM FRENTE A PANIFICADORA SAO BARTOLOMEU;ALTO JOSE DO PINHO;;;ATROPELAMENTO DE PESSOA;0;0;0;0;1;0;1;0;0;1;0;;;;;;;;;;;;;
2023-11-23;quinta-feira ;07:25:00;COM VÍTIMA;VARZEA;AVENIDA;AVENIDA BARAO DE BONITO;;;AO LALDO DO ATACAREJO HIPERBEM;VARZEA;;;COLISÃO FRONTAL;2;0;0;0;0;0;0;0;0;1;0;;;;;;;;;;;;;
2023-11-23;quinta-feira ;08:08:00;COM VÍTIMA;TORRE;RUA;RUA CONDE DE IRAJA;;;PROX. A IGREJA CATOLICA DA TORRE;TORRE;;;COLISÃO LATERAL;1;1;0;0;0;0;0;0;0;1;0;;;;;;;;;;;;;
2023-11-23;quinta-feira ;09:16:00;SEM VÍTIMA;BOA VISTA;RUA;RUA DO HOSPICIO;;;SINISTRO;BOA VISTA;;CIDADE;COLISÃO;0;0;0;0;0;0;0;1;0;0;0;;;;;;;;;;;;;
2023-11-23;quinta-feira ;09:55:00;COM VÍTIMA;SANTO ANTONIO;RUA;RUA IMPERADOR PEDRO SEGUNDO;;;EM FRENTE AO FORUM / DEPOIS DO CAIS DE SANTA RITA;SANTO ANTONIO;;;COLISÃO;0;1;0;0;0;0;0;0;0;1;0;;;;;;;;;;;;;
2023-11-23;quinta-feira ;12:50:00;COM VÍTIMA;AREIAS;AVENIDA;AVENIDA RECIFE;;;;AREIAS;;;COLISÃO TRASEIRA;1;1;0;0;0;0;0;0;0;1;0;;;;;;;;;;;;;
2023-11-23;quinta-feira ;02:28:00;SEM VÍTIMA;TORROES;AVENIDA;AVENIDA ENGENHEIRO ABDIAS DE CARVALHO;;;E/F AO SEMAFARO 132  [VT 06 NO LOCAL ];TORROES;;;COLISÃO FRONTAL;3;0;0;0;0;0;0;0;0;0;0;;;;;;;;;;;;;
2023-11-23;quinta-feira ;03:51:00;SEM VÍTIMA;SANTO ANTONIO;AVENIDA;AVENIDA MARTINS DE BARROS;RUA;RUA NOSSA SRA DO CARMO;SOB O SEMÁFORO DE Nº 204;SANTO ANTONIO;204;CIDADE;COLISÃO LATERAL;1;1;0;0;0;0;0;0;0;0;0;;;;;;;;;;;;;
2023-11-23;quinta-feira ;04:05:00;COM VÍTIMA;SANTO AMARO;AVENIDA;AVENIDA CRUZ CABUGA;RUA;RUA VINTE E QUATRO DE AGOSTO;SINISTRO;SANTO AMARO;;CIDADE;;1;1;0;0;0;0;0;0;0;1;0;;;;;;;;;;;;;
2023-11-23;quinta-feira ;06:18:00;COM VÍTIMA;BOA VISTA;AVENIDA;AVENIDA VISCONDE DE SUASSUNA;RUA;RUA DO HOSPICIO;SINISTRO NO LOCAL;BOA VISTA;;CIDADE;COLISÃO TRANSVERSAL;1;0;0;0;0;0;0;0;0;1;0;;;;;;;;;;;;;
2023-11-23;quinta-feira ;07:30:00;COM VÍTIMA;VARZEA;RUA;RUA BARAO DE COTEGIPE;;;AO LADO DA INTEGRAÇÃO DE COSME DAMIÃO;VARZEA;;;COLISÃO;0;2;0;0;0;0;0;0;0;3;0;;;;;;;;;;;;;
2023-11-23;quinta-feira ;10:15:00;COM VÍTIMA;IMBIRIBEIRA;AVENIDA;AVENIDA MARECHAL MASCARENHAS DE MORAES;;;APÓS O GERALDÃO;IMBIRIBEIRA;;CIDADE;COLISÃO;1;1;0;0;0;0;0;0;0;2;0;;;;;;;;;;;;;
2023-11-24;sexta-feira ;06:36:00;COM VÍTIMA;SAO JOSE;CAIS;CAIS SANTA RITA;;;EM FRENTE A TORRE GEMEAS;SAO JOSE;;;COLISÃO;1;1;0;0;0;0;0;0;0;1;0;;;;;;;;;;;;;
2023-11-24;sexta-feira ;07:35:00;COM VÍTIMA;SAO JOSE;CAIS;CAIS SANTA RITA;;;AO LADO DA INTEGRAÇÃO DO CAIS;SAO JOSE;;;ATROPELAMENTO DE PESSOA;0;1;0;0;1;0;0;0;0;1;0;;;;;;;;;;;;;
2023-11-24;sexta-feira ;07:50:00;COM VÍTIMA;CAXANGA;AVENIDA;AVENIDA CAXANGA;;;PROX. A UPA, SENT. CIDADE EM CIMA DO VIADUTO;CAXANGA;;;COLISÃO LATERAL;0;1;0;0;0;0;0;0;0;1;0;;;;;;;;;;;;;
2023-11-24;sexta-feira ;09:07:00;COM VÍTIMA;TAMARINEIRA;AVENIDA;AVENIDA NORTE MIGUEL ARRAES DE ALENCAR;RUA;RUA CONEGO BARATA;CRUZAMENTO COM A CONEGO BARATA;TAMARINEIRA;62;;COLISÃO;0;1;0;0;0;0;0;0;0;1;0;;;;;;;;;;;;;
2023-11-24;sexta-feira ;09:18:00;COM VÍTIMA;SANTO ANTONIO;AVENIDA;AVENIDA DANTAS BARRETO;RUA;RUA NOSSA SRA DO CARMO;;SANTO ANTONIO;;;COLISÃO;0;0;0;0;0;0;0;0;0;1;0;;;;;;;;;;;;;
2023-11-24;sexta-feira ;10:58:00;COM VÍTIMA;BOA VIAGEM;AVENIDA;AVENIDA CONSELHEIRO AGUIAR;;;PROX AO BANCO SANTANDER E O CAFÉ SÃO BRAZ;BOA VIAGEM;;;COLISÃO;2;0;0;0;0;0;0;0;0;1;0;;;;;;;;;;;;;
2023-11-24;sexta-feira ;11:27:00;COM VÍTIMA;AFOGADOS;RUA;RUA CORONEL ALFREDO DUARTE;;;EM FRENTE A  B1 VIGILANCIA;AFOGADOS;;;COLISÃO;1;1;0;0;0;0;0;0;0;1;0;;;;;;;;;;;;;
2023-11-24;sexta-feira ;11:34:00;COM VÍTIMA;IMBIRIBEIRA;AVENIDA;AVENIDA MARECHAL MASCARENHAS DE MORAES;;;EM FRENTE AO SHOPPING DO AUTOMOVEL E PROX A TUPAN / SENTIDO CIDADE;IMBIRIBEIRA;;;COLISÃO;0;1;0;0;0;0;0;0;0;1;0;;;;;;;;;;;;;
2023-11-24;sexta-feira ;03:02:00;SEM VÍTIMA;DERBY;RUA;RUA JORNALISTA PAULO BITTENCOURT;;;EM FRENTE A  DROGASIL;DERBY;;CIDADE;COLISÃO TRANSVERSAL;1;0;0;0;0;0;0;1;0;0;0;;;;;;;;;;;;;
2023-11-24;sexta-feira ;04:37:00;COM VÍTIMA;ENCRUZILHADA;AVENIDA;AVENIDA NORTE MIGUEL ARRAES DE ALENCAR;;;E/F A BOSCH SERVICE  S/T SUB;ENCRUZILHADA;;;ATROPELAMENTO DE PESSOA;0;1;0;0;1;0;0;0;0;1;0;;;;;;;;;;;;;
2023-11-24;sexta-feira ;04:58:00;SEM VÍTIMA;IPSEP;RUA;RUA RIO IPOJUCA;;;EM FRENTE A ESCOLA CASINHA DO SABER;IPSEP;;;COLISÃO LATERAL;0;2;0;0;0;0;0;0;0;0;0;;;;;;;;;;;;;
2023-11-24;sexta-feira ;05:25:00;COM VÍTIMA;IPUTINGA;AVENIDA;AVENIDA MAURICIO DE NASSAU;;;ESQUINA DA DROGASIL;IPUTINGA;;;COLISÃO LATERAL;1;1;0;0;0;0;0;0;0;1;0;;;;;;;;;;;;;
2023-11-24;sexta-feira ;06:00:00;COM VÍTIMA;AFLITOS;AVENIDA;AVENIDA CONS ROSA E SILVA;;;PADARIA COM PÃO;AFLITOS;;;COLISÃO FRONTAL;1;1;0;0;0;0;0;0;0;1;0;;;;;;;;;;;;;
2023-11-24;sexta-feira ;06:52:00;COM VÍTIMA;CAMPO GRANDE;RUA;RUA JERONIMO VILELA;;;DROGASIL;CAMPO GRANDE;;;COLISÃO FRONTAL;1;1;0;0;0;0;0;0;0;1;0;;;;;;;;;;;;;
2023-11-24;sexta-feira ;06:54:00;COM VÍTIMA;ESPINHEIRO;RUA;RUA MARQUES DO PARANA;;;E/F AO LAVA JATO E OFICINA DOS RADIADORS;ESPINHEIRO;;;COLISÃO FRONTAL;0;1;0;0;0;0;0;0;0;1;0;;;;;;;;;;;;;
2023-11-24;sexta-feira ;06:59:00;COM VÍTIMA;AFLITOS;AVENIDA;AVENIDA CONS ROSA E SILVA;;;E/F A SELFT;AFLITOS;;;COLISÃO FRONTAL;0;1;0;0;0;0;0;0;0;1;0;;;;;;;;;;;;;
2023-11-24;sexta-feira ;07:54:00;COM VÍTIMA;TORROES;AVENIDA;AVENIDA ENGENHEIRO ABDIAS DE CARVALHO;;;PRÓXIMO À LOJA DLP - SENTIDO CURADO;TORROES;;;COLISÃO;1;1;0;0;0;0;0;0;0;1;0;;;;;;;;;;;;;
2023-11-24;sexta-feira ;09:25:00;COM VÍTIMA;IMBIRIBEIRA;RUA;RUA ARQUITETO LUIZ NUNES;;;COM AV PINHIEROS;IMBIRIBEIRA;;;COLISÃO LATERAL;1;1;0;0;0;0;0;0;0;1;0;;;;;;;;;;;;;
2023-11-24;sexta-feira ;10:50:00;SEM VÍTIMA;ILHA DO RETIRO;AVENIDA;AVENIDA BEIRA RIO;;;EM FRENTE AO EDIFÍCIO SAINT GABRIEL;ILHA DO RETIRO;;CIDADE;CHOQUE;1;0;0;0;0;0;0;0;0;0;0;;;;;;;;;;;;;
2023-11-24;sexta-feira ;11:20:00;COM VÍTIMA;ROSARINHO;AVENIDA;AVENIDA NORTE MIGUEL ARRAES DE ALENCAR;;;E/F À PADARIA ROSARINHO;ROSARINHO;;SUBURBIO;COLISÃO TRANSVERSAL;0;2;0;0;0;0;0;0;0;1;0;;;;;;;;;;;;;
2023-11-25;sábado ;07:52:00;COM VÍTIMA;SANTO AMARO;RUA;RUA ALVARES DE AZEVEDO;RUA;RUA DOS PALMARES;EM FRENTE AO PROCAPE E LABORATORIO DE SAUDE;SANTO AMARO;;;COLISÃO COM CICLISTA;1;0;0;1;0;0;0;0;0;1;0;;;;;;;;;;;;;
2023-11-25;sábado ;08:14:00;COM VÍTIMA;SANTO AMARO;AVENIDA;AVENIDA GOVERNADOR AGAMENON MAGALHAES;;;NA SUBIDA DO VIADUTO DA AV. JOAO DE BARROS SENT. RECIFE PROX. A UPE;SANTO AMARO;;;COLISÃO TRASEIRA;1;1;0;0;0;0;0;0;0;1;0;;;;;;;;;;;;;
2023-11-25;sábado ;09:08:00;COM VÍTIMA;IPSEP;AVENIDA;AVENIDA RECIFE;;;EM FRENTE AO CARREFOUR E CONJUNTO IGNEZ ANDREAZZA;IPSEP;;;COLISÃO LATERAL;0;1;0;0;0;0;0;0;0;1;0;;;;;;;;;;;;;
2023-11-25;sábado ;09:35:00;COM VÍTIMA;GRACAS;RUA;RUA BRUNO MAIA;RUA;RUA DO CUPIM;PROX. AO RESTAURANTE ATLANTICO;GRACAS;;;COLISÃO FRONTAL;1;1;0;0;0;0;0;0;0;1;0;;;;;;;;;;;;;
2023-11-25;sábado ;09:55:00;COM VÍTIMA;CAXANGA;RUA;RUA RIBEIRO PESSOA;;;EM FRENTE A UPA;CAXANGA;;;COLISÃO LATERAL;1;1;0;0;0;0;0;0;0;1;0;;;;;;;;;;;;;
2023-11-25;sábado ;12:04:00;SEM VÍTIMA;BOA VIAGEM;AVENIDA;AVENIDA CELSO FURTADO (VIA MANGUE);;;;BOA VIAGEM;;;CHOQUE;1;0;0;0;0;0;0;0;0;0;0;;;;;;;;;;;;;
2023-11-25;sábado ;01:07:00;COM VÍTIMA;IBURA;RUA;RUA RIBEIRAO VERMELHO;RUA;RUA RIBEIRAO DAS NEVES;APOS O TERMINAL DO SESI SEGUNDA RUA A DIREITA;IBURA;;;COLISÃO LATERAL;1;1;0;0;0;0;0;0;0;1;0;;;;;;;;;;;;;
2023-11-25;sábado ;01:17:00;SEM VÍTIMA;ARRUDA;RUA;RUA DAS MOCAS;;;PIZZARIA ATLANTICA;ARRUDA;;SUBURBIO;;0;0;0;0;0;1;0;2;0;0;0;;;;;;;;;;;;;
2023-11-25;sábado ;05:34:00;COM VÍTIMA;BEBERIBE;EST;EST VELHA DE AGUA FRIA;;;MARTELINHO DE OURO //// DNOC;BEBERIBE;;;COLISÃO TRASEIRA;2;0;0;0;0;0;0;0;0;1;0;;;;;;;;;;;;;
2023-11-25;sábado ;05:36:00;COM VÍTIMA;SAN MARTIN;RUA;RUA VINTE E UM DE ABRIL;;;ANTES DO GIRADOURO DE SAN MARTIN E/F AO ARMAZEM CASA NOVA;SAN MARTIN;;;COLISÃO LATERAL;2;1;0;0;0;0;0;0;0;1;0;;;;;;;;;;;;;
2023-11-25;sábado ;07:27:00;COM VÍTIMA;BOA VIAGEM;RUA;RUA JOAO CARDOSO AIRES;RUA;RUA CAMBOIM;;BOA VIAGEM;;;COLISÃO;1;1;0;0;0;0;0;0;0;1;0;;;;;;;;;;;;;
2023-11-25;sábado ;08:56:00;SEM VÍTIMA;MADALENA;RUA;RUA JOSE OSORIO;;;EM FRENTE A SORVETERIA JONES;MADALENA;;;COLISÃO;2;0;0;0;0;0;0;0;0;0;0;;;;;;;;;;;;;
2023-11-25;sábado ;11:05:00;SEM VÍTIMA;CORDEIRO;AVENIDA;AVENIDA INACIO MONTEIRO;;;EM FRENTE A ESTER EVENTOS;CORDEIRO;;;COLISÃO;2;0;0;0;0;0;0;0;0;0;0;;;;;;;;;;;;;
2023-11-26;domingo ;05:09:00;COM VÍTIMA;SAO JOSE;RUA;RUA IMPERIAL;;;EM FRENTE A PRODUTOS CIDERÚRGICOS;SAO JOSE;;;COLISÃO;0;1;0;0;0;1;0;0;0;1;0;;;;;;;;;;;;;
2023-11-26;domingo ;06:34:00;COM VÍTIMA;IBURA;AVENIDA;AVENIDA RECIFE;;;EM FRENTE A HONDA MARAVILHA;IBURA;;;COLISÃO;2;0;0;0;0;0;0;0;0;1;0;;;;;;;;;;;;;
2023-11-26;domingo ;08:30:00;COM VÍTIMA;ENGENHO DO MEIO;RUA;RUA ANTONIO CURADO;;;PROX AO BAR DO CU;ENGENHO DO MEIO;;;COLISÃO TRANSVERSAL;1;1;0;0;0;0;0;0;0;1;0;;;;;;;;;;;;;
2023-11-26;domingo ;04:37:00;COM VÍTIMA;CORDEIRO;RUA;RUA DR MIGUEL VIEIRA FERREIRA;;;EDF. OCEANO;CORDEIRO;;;COLISÃO LATERAL;1;1;0;0;0;0;0;0;0;1;0;;;;;;;;;;;;;
2023-11-26;domingo ;07:43:00;COM VÍTIMA;ROSARINHO;RUA;RUA COUTO MAGALHAES;;;PROX. AO SUPER BOM PREÇO;ROSARINHO;;;COLISÃO FRONTAL;1;1;0;0;0;0;0;0;0;1;0;;;;;;;;;;;;;
2023-11-27;segunda-feira ;05:02:00;COM VÍTIMA;BOA VISTA;AVENIDA;AVENIDA GOVERNADOR AGAMENON MAGALHAES;;;PROX. AO BOMPREÇO;BOA VISTA;;;ATROPELAMENTO DE PESSOA;0;0;0;0;1;1;0;0;0;1;0;;;;;;;;;;;;;
2023-11-27;segunda-feira ;06:20:00;SEM VÍTIMA;PINA;AVENIDA;AVENIDA ENGENHEIRO DOMINGOS FERREIRA;;;EM FRENTE A AUTONUNES CHEVROLET;PINA;;SUBURBIO;CHOQUE;0;0;0;0;0;1;0;0;0;0;0;;;;;;;;;;;;;
2023-11-27;segunda-feira ;06:43:00;COM VÍTIMA;ALTO JOSE BONIFACIO;RUA;RUA ALTO JOSE BONIFACIO;;;PROX. A QUADRA DO ALTO JOSE BONIFACIO, LADEIRA DO BOI;ALTO JOSE BONIFACIO;;;COLISÃO LATERAL;0;1;0;0;0;0;0;0;0;1;0;;;;;;;;;;;;;
2023-11-27;segunda-feira ;06:57:00;COM VÍTIMA;AGUA FRIA;AVENIDA;AVENIDA BEBERIBE;;;PROX. AO CANAL DA CONSTRUÇÃO E CANAL DO ARRUDA;AGUA FRIA;;;COLISÃO LATERAL;0;1;0;0;0;0;0;0;0;1;0;;;;;;;;;;;;;
2023-11-27;segunda-feira ;07:15:00;COM VÍTIMA;BOA VIAGEM;RUA;RUA WALDEMAR NERY CARNEIRO MONTEIRO;;;PROX. AO ESPAÇO DA CRIANÇA;BOA VIAGEM;;;COLISÃO LATERAL;0;1;0;0;0;0;0;0;0;1;0;;;;;;;;;;;;;
2023-11-27;segunda-feira ;07:49:00;COM VÍTIMA;BEBERIBE;AVENIDA;AVENIDA BEBERIBE;;;EM FRENTE AO COLEGIO PEDRO CELSO, PROX. A PRAÇA DE BEBERIBE;BEBERIBE;;;COLISÃO LATERAL;0;1;0;0;0;0;0;0;0;1;0;;;;;;;;;;;;;