data;dia_semana;hora;natureza;bairro;logradouro_endereco;endereco;logradouro_detalhe_endereço;detalhe_endereco_acidente;complemento;bairro_cruzamento;num_semaforo;sentido_via;tipo;auto;moto;ciclom;ciclista;pedestre;onibus;caminhao;viatura;outros;vitimas;vitimasfatais;acidente_verificado;tempo_clima;situacao_semaforo;sinalizacao;condicao_via;conservacao_via;ponto_controle;situacao_placa;velocidade_max_via;mao_direcao;divisao_via1;divisao_via2;divisao_via3
2023-11-27;segunda-feira ;08:35:00;COM VÍTIMA;CORDEIRO;RUA;RUA GOMES TABORDA;;;DOCERIA CACAU E AVELÃ;CORDEIRO;;;ATROPELAMENTO DE PESSOA;0;1;0;0;1;0;0;0;0;1;0;;;;;;;;;;;;;
2023-11-27;segunda-feira ;09:15:00;COM VÍTIMA;BOA VIAGEM;RUA;RUA VISCONDE DE JEQUITINHONHA;;;PROX AO PARQUE DONA LINDU / SENTIDO PIEDADE;BOA VIAGEM;;;COLISÃO;0;1;0;0;0;0;0;0;0;1;0;;;;;;;;;;;;;
2023-11-27;segunda-feira ;09:38:00;COM VÍTIMA;LINHA DO TIRO;RUA;RUA URIEL DE HOLANDA;;;EM FRENTE AO COLEGIO PEDRO CELSO;LINHA DO TIRO;;;COLISÃO;0;1;0;0;0;0;0;0;0;1;0;;;;;;;;;;;;;
2023-11-27;segunda-feira ;09:44:00;COM VÍTIMA;ROSARINHO;AVENIDA;AVENIDA SANTOS DUMONT;RUA;RUA ALMIRANTE NORONHA DE CARVALHO;BEM NO CRUZAMENTO, PROX AO COLEGIO SABER CRESCER;ROSARINHO;;;COLISÃO;1;1;0;0;0;0;0;0;0;1;0;;;;;;;;;;;;;
2023-11-27;segunda-feira ;10:10:00;COM VÍTIMA;ESPINHEIRO;AVENIDA;AVENIDA GOVERNADOR AGAMENON MAGALHAES;;;PROX AO VIDUTO DA JOÃO DE BARROS / EM FRENTE A UPE;ESPINHEIRO;;;COLISÃO LATERAL;1;2;0;0;0;0;0;0;0;2;0;;;;;;;;;;;;;
2023-11-27;segunda-feira ;10:30:00;COM VÍTIMA;CAXANGA;AVENIDA;AVENIDA CAXANGA;;;PRÓXIMO A UPA DA CAXANGÁ;CAXANGA;;SUBURBIO;;1;0;0;0;0;0;0;0;0;1;0;;;;;;;;;;;;;
2023-11-27;segunda-feira ;12:50:00;COM VÍTIMA;AGUA FRIA;RUA;RUA BELO JARDIM;;;PROX A ZELO MODAS E AO MERCADO DE AGUA FRIA;AGUA FRIA;;;COLISÃO;0;1;0;0;0;0;0;0;0;1;0;;;;;;;;;;;;;
2023-11-27;segunda-feira ;01:58:00;COM VÍTIMA;VARZEA;RUA;RUA POETA CARLOS DRUMMOND DE ANDRADE;;;E/F A SERTEL;VARZEA;;;COLISÃO LATERAL;1;1;0;0;0;0;0;0;0;1;0;;;;;;;;;;;;;
2023-11-27;segunda-feira ;03:48:00;COM VÍTIMA;CASA AMARELA;AVENIDA;AVENIDA NORTE MIGUEL ARRAES DE ALENCAR;;;E/F AO ARMAZEM CORAL  S/T CID;CASA AMARELA;;;QUEDA;0;1;0;0;0;0;0;0;0;1;0;;;;;;;;;;;;;
2023-11-27;segunda-feira ;04:34:00;COM VÍTIMA;SANTO AMARO;AVENIDA;AVENIDA GOVERNADOR AGAMENON MAGALHAES;;;PROX AO SHOPPING TACARUNA;SANTO AMARO;;;ATROPELAMENTO DE PESSOA;1;1;0;0;1;0;0;0;0;1;0;;;;;;;;;;;;;
2023-11-27;segunda-feira ;07:14:00;COM VÍTIMA;BOA VIAGEM;RUA;RUA DEZ DE JULHO;RUA;RUA CAMBOIM;PRÓXIMO A ESTAÇÃO AEROPORTO;BOA VIAGEM;;;COLISÃO;1;1;0;0;0;0;0;0;0;1;0;;;;;;;;;;;;;
2023-11-27;segunda-feira ;09:20:00;COM VÍTIMA;AREIAS;AVENIDA;AVENIDA DR JOSE RUFINO;;;EM FRENTE AO BRADESCO;AREIAS;;;COLISÃO FRONTAL;0;0;0;0;0;0;0;0;0;1;0;;;;;;;;;;;;;
2023-11-27;segunda-feira ;11:25:00;SEM VÍTIMA;BOA VIAGEM;RUA;RUA FELIX DE BRITO E MELO;;;BRADESCO;BOA VIAGEM;;;COLISÃO;0;0;0;0;0;0;0;0;0;0;0;;;;;;;;;;;;;
2023-11-28;terça-feira ;07:20:00;COM VÍTIMA;CAXANGA;AVENIDA;AVENIDA CAXANGA;;;EM FRENTE A INTEGRAÇÃO CDU, SENT. CAMARAGIBE EM FRENTE A NISSAN;CAXANGA;;;COLISÃO LATERAL;0;1;0;0;0;0;0;0;0;1;0;;;;;;;;;;;;;
2023-11-28;terça-feira ;07:21:00;COM VÍTIMA;ARRUDA;AVENIDA;AVENIDA BEBERIBE;;;EM FRENTE AO CAMPO DO SANTA CRUZ;ARRUDA;;;COLISÃO;0;1;0;0;0;0;0;0;0;1;0;;;;;;;;;;;;;
2023-11-28;terça-feira ;08:11:00;COM VÍTIMA;IBURA;LAD;LAD DA COHAB;;;NA SUBIDA DA LADEIRA;IBURA;;;QUEDA;0;1;0;0;0;0;0;0;0;1;0;;;;;;;;;;;;;
2023-11-28;terça-feira ;08:27:00;COM VÍTIMA;MADALENA;AVENIDA;AVENIDA ENGENHEIRO ABDIAS DE CARVALHO;;;CRUZAMENTO COM ESTRADA DOS REMEDIOS;MADALENA;;;COLISÃO;1;1;0;0;0;0;0;0;0;1;0;;;;;;;;;;;;;
2023-11-28;terça-feira ;08:27:00;COM VÍTIMA;MACAXEIRA;AVENIDA;AVENIDA NORTE MIGUEL ARRAES DE ALENCAR;;;EM FENTE AO PARQUE DA MACAXEIRA;MACAXEIRA;;;COLISÃO LATERAL;0;1;0;0;0;0;0;0;0;1;0;;;;;;;;;;;;;
2023-11-28;terça-feira ;09:07:00;COM VÍTIMA;GRACAS;AVENIDA;AVENIDA BEIRA RIO;;;BEIRA RIO COM JOSE OSORIO  DESCIDA DA PONTA CAPUNGA NO CRUZAMENTO;GRACAS;;;COLISÃO;0;1;0;0;0;0;0;0;0;1;0;;;;;;;;;;;;;
2023-11-28;terça-feira ;10:38:00;COM VÍTIMA;AFOGADOS;AVENIDA;AVENIDA DR JOSE RUFINO;;;EM FRENTE AO QUARTEL DE AFOGADOS;AFOGADOS;;;COLISÃO;0;1;0;0;0;0;0;0;0;1;0;;;;;;;;;;;;;
2023-11-28;terça-feira ;11:29:00;COM VÍTIMA;CORDEIRO;AVENIDA;AVENIDA CAXANGA;;;EM FRENTE A AUTO ESCOLA CONECTA E CAXANGA ACESSORIOS E PEÇAS;CORDEIRO;;;COLISÃO TRASEIRA;1;1;0;0;0;0;0;0;0;1;0;;;;;;;;;;;;;
2023-11-28;terça-feira ;11:46:00;COM VÍTIMA;CAXANGA;AVENIDA;AVENIDA CAXANGA;;;EM FRENTE AO NOVO MIX MATHEUS/ ANTIGO BOMPREÇO;CAXANGA;;;COLISÃO COM CICLISTA;0;0;0;0;0;1;0;0;0;1;0;;;;;;;;;;;;;
2023-11-28;terça-feira ;12:56:00;COM VÍTIMA;CAXANGA;AVENIDA;AVENIDA CAXANGA;;;EM FRENTE AO NUMERO 1921 LOJA CASA DA TINTA RECIFE;CAXANGA;;;COLISÃO;0;1;0;0;0;0;0;0;0;1;0;;;;;;;;;;;;;
2023-11-28;terça-feira ;03:43:00;COM VÍTIMA;IPSEP;RUA;RUA ARAPUA;;;PROXIMO A LOJA DE AUTOMOVEIS DE PAULO;IPSEP;;;COLISÃO;0;1;0;0;0;0;0;0;0;1;0;;;;;;;;;;;;;
2023-11-28;terça-feira ;04:34:00;COM VÍTIMA;AGUA FRIA;AVENIDA;AVENIDA BEBERIBE;;;E/F  A MILENA /  PROXIMO A CATTAN;AGUA FRIA;;;COLISÃO;0;1;0;0;0;0;0;0;0;1;0;;;;;;;;;;;;;
2023-11-28;terça-feira ;06:42:00;SEM VÍTIMA;BOA VIAGEM;AVENIDA;AVENIDA BOA VIAGEM;;;EDF. HENOCH COUTINHO;BOA VIAGEM;;CIDADE;;2;0;0;0;0;0;0;0;0;0;0;;;;;;;;;;;;;
2023-11-28;terça-feira ;06:56:00;COM VÍTIMA;JOANA BEZERRA;AVENIDA;AVENIDA BEIRA RIO;;;ENTRE O FORUM DE JOANA BEZERRA E A SUBIDA DA PONTE;JOANA BEZERRA;;;COLISÃO TRASEIRA;1;1;0;0;0;0;0;0;0;1;0;;;;;;;;;;;;;
2023-11-28;terça-feira ;07:22:00;COM VÍTIMA;IMBIRIBEIRA;AVENIDA;AVENIDA MARECHAL MASCARENHAS DE MORAES;;;PROXIMO TOYOLEX, APOS O VIADUTO TACREDO NEVES;IMBIRIBEIRA;;SUBURBIO;COLISÃO LATERAL;0;2;0;0;0;0;0;0;0;1;0;;;;;;;;;;;;;
2023-11-28;terça-feira ;07:31:00;COM VÍTIMA;ENCRUZILHADA;RUA;RUA FERNANDO CESAR;;;PRAÇA DA INFÂNCIA;ENCRUZILHADA;;;COLISÃO TRANSVERSAL;0;1;0;0;0;0;1;0;0;1;0;;;;;;;;;;;;;
2023-11-28;terça-feira ;07:48:00;COM VÍTIMA;ILHA DO LEITE;RUA;RUA ESTADO DE ISRAEL;;;;ILHA DO LEITE;;;COLISÃO LATERAL;2;1;0;0;0;0;0;0;0;1;0;;;;;;;;;;;;;
2023-11-28;terça-feira ;08:07:00;COM VÍTIMA;CORDEIRO;AVENIDA;AVENIDA GENERAL SAN MARTIN;;;EM FRENTE AO HOSPITAL GETULIO VARGAS;CORDEIRO;;;COLISÃO LATERAL;1;1;0;0;0;0;0;0;0;1;0;;;;;;;;;;;;;
2023-11-28;terça-feira ;09:48:00;COM VÍTIMA;CASA FORTE;AVENIDA;AVENIDA DEZESSETE DE AGOSTO;;;PROXIMO AO SUPERMERCADO VERD FRUT;CASA FORTE;;;COLISÃO;1;1;0;0;0;0;0;0;0;1;0;;;;;;;;;;;;;
2023-11-29;quarta-feira ;05:53:00;COM VÍTIMA;CORDEIRO;AVENIDA;AVENIDA CAXANGA;;;PROX. CAIXA ECONOMICA;CORDEIRO;;CIDADE;COLISÃO TRASEIRA;1;1;0;0;0;1;0;0;0;1;0;;;;;;;;;;;;;
2023-11-29;quarta-feira ;07:14:00;COM VÍTIMA;ARRUDA;AVENIDA;AVENIDA BEBERIBE;;;EM FRENTE AO CAMPO DO SANTA CRUZ;ARRUDA;;;COLISÃO;0;1;0;0;0;0;0;0;0;1;0;;;;;;;;;;;;;
2023-11-29;quarta-feira ;07:35:00;COM VÍTIMA;IMBIRIBEIRA;RUA;RUA ITAJAI;;;PROX. A FERREIRA COSTA, EM FRENTE A CASA BRANCA RECEPÇÕES;IMBIRIBEIRA;;;COLISÃO LATERAL;0;1;0;0;0;0;0;0;0;1;0;;;;;;;;;;;;;
2023-11-29;quarta-feira ;07:44:00;COM VÍTIMA;MANGUEIRA;RUA;RUA DR JOAO ELISIO;;;EM FRENTE A PADARIA SANTO ANTONIO;MANGUEIRA;;;COLISÃO LATERAL;0;1;0;0;0;0;0;0;0;1;0;;;;;;;;;;;;;
2023-11-29;quarta-feira ;08:12:00;COM VÍTIMA;PRADO;RUA;RUA GOMES TABORDA;;;EM FENTRE AO SUPERMERCADO IDEAL MIX;PRADO;;;COLISÃO;0;1;0;0;0;0;0;0;0;1;0;;;;;;;;;;;;;
2023-11-29;quarta-feira ;08:33:00;COM VÍTIMA;IMBIRIBEIRA;AVENIDA;AVENIDA MARECHAL MASCARENHAS DE MORAES;;;EM FRENTE AO GALPÃO DA LASER ELETRO;IMBIRIBEIRA;;;COLISÃO LATERAL;0;1;0;0;0;0;0;0;0;1;0;;;;;;;;;;;;;
2023-11-29;quarta-feira ;08:53:00;COM VÍTIMA;AFOGADOS;RUA;RUA COSME VIANA;;;POR TRAS DA HONDA, PROX. A TUPAM;AFOGADOS;;;COLISÃO LATERAL;0;1;0;0;0;0;1;0;0;1;0;;;;;;;;;;;;;
2023-11-29;quarta-feira ;10:49:00;COM VÍTIMA;COQUEIRAL;TRV;TRV ANANIAS CATANHO;;;PROX ESCOLA PAULO DE SOUZA LEAL;COQUEIRAL;;;CHOQUE;1;0;0;0;0;0;0;0;0;1;0;;;;;;;;;;;;;
2023-11-29;quarta-feira ;11:06:00;SEM VÍTIMA;BOA VISTA;AVENIDA;AVENIDA LINS PETIT;;;PRAÇA CHORA MENINO;BOA VISTA;;SUBURBIO;COLISÃO LATERAL;2;0;0;0;0;0;0;0;0;0;0;;;;;;;;;;;;;
2023-11-29;quarta-feira ;11:33:00;COM VÍTIMA;MADALENA;RUA;RUA BENFICA;;;PROX AO CLUBE INTERNACIONAL / NA PRAÇA DP INTERNACIONAL;MADALENA;;;COLISÃO;0;1;0;0;0;0;0;0;0;1;0;;;;;;;;;;;;;
2023-11-29;quarta-feira ;03:45:00;COM VÍTIMA;SANTO AMARO;RUA;RUA FREI CASSIMIRO;;;E/F  ANTIGA CTTU;SANTO AMARO;;;COLISÃO LATERAL;0;2;0;0;0;0;0;0;0;3;0;;;;;;;;;;;;;
2023-11-29;quarta-feira ;03:50:00;SEM VÍTIMA;TORRE;RUA;RUA JOSE BONIFACIO;VIADUTO;VIADUTO GOVERNADOR CORDEIRO DE FARIAS;SOBRE A PONTE E PRÓXIMO AO CARREFOUR;TORRE;;;COLISÃO;0;0;0;0;0;0;0;0;0;0;0;;;;;;;;;;;;;
2023-11-29;quarta-feira ;05:23:00;SEM VÍTIMA;IPSEP;RUA;RUA BLUMENAU;RUA;RUA ITAIMBE;NA RUA DO BAR DA SOPA;IPSEP;;;COLISÃO FRONTAL;2;0;0;0;0;0;0;0;0;0;0;;;;;;;;;;;;;
2023-11-29;quarta-feira ;06:56:00;VÍTIMA FATAL;CASA AMARELA;AVENIDA;AVENIDA NORTE MIGUEL ARRAES DE ALENCAR;;;PRÓXIMO A PRAÇA DO TRABALHO;CASA AMARELA;;;ATROPELAMENTO DE PESSOA;0;0;0;0;1;0;0;0;0;0;1;;;;;;;;;;;;;
2023-11-29;quarta-feira ;10:27:00;COM VÍTIMA;BOMBA DO HEMETERIO;RUA;RUA PROFESSOR JOSE AMARINO DOS REIS;;;PRÓXIMO AO TEIMOSO;BOMBA DO HEMETERIO;;;COLISÃO FRONTAL;0;0;0;0;0;0;0;0;0;1;0;;;;;;;;;;;;;
2023-11-30;quinta-feira ;06:54:00;COM VÍTIMA;IMBIRIBEIRA;AVENIDA;AVENIDA MARECHAL MASCARENHAS DE MORAES;;;EM FRENTE A FLOR E ARTE;IMBIRIBEIRA;;;COLISÃO TRASEIRA;1;1;0;0;0;0;0;0;0;1;0;;;;;;;;;;;;;
2023-11-30;quinta-feira ;07:30:00;COM VÍTIMA;APIPUCOS;RUA;RUA DE APIPUCOS;;;EM FRENTE AO AÇUDE;APIPUCOS;;;COLISÃO;0;0;0;0;0;0;0;0;0;1;0;;;;;;;;;;;;;
2023-11-30;quinta-feira ;07:36:00;COM VÍTIMA;CAXANGA;AVENIDA;AVENIDA CAXANGA;;;SENT. CIDADE, SUPERMERCADO TEM E UPA;CAXANGA;;;COLISÃO LATERAL;0;1;0;0;0;0;0;0;0;1;0;;;;;;;;;;;;;
2023-11-30;quinta-feira ;08:18:00;SEM VÍTIMA;BOA VISTA;RUA;RUA DO HOSPICIO;;;AO LADO DO PARQUE TREZE DE MAIO;BOA VISTA;;;COLISÃO;0;0;0;0;0;0;0;0;0;0;0;;;;;;;;;;;;;
2023-11-30;quinta-feira ;08:20:00;COM VÍTIMA;AFOGADOS;RUA;RUA COSME VIANA;;;PROX. AO FORRÓ CHIQUE E O POSTO SETA;AFOGADOS;;;COLISÃO LATERAL;1;1;0;0;0;0;0;0;0;1;0;;;;;;;;;;;;;
2023-11-30;quinta-feira ;08:53:00;COM VÍTIMA;SANTO AMARO;RUA;RUA DOS PALMARES;;;PROX. A GUARDA MUNICIPAL, SUPERMERCADO RM EXPRESS;SANTO AMARO;;;COLISÃO LATERAL;0;1;0;0;0;0;0;0;0;1;0;;;;;;;;;;;;;
2023-11-30;quinta-feira ;09:42:00;COM VÍTIMA;BOMBA DO HEMETERIO;RUA;RUA BOMBA DO HEMETERIO;;;EM FRENTE A CLINICA DE FIOTERAPIA / E EM FRENTE AO MERCADO COMPRE MAIS;BOMBA DO HEMETERIO;;;COLISÃO;0;1;0;0;0;0;0;0;0;1;0;;;;;;;;;;;;;
2023-11-30;quinta-feira ;10:43:00;COM VÍTIMA;ILHA DO LEITE;AVENIDA;AVENIDA GOVERNADOR AGAMENON MAGALHAES;;;SENT. BOA VIAGEM EM FRENTE AO HOSPITAL VETERINARIO;ILHA DO LEITE;;;COLISÃO LATERAL;0;1;0;0;0;0;0;0;0;1;0;;;;;;;;;;;;;
2023-11-30;quinta-feira ;11:11:00;COM VÍTIMA;DOIS IRMAOS;RUA;RUA MANUEL DE MEDEIROS;;;EM FRENTE A COMPESA  / PROX SEMÁFORO 712;DOIS IRMAOS;;;COLISÃO LATERAL;1;1;0;0;0;0;0;0;0;1;0;;;;;;;;;;;;;
2023-11-30;quinta-feira ;11:54:00;COM VÍTIMA;IPSEP;RUA;RUA ROSA MAGALHAES;AVENIDA;AVENIDA RECIFE;PROX. AO ARMAZEM CORAL, POSTO SHELL E FARMACIA PAGUE MENOS;IPSEP;;;COLISÃO LATERAL;0;1;0;0;0;0;0;0;0;1;0;;;;;;;;;;;;;
2023-11-30;quinta-feira ;12:31:00;COM VÍTIMA;AFOGADOS;RUA;RUA SAO MIGUEL;;;APOS O BANCO DO BRASIL  DO LADO ESQUERDO;AFOGADOS;;;COLISÃO TRASEIRA;1;1;0;0;0;0;0;0;0;1;0;;;;;;;;;;;;;
2023-11-30;quinta-feira ;01:00:00;COM VÍTIMA;VARZEA;AVENIDA;AVENIDA AFONSO OLINDENSE;;;PROX A LOMBADA ELETRONICA;VARZEA;;;COLISÃO LATERAL;0;2;0;0;0;0;0;0;0;1;0;;;;;;;;;;;;;
2023-11-30;quinta-feira ;01:09:00;COM VÍTIMA;IPSEP;RUA;RUA ADERBAL DE MELO;;;NA RUA DA BUDEGA DO MEU LINDO;IPSEP;;;COLISÃO FRONTAL;1;1;0;0;0;0;0;0;0;1;0;;;;;;;;;;;;;
2023-11-30;quinta-feira ;01:18:00;COM VÍTIMA;BOA VIAGEM;AVENIDA;AVENIDA ENGENHEIRO DOMINGOS FERREIRA;RUA;RUA MARIA CAROLINA;GALERIA GUARARAPES;BOA VIAGEM;;;COLISÃO FRONTAL;1;1;0;0;0;0;0;0;0;1;0;;;;;;;;;;;;;
2023-11-30;quinta-feira ;01:41:00;COM VÍTIMA;SANCHO;RUA;RUA GUANABARA;;;PROX AO  SUPERMERCADO CUSTODIA NO SEMAFORO 157;SANCHO;;;COLISÃO LATERAL;1;2;0;0;0;0;0;0;0;1;0;;;;;;;;;;;;;
2023-11-30;quinta-feira ;01:58:00;COM VÍTIMA;IPSEP;RUA;RUA PINTOR ANTONIO ALBUQUERQUE;RUA;RUA PROFESSOR JOSE VICENTE;;IPSEP;;;COLISÃO LATERAL;0;0;0;0;0;0;0;0;0;2;0;;;;;;;;;;;;;
2023-11-30;quinta-feira ;02:20:00;SEM VÍTIMA;DERBY;AVENIDA;AVENIDA GOVERNADOR AGAMENON MAGALHAES;;;HOSPITAL DA RESTAURAÇÃO;DERBY;;;COLISÃO LATERAL;1;0;0;0;0;0;0;1;0;0;0;;;;;;;;;;;;;
2023-11-30;quinta-feira ;02:24:00;SEM VÍTIMA;MACAXEIRA;AVENIDA;AVENIDA NORTE MIGUEL ARRAES DE ALENCAR;;;LOGO APÓS O SEMÁFORO Nº 671;MACAXEIRA;671;CIDADE;COLISÃO TRASEIRA;1;0;0;0;0;1;0;0;0;0;0;;;;;;;;;;;;;
2023-11-30;quinta-feira ;02:56:00;COM VÍTIMA;ENCRUZILHADA;AVENIDA;AVENIDA NORTE MIGUEL ARRAES DE ALENCAR;;;PRÓXIMO A RENAULT;ENCRUZILHADA;665;;COLISÃO TRASEIRA;1;1;0;0;0;0;0;0;0;1;0;;;;;;;;;;;;;
2023-11-30;quinta-feira ;04:35:00;COM VÍTIMA;IMBIRIBEIRA;AVENIDA;AVENIDA MARECHAL MASCARENHAS DE MORAES;;;PROXIMO  AEROPORTO;IMBIRIBEIRA;;;COLISÃO;0;1;0;0;0;0;0;0;0;1;0;;;;;;;;;;;;;
2023-11-30;quinta-feira ;05:38:00;COM VÍTIMA;IMBIRIBEIRA;AVENIDA;AVENIDA MARECHAL MASCARENHAS DE MORAES;;;PRÓXIMO A NEO BLINDADOS E À UNIVERSO;IMBIRIBEIRA;;AFOGADOS;COLISÃO LATERAL;0;0;0;0;0;0;0;0;0;1;0;;;;;;;;;;;;;
2023-11-30;quinta-feira ;05:49:00;COM VÍTIMA;AFOGADOS;RUA;RUA JOAQUIM DE VASCONCELOS PEREIRA;;;EM FRENTE AO MINISTÉRIO PÚBLICO;AFOGADOS;;;ATROPELAMENTO DE PESSOA;0;1;0;0;1;0;0;0;0;1;0;;;;;;;;;;;;;
2023-11-30;quinta-feira ;06:53:00;COM VÍTIMA;PORTO DA MADEIRA;AVENIDA;AVENIDA CIDADE DE MONTEIRO;;;SENTIDPO AGUA FRIA E/F AO ARMAZEM CORAL;PORTO DA MADEIRA;;;COLISÃO;0;1;0;0;0;0;0;0;0;1;0;;;;;;;;;;;;;
2023-11-30;quinta-feira ;08:07:00;COM VÍTIMA;AGUA FRIA;AVENIDA;AVENIDA BEBERIBE;;;EM FRENTE AO POSTO DE COMBUSTIVEL PETROBRAS E AUTO ESCOLA PILOTO;AGUA FRIA;;;COLISÃO LATERAL;0;1;0;0;0;0;0;0;0;1;0;;;;;;;;;;;;;
2023-11-30;quinta-feira ;11:03:00;COM VÍTIMA;JAQUEIRA;AVENIDA;AVENIDA CONS ROSA E SILVA;;;E/F À ACADEMIA SMART FIT - PROXIMO À PADARIA JAQUEIRA;JAQUEIRA;;;COLISÃO LATERAL;1;1;0;0;0;0;0;0;0;2;0;;;;;;;;;;;;;
2023-12-01;sexta-feira ;06:43:00;COM VÍTIMA;IPSEP;AVENIDA;AVENIDA RECIFE;;;EM FRENTE AO ARMAZEM CORAL E AO POSTO SHELL;IPSEP;;;ATROPELAMENTO DE PESSOA;0;1;0;0;1;0;0;0;0;1;0;;;;;;;;;;;;;
2023-12-01;sexta-feira ;07:20:00;COM VÍTIMA;AGUA FRIA;AVENIDA;AVENIDA BEBERIBE;;;EM FRENTE A MAGAZINE LUIZA E LOJA DOMINANTE;AGUA FRIA;;;COLISÃO LATERAL;0;1;0;0;0;0;0;0;0;1;0;;;;;;;;;;;;;
2023-12-01;sexta-feira ;07:27:00;COM VÍTIMA;IPSEP;RUA;RUA ITACARI;RUA;RUA ITAJAI;;IPSEP;;;COLISÃO;0;0;0;0;0;0;0;0;0;2;0;;;;;;;;;;;;;
2023-12-01;sexta-feira ;07:37:00;COM VÍTIMA;AFOGADOS;RUA;RUA SAO MIGUEL;;;PROX. AO POSTO DE GASOLINA DISLUB, PROX. AO BANCO DO BRASIL;AFOGADOS;;;COLISÃO LATERAL;1;1;0;0;0;0;0;0;0;1;0;;;;;;;;;;;;;
2023-12-01;sexta-feira ;07:40:00;COM VÍTIMA;SANTO AMARO;RUA;RUA SANTO AMARO;;;EM FRENTE AO SHOPPPING TACARUNA / AO LADO DA PARADA DO BRT;SANTO AMARO;;;COLISÃO;0;1;0;0;0;0;0;0;0;1;0;;;;;;;;;;;;;
2023-12-01;sexta-feira ;08:27:00;COM VÍTIMA;SANTO AMARO;AVENIDA;AVENIDA PREFEITO ARTUR LIMA CAVALCANTI;;;;SANTO AMARO;;;COLISÃO LATERAL;1;1;0;0;0;0;0;0;0;1;0;;;;;;;;;;;;;
2023-12-01;sexta-feira ;09:53:00;COM VÍTIMA;ARRUDA;RUA;RUA DA REGENERACAO;RUA;RUA SAGRADA FAMILIA;;ARRUDA;;;COLISÃO;0;0;0;0;0;0;0;0;0;1;0;;;;;;;;;;;;;
2023-12-01;sexta-feira ;10:22:00;COM VÍTIMA;BOA VIAGEM;AVENIDA;AVENIDA BOA VIAGEM;;;PROX AO QUIOSQUE 38 / PROX AO EDIFICIO MARIA ANGELA LUCENA;BOA VIAGEM;;;COLISÃO;0;1;0;0;0;0;0;0;0;1;0;;;;;;;;;;;;;
2023-12-01;sexta-feira ;01:08:00;COM VÍTIMA;AFOGADOS;RUA;RUA COSME VIANA;;;E/F AO GALPÃO DA PEDRAGON /  PROXIMO AO POSTO DE GASOLINA SETA;AFOGADOS;;;COLISÃO;0;1;0;0;0;0;0;0;0;1;0;;;;;;;;;;;;;
2023-12-01;sexta-feira ;02:32:00;COM VÍTIMA;VARZEA;AVENIDA;AVENIDA AFONSO OLINDENSE;;;E/F  A FARMACIA PAGUE MENOS;VARZEA;;;COLISÃO LATERAL;1;1;0;0;0;0;0;0;0;2;0;;;;;;;;;;;;;
2023-12-01;sexta-feira ;03:05:00;COM VÍTIMA;CAXANGA;AVENIDA;AVENIDA CAXANGA;;;PROXIMO AO SUPERMERCADO TEM / ANTES DO POSTO PADRE CICERO;CAXANGA;;;COLISÃO;0;1;0;0;0;0;0;0;0;1;0;;;;;;;;;;;;;
2023-12-01;sexta-feira ;03:46:00;COM VÍTIMA;ARRUDA;AVENIDA;AVENIDA BEBERIBE;;;Grupo Volkswagen;ARRUDA;;;COLISÃO LATERAL;1;1;0;0;0;0;0;0;0;1;0;;;;;;;;;;;;;
2023-12-01;sexta-feira ;03:47:00;COM VÍTIMA;SAN MARTIN;RUA;RUA COMENDADOR FRANCO FERREIRA;;;AO LADO DA CAVALERIA;SAN MARTIN;;;COLISÃO;0;1;0;0;0;0;0;0;0;1;0;;;;;;;;;;;;;
2023-12-01;sexta-feira ;03:50:00;COM VÍTIMA;TAMARINEIRA;RUA;RUA DO FUTURO;;;CRUZAMENTO COM A RUA SENADOR ALBERTO PAIVA PROXIMO AO  HABIBS;TAMARINEIRA;;;COLISÃO;0;1;0;0;0;0;0;0;0;1;0;;;;;;;;;;;;;
2023-12-01;sexta-feira ;04:11:00;COM VÍTIMA;SAO JOSE;AVENIDA;AVENIDA ENGENHEIRO JOSE ESTELITA;;;PROXIMO A OBRA DO ESTELITA;SAO JOSE;;;COLISÃO;0;1;0;0;0;0;0;0;0;1;0;;;;;;;;;;;;;
2023-12-01;sexta-feira ;04:08:00;COM VÍTIMA;DERBY;RUA;RUA CARLOS PORTO CARREIRO;AVENIDA;AVENIDA GOVERNADOR AGAMENON MAGALHAES;E/F A MCDONALD´S;DERBY;;;COLISÃO LATERAL;1;1;0;0;0;0;0;0;0;1;0;;;;;;;;;;;;;
2023-12-01;sexta-feira ;04:29:00;COM VÍTIMA;BOMBA DO HEMETERIO;RUA;RUA CHA DE ALEGRIA;;;PROX AO CLUBE TEIMOSO  VT 20;BOMBA DO HEMETERIO;;;COLISÃO FRONTAL;1;1;0;0;0;0;0;0;0;1;0;;;;;;;;;;;;;
2023-12-01;sexta-feira ;05:43:00;COM VÍTIMA;CAXANGA;AVENIDA;AVENIDA CAXANGA;;;PROXIMO A EXPOSIÇÃO DE ANIMAIS // CANAL DO CABOUCO;CAXANGA;;;COLISÃO;0;1;0;0;0;0;0;0;0;1;0;;;;;;;;;;;;;