data;dia_semana;hora;natureza;bairro;logradouro_endereco;endereco;logradouro_detalhe_endereço;detalhe_endereco_acidente;complemento;bairro_cruzamento;num_semaforo;sentido_via;tipo;auto;moto;ciclom;ciclista;pedestre;onibus;caminhao;viatura;outros;vitimas;vitimasfatais;acidente_verificado;tempo_clima;situacao_semaforo;sinalizacao;condicao_via;conservacao_via;ponto_controle;situacao_placa;velocidade_max_via;mao_direcao;divisao_via1;divisao_via2;divisao_via3
2023-12-01;sexta-feira ;05:46:00;COM VÍTIMA;CAMPO GRANDE;RUA;RUA DR MACHADO;;;PROXIMO AO BAR DO PIU PIU // NA RUA DA PADARIA SANTO ANTÕNIO;CAMPO GRANDE;;;COLISÃO;0;1;0;0;0;0;0;0;0;1;0;;;;;;;;;;;;;
2023-12-01;sexta-feira ;05:47:00;SEM VÍTIMA;IBURA;LAD;LAD DA COHAB;;;;IBURA;;;CHOQUE;0;0;0;0;0;0;1;0;0;0;0;;;;;;;;;;;;;
2023-12-01;sexta-feira ;06:17:00;VÍTIMA FATAL;IPSEP;AVENIDA;AVENIDA MARECHAL MASCARENHAS DE MORAES;RUA;RUA ITACARI;SENTIDO AEROPORTO PRÓXIMO AO BANCO ITAU  , PRÓXIMO AO BANCO IPIRANGA VÍTIMA NO LOCAL FOI A OBTO,;IPSEP;;;COLISÃO COM CICLISTA;0;0;0;1;0;0;1;0;0;0;1;;;;;;;;;;;;;
2023-12-01;sexta-feira ;06:53:00;COM VÍTIMA;IBURA;AVENIDA;AVENIDA DOIS RIOS;;;MAVEL BURGUE  //  SORVETERIA FLOQUINHO;IBURA;;;COLISÃO FRONTAL;1;1;0;0;0;0;0;0;0;1;0;;;;;;;;;;;;;
2023-12-01;sexta-feira ;09:44:00;COM VÍTIMA;VARZEA;AVENIDA;AVENIDA CAXANGA;;;EM FRENTE A UPA DA CAXANGÁ;VARZEA;;;COLISÃO;0;2;0;0;0;0;0;0;0;2;0;;;;;;;;;;;;;
2023-12-01;sexta-feira ;11:39:00;VÍTIMA FATAL;IBURA;RUA;RUA VALE DO ITAJAI;;;EM FRENTE A UPA/ LAGOA ENCANTADA;IBURA;;;ATROPELAMENTO DE PESSOA;0;0;0;0;1;0;0;0;0;0;1;;;;;;;;;;;;;
2023-12-02;sábado ;01:41:00;SEM VÍTIMA;BOA VIAGEM;RUA;RUA VISCONDE DE JEQUITINHONHA;;;PRÓXIMA AO PARQUE DONA LINDU;BOA VIAGEM;;SUBURBIO;COLISÃO;1;1;0;0;0;0;0;0;0;0;0;;;;;;;;;;;;;
2023-12-02;sábado ;06:14:00;SEM VÍTIMA;CIDADE UNIVERSITARIA;RUA;RUA GENERAL POLIDORO;;;;CIDADE UNIVERSITARIA;;;COLISÃO;2;0;0;0;0;0;0;0;0;0;0;;;;;;;;;;;;;
2023-12-02;sábado ;07:59:00;COM VÍTIMA;IPUTINGA;RUA;RUA PADRE FERNAO CARDIM;;;POR TRÁS DO PERNAMBUCO DA SORTE / PROX A ESCOLA TECNICA;IPUTINGA;;;COLISÃO;0;1;0;0;0;0;0;0;0;1;0;;;;;;;;;;;;;
2023-12-02;sábado ;09:01:00;COM VÍTIMA;IBURA;AVENIDA;AVENIDA DOIS RIOS;;;PROX A UPA E A CLINICA SENA SAÚDE;IBURA;;;COLISÃO;0;1;0;0;0;0;0;0;0;1;0;;;;;;;;;;;;;
2023-12-02;sábado ;09:10:00;COM VÍTIMA;IPUTINGA;AVENIDA;AVENIDA MAURICIO DE NASSAU;;;PROX AO ARMAZEM PARALELO DA CONSTRUÇÃO / PROX AO PARQUE DO CAIARA;IPUTINGA;;;COLISÃO;0;1;0;0;0;0;0;0;0;1;0;;;;;;;;;;;;;
2023-12-02;sábado ;10:00:00;COM VÍTIMA;LINHA DO TIRO;RUA;RUA URIEL DE HOLANDA;RUA;RUA VISCONDE DE CRUZEIRO;PROX A PADARIA PAN DEIVISON / PROX AO CALDINHO DE AMBROSIO;LINHA DO TIRO;;;COLISÃO LATERAL;1;1;0;0;0;0;0;0;0;1;0;;;;;;;;;;;;;
2023-12-02;sábado ;12:21:00;COM VÍTIMA;CAXANGA;AVENIDA;AVENIDA CAXANGA;;;EM FRENTE AO ANTIGO BOMPREÇO DA CAXANGA / PROX DO VIADUTO;CAXANGA;;SUBURBIO;COLISÃO COM CICLISTA;1;0;0;1;0;0;0;0;0;1;0;;;;;;;;;;;;;
2023-12-02;sábado ;12:45:00;COM VÍTIMA;SANTO AMARO;AVENIDA;AVENIDA CRUZ CABUGA;;;PROX  AO HOSPITAL CASA DA MISERICORDIA;SANTO AMARO;;;COLISÃO;1;1;0;0;0;0;0;0;0;1;0;;;;;;;;;;;;;
2023-12-02;sábado ;10:27:00;COM VÍTIMA;IPSEP;AVENIDA;AVENIDA RECIFE;AVENIDA;AVENIDA SENADOR ROBERT KENNEDY;SEGUNDO SINAL APOS O SAL E BRASA, SENTIDO AREIAS;IPSEP;;;COLISÃO TRASEIRA;2;0;0;0;0;0;0;0;0;1;0;;;;;;;;;;;;;
2023-12-03;domingo ;12:01:00;COM VÍTIMA;BONGI;EST;EST DO BONGI;;;E/F CAVALARIA;BONGI;;;COLISÃO LATERAL;1;1;0;0;0;0;0;0;0;1;0;;;;;;;;;;;;;
2023-12-03;domingo ;12:12:00;COM VÍTIMA;CAXANGA;AVENIDA;AVENIDA CAXANGA;;;E/F IPUTINGA AUTOMOVEL;CAXANGA;;;COLISÃO TRASEIRA;2;0;0;0;0;0;0;0;0;1;0;;;;;;;;;;;;;
2023-12-03;domingo ;08:19:00;COM VÍTIMA;BAIRRO DO RECIFE;AVENIDA;AVENIDA BARBOSA LIMA;;;PROX. AO MARCO ZERO;BAIRRO DO RECIFE;;;COLISÃO LATERAL;0;1;0;0;0;0;0;0;0;1;0;;;;;;;;;;;;;
2023-12-03;domingo ;08:59:00;SEM VÍTIMA;PINA;AVENIDA;AVENIDA DR DIRCEU VELLOSO TOSCANO DE BRITO;;;PROX AO SHOPPING RIO MAR;PINA;;;COLISÃO LATERAL;1;0;0;0;0;0;1;0;0;0;0;;;;;;;;;;;;;
2023-12-03;domingo ;09:52:00;COM VÍTIMA;BOA VIAGEM;RUA;RUA SETUBAL;;;PROX A PADARIA PAN JOVEM, SENTIDO PRAIA;BOA VIAGEM;;;COLISÃO;0;1;0;0;0;0;0;0;0;1;0;;;;;;;;;;;;;
2023-12-03;domingo ;12:55:00;SEM VÍTIMA;CAMPO GRANDE;RUA;RUA PROFESSOR FRANCISCO DA TRINDADE;;;;CAMPO GRANDE;;SUBURBIO;COLISÃO LATERAL;2;0;0;0;0;0;0;0;0;0;0;;;;;;;;;;;;;
2023-12-03;domingo ;12:58:00;COM VÍTIMA;PRADO;RUA;RUA GOMES TABORDA;;;PROX AO BAILE PERFUMADO, EM FRENTE A IGREJA RIO;PRADO;;;COLISÃO;0;1;0;0;0;0;0;0;0;1;0;;;;;;;;;;;;;
2023-12-03;domingo ;01:37:00;COM VÍTIMA;BOMBA DO HEMETERIO;RUA;RUA BOMBA DO HEMETERIO;;;PROXIMO ABANADORES DO ARRUDA // PROXIMO A FUNERARIA CANAA;BOMBA DO HEMETERIO;;;COLISÃO;1;1;0;0;0;0;0;0;0;1;0;;;;;;;;;;;;;
2023-12-03;domingo ;01:50:00;COM VÍTIMA;DERBY;AVENIDA;AVENIDA GOVERNADOR AGAMENON MAGALHAES;;;CRUZAMENTO DO DERBY PISTA LOCAL;DERBY;;;ATROPELAMENTO DE PESSOA;0;1;0;0;1;0;0;0;0;1;0;;;;;;;;;;;;;
2023-12-03;domingo ;05:09:00;SEM VÍTIMA;BOA VIAGEM;AVENIDA;AVENIDA ENGENHEIRO DOMINGOS FERREIRA;;;AO LADO DO Nº 2700;BOA VIAGEM;;SUBURBIO;COLISÃO LATERAL;0;2;0;0;0;0;0;0;0;0;0;;;;;;;;;;;;;
2023-12-03;domingo ;06:08:00;COM VÍTIMA;CAXANGA;AVENIDA;AVENIDA CAXANGA;;;UPA DA CAXANGA;CAXANGA;;;ATROPELAMENTO DE PESSOA;1;0;0;1;0;0;0;0;0;1;0;;;;;;;;;;;;;
2023-12-03;domingo ;06:19:00;COM VÍTIMA;BOA VIAGEM;RUA;RUA DOS NAVEGANTES;;;PROXIMO AO ED. ESCALAS //  ED. CASTELINHO;BOA VIAGEM;;;COLISÃO LATERAL;1;1;0;0;0;0;0;0;0;1;0;;;;;;;;;;;;;
2023-12-03;domingo ;06:31:00;COM VÍTIMA;CAXANGA;AVENIDA;AVENIDA CAXANGA;;;REF: EM FRENTE A UPA DA CAXANGA;CAXANGA;;;COLISÃO FRONTAL;1;1;0;0;0;0;0;0;0;1;0;;;;;;;;;;;;;
2023-12-03;domingo ;07:19:00;SEM VÍTIMA;NOVA DESCOBERTA;RUA;RUA VASCO DA GAMA;;;AO LADO DA MADRUGADA BURGUER;NOVA DESCOBERTA;;;COLISÃO;1;1;0;0;0;0;0;0;0;0;0;;;;;;;;;;;;;
2023-12-03;domingo ;07:58:00;SEM VÍTIMA;AREIAS;AVENIDA;AVENIDA IZABEL DE GOES;;;;AREIAS;;;COLISÃO;1;1;0;0;0;0;0;0;0;0;0;;;;;;;;;;;;;
2023-12-04;segunda-feira ;03:29:00;VÍTIMA FATAL;MADALENA;AVENIDA;AVENIDA VISCONDE DE ALBUQUERQUE;RUA;RUA JOSE OSORIO;FARMÁCIA PAGUE MENOS;MADALENA;;;COLISÃO;1;0;0;0;0;0;1;0;0;0;2;;;;;;;;;;;;;
2023-12-04;segunda-feira ;08:48:00;COM VÍTIMA;PINA;AVENIDA;AVENIDA CELSO FURTADO (VIA MANGUE);;;PROX AO AO LADO DO EMPRESARIAL PINA E A CONSTRUÇÃO DA UPINHA NA SUB DA VIA MANGUE;PINA;;;COLISÃO;0;1;0;0;0;0;0;0;0;1;0;;;;;;;;;;;;;
2023-12-04;segunda-feira ;08:49:00;COM VÍTIMA;SAO JOSE;PRC;PRC DAS CINCO PONTAS;;;DESCIDA DO VIADUTO;SAO JOSE;;;COLISÃO LATERAL;1;1;0;0;0;0;0;0;0;1;0;;;;;;;;;;;;;
2023-12-04;segunda-feira ;09:30:00;COM VÍTIMA;ESPINHEIRO;RUA;RUA DA HORA;;;PROX. AO BANCO DO BRASIL E O CREA;ESPINHEIRO;;;COLISÃO LATERAL;0;1;0;0;0;0;0;0;0;1;0;;;;;;;;;;;;;
2023-12-04;segunda-feira ;10:15:00;SEM VÍTIMA;IPSEP;RUA;RUA JAMAICA;RUA;RUA ITAJAI;IGREJA PRESBITERIANA MEMORIAL DA IMBIRIBEIRA;IPSEP;;CIDADE;COLISÃO LATERAL;2;0;0;0;0;0;0;0;0;0;0;;;;;;;;;;;;;
2023-12-04;segunda-feira ;10:31:00;COM VÍTIMA;IPSEP;AVENIDA;AVENIDA RECIFE;;;PROX. AO POSTO DE GASOLINA BR, LADO OPOSTO AO N° 3452;IPSEP;;;COLISÃO TRASEIRA;1;1;0;0;0;0;0;0;0;1;0;;;;;;;;;;;;;
2023-12-04;segunda-feira ;10:32:00;COM VÍTIMA;IMBIRIBEIRA;AVENIDA;AVENIDA MARECHAL MASCARENHAS DE MORAES;;;AO LADO DO DEPOSITO DA LASER ELETRO / EM FRENTE A AUTO LINE;IMBIRIBEIRA;;CIDADE;COLISÃO LATERAL;1;1;0;0;0;0;0;0;0;1;0;;;;;;;;;;;;;
2023-12-04;segunda-feira ;12:54:00;COM VÍTIMA;BONGI;RUA;RUA ITAPEMIRIM;;;PROX A SECRETARIA DE SAÚDE;BONGI;;;COLISÃO LATERAL;1;1;0;0;0;0;0;0;0;1;0;;;;;;;;;;;;;
2023-12-04;segunda-feira ;01:40:00;COM VÍTIMA;TORREAO;AVENIDA;AVENIDA GOVERNADOR AGAMENON MAGALHAES;;;EM FRENTE AO MPU;TORREAO;;;COLISÃO TRASEIRA;0;2;0;0;0;0;0;0;0;2;0;;;;;;;;;;;;;
2023-12-04;segunda-feira ;02:17:00;COM VÍTIMA;IMBIRIBEIRA;AVENIDA;AVENIDA MARECHAL MASCARENHAS DE MORAES;;;E/F AFERREIRA COSTA  S/T CID;IMBIRIBEIRA;;;COLISÃO LATERAL;1;1;0;0;0;0;1;0;0;1;0;;;;;;;;;;;;;
2023-12-04;segunda-feira ;05:29:00;COM VÍTIMA;IPSEP;AVENIDA;AVENIDA RAIMUNDO DINIZ;;;BARRACA PARADA DOS AMIGOS;IPSEP;;;COLISÃO FRONTAL;1;1;0;0;0;0;0;0;0;1;0;;;;;;;;;;;;;
2023-12-04;segunda-feira ;05:51:00;COM VÍTIMA;CAXANGA;AVENIDA;AVENIDA CAXANGA;;;APÓS O COMPAZ;CAXANGA;;;COLISÃO LATERAL;0;0;0;0;0;0;0;0;0;1;0;;;;;;;;;;;;;
2023-12-04;segunda-feira ;07:19:00;COM VÍTIMA;GRACAS;AVENIDA;AVENIDA GOVERNADOR AGAMENON MAGALHAES;;;EM FRENTE AO CLUBE PORTUGUÊS;GRACAS;;;COLISÃO;1;1;0;0;0;0;0;0;0;1;0;;;;;;;;;;;;;
2023-12-05;terça-feira ;06:55:00;COM VÍTIMA;MADALENA;RUA;RUA REAL DA TORRE;;;AO LADO DO POSTO DE GASOLINA SETTA;MADALENA;;;COLISÃO LATERAL;1;1;0;0;0;0;0;0;0;1;0;;;;;;;;;;;;;
2023-12-05;terça-feira ;07:53:00;COM VÍTIMA;VARZEA;RUA;RUA VALE DO SIRIJI;RUA;RUA DIOGO DE VASCONCELOS;PROX. AO COLEGIO ENSA NA LADEIRA DE ACESSO AO UR-07;VARZEA;;;COLISÃO LATERAL;0;1;0;0;0;0;0;0;0;1;0;;;;;;;;;;;;;
2023-12-05;terça-feira ;09:40:00;COM VÍTIMA;SAO JOSE;RUA;RUA IMPERIAL;;;EM FRENTE AO HOTEL LUA DE MEL;SAO JOSE;;;COLISÃO FRONTAL;0;1;0;0;0;0;0;0;0;1;0;;;;;;;;;;;;;
2023-12-05;terça-feira ;10:03:00;COM VÍTIMA;BOA VIAGEM;AVENIDA;AVENIDA ENGENHEIRO DOMINGOS FERREIRA;;;PROX AO EMPRESARIAL UNIVERSAL CENTER;BOA VIAGEM;;;COLISÃO LATERAL;0;1;0;0;0;0;0;0;0;1;0;;;;;;;;;;;;;
2023-12-05;terça-feira ;11:51:00;COM VÍTIMA;MORRO DA CONCEICAO;AVENIDA;AVENIDA NORTE MIGUEL ARRAES DE ALENCAR;;;NA ENTRADA DO MORRO DA CONCEIÇÃO, DO LADO DO DESCONTÃO;MORRO DA CONCEICAO;;;COLISÃO;2;1;0;0;0;0;0;0;0;1;0;;;;;;;;;;;;;
2023-12-05;terça-feira ;11:53:00;COM VÍTIMA;AREIAS;AVENIDA;AVENIDA RECIFE;;;PROX. AO CARREFOUR;AREIAS;;;COLISÃO LATERAL;0;1;0;0;0;0;0;0;0;1;0;;;;;;;;;;;;;
2023-12-05;terça-feira ;02:05:00;COM VÍTIMA;AREIAS;AVENIDA;AVENIDA RECIFE;;;LADO OPOSTO AO ATACADAO / SENTIDO CAXANGA;AREIAS;;;COLISÃO COM CICLISTA;0;0;0;1;0;1;0;0;0;1;0;;;;;;;;;;;;;
2023-12-05;terça-feira ;03:28:00;COM VÍTIMA;MADALENA;RUA;RUA JOAO IVO DA SILVA;;;EM FRENTE AO POSTO DE GASOLINA PETROVIA / PROX AO MUSEU DA ABOLIÇÃO;MADALENA;;;COLISÃO;0;1;0;0;0;0;0;0;0;1;0;;;;;;;;;;;;;
2023-12-05;terça-feira ;04:19:00;COM VÍTIMA;PINA;AVENIDA;AVENIDA ENGENHEIRO DOMINGOS FERREIRA;;;EM FRENTE AO ARMAZEM BEIRA MAR;PINA;;;COLISÃO;1;1;0;0;0;0;0;0;0;1;0;;;;;;;;;;;;;
2023-12-05;terça-feira ;05:50:00;COM VÍTIMA;MACAXEIRA;AVENIDA;AVENIDA NORTE MIGUEL ARRAES DE ALENCAR;;;PROXIMO AO PARQUE DA MACAXEIRA E A ACADMIA DA CIDADE DO BURITI;MACAXEIRA;;CIDADE;COLISÃO LATERAL;1;1;0;0;0;0;0;0;0;2;0;;;;;;;;;;;;;
2023-12-05;terça-feira ;05:58:00;COM VÍTIMA;APIPUCOS;RUA;RUA DE APIPUCOS;;;EM FRENTE AO PARQUE DE APIPUCOS;APIPUCOS;;;COLISÃO;0;1;0;0;0;0;0;0;0;1;0;;;;;;;;;;;;;
2023-12-05;terça-feira ;06:06:00;COM VÍTIMA;CAMPO GRANDE;AVENIDA;AVENIDA CORREIA DE BRITO;;;PROX AO GIRADOURO DEPOIS DA PRAÇA DE CAMPO GRANDE;CAMPO GRANDE;;;COLISÃO;0;1;0;0;0;0;0;0;0;1;0;;;;;;;;;;;;;
2023-12-05;terça-feira ;06:15:00;COM VÍTIMA;JORDAO;AVENIDA;AVENIDA MARIA IRENE;;;AO LADO POSTO DE GASOLINA JORDÃO / NA RUA DA BIRA POP;JORDAO;;;COLISÃO;1;1;0;0;0;0;0;0;0;1;0;;;;;;;;;;;;;
2023-12-05;terça-feira ;06:45:00;COM VÍTIMA;CORDEIRO;AVENIDA;AVENIDA GENERAL SAN MARTIN;;;EM FRENTE AO MUG SORVETES E PROX AO ARMAZEM  CHEUS CONSTRUÇÕES;CORDEIRO;;;COLISÃO;0;1;0;0;0;0;0;0;0;1;0;;;;;;;;;;;;;
2023-12-05;terça-feira ;06:58:00;COM VÍTIMA;BOA VIAGEM;RUA;RUA PADRE CABRAL;RUA;RUA JOSE DOMINGUES DA SILVA;PROX AO COND. BARCELONA;BOA VIAGEM;;;COLISÃO LATERAL;1;1;0;0;0;0;0;0;0;1;0;;;;;;;;;;;;;
2023-12-05;terça-feira ;08:16:00;COM VÍTIMA;BOA VIAGEM;AVENIDA;AVENIDA CELSO FURTADO (VIA MANGUE);RUA;RUA PROFESSOR EDUARDO WANDERLEY FILHO;ENTRADA DA RUA;BOA VIAGEM;;;COLISÃO;1;1;0;0;0;0;0;0;0;1;0;;;;;;;;;;;;;
2023-12-06;quarta-feira ;07:29:00;SEM VÍTIMA;IPSEP;RUA;RUA BLUMENAU;RUA;RUA ITAIMBE;ESQUINA COM O BOX DA SOPA;IPSEP;;SUBURBIO;COLISÃO TRASEIRA;2;0;0;0;0;0;0;0;0;0;0;;;;;;;;;;;;;
2023-12-06;quarta-feira ;07:40:00;COM VÍTIMA;MADALENA;AVENIDA;AVENIDA JOSE GONCALVES DE MEDEIROS;;;EM FRENTE A PAGUE MENOS;MADALENA;;;COLISÃO;0;2;0;0;0;0;0;0;0;1;0;;;;;;;;;;;;;
2023-12-06;quarta-feira ;11:00:00;COM VÍTIMA;AFOGADOS;RUA;RUA SAO MIGUEL;;;;;;;COLISÃO LATERAL;0;0;0;0;0;0;0;0;0;1;0;;;;;;;;;;;;;
2023-12-06;quarta-feira ;12:51:00;COM VÍTIMA;SANTO AMARO;RUA;RUA TRES DE MAIO;;;E/F A DELEGACIA DA MULHER;SANTO AMARO;;;ENGAVETAMENTO;3;0;0;0;0;0;0;0;0;1;0;;;;;;;;;;;;;
2023-12-06;quarta-feira ;02:08:00;COM VÍTIMA;SAN MARTIN;AVENIDA;AVENIDA ENGENHEIRO ABDIAS DE CARVALHO;;;;SAN MARTIN;;;COLISÃO LATERAL;0;0;0;0;0;0;0;0;0;1;0;;;;;;;;;;;;;
2023-12-06;quarta-feira ;03:25:00;SEM VÍTIMA;SOLEDADE;AVENIDA;AVENIDA JOAO DE BARROS;RUA;RUA DR LEOPOLDO LINS;;SOLEDADE;198;SUBURBIO;COLISÃO LATERAL;1;0;0;0;0;1;0;0;0;0;0;;;;;;;;;;;;;
2023-12-06;quarta-feira ;05:25:00;SEM VÍTIMA;TAMARINEIRA;AVENIDA;AVENIDA CONS ROSA E SILVA;;;EM FRENTE A DROGARIA BONGI;TAMARINEIRA;253;SUBURBIO;COLISÃO LATERAL;1;0;0;0;0;0;0;1;0;0;0;;;;;;;;;;;;;
2023-12-06;quarta-feira ;05:50:00;SEM VÍTIMA;SAO JOSE;AVENIDA;AVENIDA MARTINS DE BARROS;RUA;RUA PRIMEIRO DE MARCO;;SAO JOSE;194;CIDADE;COLISÃO LATERAL;2;0;0;0;0;0;0;0;0;0;0;;;;;;;;;;;;;
2023-12-06;quarta-feira ;06:52:00;COM VÍTIMA;CASA FORTE;AVENIDA;AVENIDA DEZESSETE DE AGOSTO;;;ESQUINA COM HOSPITAL ERMÍRIO DE MORAES;CASA FORTE;;;COLISÃO FRONTAL;1;1;0;0;0;0;0;0;0;1;0;;;;;;;;;;;;;
2023-12-07;quinta-feira ;07:06:00;COM VÍTIMA;MADALENA;RUA;RUA DEMOCRITO DE SOUZA FILHO;;;CRUZAMENTO COM BEIRA RIO, PROX. A PONTE DA CAPUNGA;MADALENA;;;COLISÃO LATERAL;1;1;0;0;0;0;0;0;0;1;0;;;;;;;;;;;;;
2023-12-07;quinta-feira ;07:40:00;COM VÍTIMA;AREIAS;AVENIDA;AVENIDA RECIFE;;;EM FRENTE AO RESIDENCIAL IGNEZ ANDREAZZA;AREIAS;;;COLISÃO LATERAL;0;1;0;0;0;0;0;0;0;1;0;;;;;;;;;;;;;
2023-12-07;quinta-feira ;08:20:00;SEM VÍTIMA;GRACAS;RUA;RUA DAS GRACAS;;;EDIFICIO SOLAR PRINCESA DANIELLE;GRACAS;;CIDADE;COLISÃO TRASEIRA;2;0;0;0;0;0;0;0;0;0;0;;;;;;;;;;;;;
2023-12-07;quinta-feira ;08:43:00;COM VÍTIMA;CASA FORTE;RUA;RUA DA HARMONIA;;;EM FRENTE AO EMAGRECENTER DE CASA FORTE / PROX AO MARTELINHO DE OURO;CASA FORTE;;;COLISÃO;0;1;0;0;0;0;0;0;0;1;0;;;;;;;;;;;;;
2023-12-07;quinta-feira ;09:25:00;COM VÍTIMA;CAMPO GRANDE;RUA;RUA PROFESSOR FRANCISCO DA TRINDADE;;;PROX A PRAÇA DE CAMPO GRANDE;CAMPO GRANDE;;;COLISÃO;0;1;0;0;0;0;0;0;0;1;0;;;;;;;;;;;;;
2023-12-07;quinta-feira ;08:46:00;SEM VÍTIMA;SANTO AMARO;PTE;PTE DO LIMOEIRO;;;;SANTO AMARO;;;COLISÃO;0;0;0;0;0;0;0;0;0;0;0;;;;;;;;;;;;;
2023-12-07;quinta-feira ;11:17:00;COM VÍTIMA;TORROES;AVENIDA;AVENIDA ENGENHEIRO ABDIAS DE CARVALHO;;;EM FRENTE A ASSOCIAÇÃO RECREATIVA DOS CORREIOS;TORROES;;;COLISÃO;0;1;0;0;0;0;0;0;0;1;0;;;;;;;;;;;;;
2023-12-07;quinta-feira ;11:24:00;SEM VÍTIMA;MADALENA;RUA;RUA DOM JOAO DE SOUZA;;;RUA AO LADO DO HOSPITAL D´AVILA;MADALENA;;;COLISÃO LATERAL;1;0;0;0;0;0;0;1;0;0;0;;;;;;;;;;;;;
2023-12-07;quinta-feira ;12:01:00;COM VÍTIMA;DOIS IRMAOS;RUA;RUA MANUEL DE MEDEIROS;;;EM FRENTE A PORTARIA Z DA UFPE;DOIS IRMAOS;;;COLISÃO;0;1;0;0;0;0;0;0;0;1;0;;;;;;;;;;;;;
2023-12-07;quinta-feira ;12:50:00;COM VÍTIMA;BOA VIAGEM;RUA;RUA DOS NAVEGANTES;RUA;RUA CORONEL SERGIO HENRIQUE CARDIM;EM FRENTE AO HOTEL SATOR PALACE DESATIVADO  /  PROX AO PARQUE HOTEL;BOA VIAGEM;;;COLISÃO FRONTAL;0;1;0;0;0;0;0;0;0;1;0;;;;;;;;;;;;;
2023-12-07;quinta-feira ;01:01:00;COM VÍTIMA;CAXANGA;AVENIDA;AVENIDA CAXANGA;;;E/F AO TERMINAL DO RESIDENCIAL CAXANGA  S/T CID;CAXANGA;;;COLISÃO TRASEIRA;1;1;0;0;0;0;0;0;0;1;0;;;;;;;;;;;;;
2023-12-07;quinta-feira ;01:05:00;COM VÍTIMA;ARRUDA;RUA;RUA MADRE ROSA GATTORNO;;;PROX AO ESTADIO DO ARRUDA;ARRUDA;;;ATROPELAMENTO DE PESSOA;1;0;0;0;1;0;0;0;0;1;0;;;;;;;;;;;;;
2023-12-07;quinta-feira ;01:15:00;COM VÍTIMA;BOA VIAGEM;RUA;RUA ARTUR MUNIZ;;;ENTRE O ASSAI E RESTAURANTE ESPETTUS;BOA VIAGEM;;;COLISÃO;0;1;0;0;0;0;0;0;0;1;0;;;;;;;;;;;;;
2023-12-07;quinta-feira ;02:25:00;COM VÍTIMA;IMBIRIBEIRA;RUA;RUA ARQUITETO LUIZ NUNES;;;ESCOLA ANITA GARIBALDI;IMBIRIBEIRA;;;COLISÃO LATERAL;1;1;0;0;0;0;0;0;0;1;0;;;;;;;;;;;;;
2023-12-07;quinta-feira ;02:59:00;COM VÍTIMA;CURADO;RUA;RUA DR GEORGE WILLIAM BUTLER;;;FÁBRICA DA ROCA;CURADO;;;COLISÃO LATERAL;1;1;0;0;0;0;0;0;0;1;0;;;;;;;;;;;;;
2023-12-07;quinta-feira ;03:15:00;COM VÍTIMA;BOA VISTA;AVENIDA;AVENIDA MONTEVIDEU;;;EMPRESARIAL DES PEDRO MARTILIANO LINS, PROX CASO DE APOIO GRAVATA;BOA VISTA;;;COLISÃO;0;1;0;0;0;0;0;0;0;1;0;;;;;;;;;;;;;
2023-12-07;quinta-feira ;03:28:00;SEM VÍTIMA;SAO JOSE;RUA;RUA CORACAO DE MARIA;;;NA FRENTE DO 16 BATALHÃO;SAO JOSE;;;COLISÃO TRASEIRA;1;0;0;0;0;0;0;1;0;0;0;;;;;;;;;;;;;
2023-12-07;quinta-feira ;03:29:00;COM VÍTIMA;AFOGADOS;RUA;RUA SAO MIGUEL;;;BANCO DO BRASIL;AFOGADOS;;;COLISÃO FRONTAL;1;1;0;0;0;0;0;0;0;1;0;;;;;;;;;;;;;
2023-12-07;quinta-feira ;03:48:00;COM VÍTIMA;VARZEA;RUA;RUA DR GEORGE WILLIAM BUTLER;;;PROX DA FABRICA DE CERAMICAS ROCA PROX DA KIBON SETIDO CURADO;VARZEA;;;COLISÃO;0;1;0;0;0;0;0;0;0;1;0;;;;;;;;;;;;;
2023-12-07;quinta-feira ;04:07:00;COM VÍTIMA;IPUTINGA;AVENIDA;AVENIDA MAURICIO DE NASSAU;;;APÓS O GOE PX A EXPOSIÇÃO DE ANIMAIS;IPUTINGA;;;COLISÃO;0;1;0;0;0;0;0;0;0;1;0;;;;;;;;;;;;;
2023-12-07;quinta-feira ;05:47:00;SEM VÍTIMA;CAXANGA;AVENIDA;AVENIDA CAXANGA;;;SOB O ELEVADO DA CAXANGA;CAXANGA;;;ENGAVETAMENTO;6;0;0;0;0;0;0;0;0;0;0;;;;;;;;;;;;;
2023-12-07;quinta-feira ;05:58:00;COM VÍTIMA;PRADO;AVENIDA;AVENIDA ENGENHEIRO ABDIAS DE CARVALHO;;;EM FRENTE AO HABIB;PRADO;;;;0;0;0;0;0;0;0;0;0;1;0;;;;;;;;;;;;;
2023-12-08;sexta-feira ;03:11:00;COM VÍTIMA;AFOGADOS;RUA;RUA SAO MIGUEL;;;QUASE EM FRENTE AO DEPATRI;AFOGADOS;;;COLISÃO;0;1;0;0;0;1;0;0;0;1;0;;;;;;;;;;;;;