data;dia_semana;hora;natureza;bairro;logradouro_endereco;endereco;logradouro_detalhe_endereço;detalhe_endereco_acidente;complemento;bairro_cruzamento;num_semaforo;sentido_via;tipo;auto;moto;ciclom;ciclista;pedestre;onibus;caminhao;viatura;outros;vitimas;vitimasfatais;acidente_verificado;tempo_clima;situacao_semaforo;sinalizacao;condicao_via;conservacao_via;ponto_controle;situacao_placa;velocidade_max_via;mao_direcao;divisao_via1;divisao_via2;divisao_via3
2023-12-08;sexta-feira ;09:21:00;COM VÍTIMA;TORRE;RUA;RUA JOSE BONIFACIO;;;PROX AO SALÃO DE CABELELEIRO DE EDSON E O HORT FRUIT;TORRE;;;COLISÃO;0;1;0;0;0;0;0;0;0;1;0;;;;;;;;;;;;;
2023-12-08;sexta-feira ;11:12:00;SEM VÍTIMA;BOA VISTA;RUA;RUA ROSARIO DA BOA VISTA;AVENIDA;AVENIDA MANOEL BORBA;PROX A PRÇA MACIEL PINHEIROS;BOA VISTA;;;COLISÃO;0;0;0;0;0;0;0;1;1;0;0;;;;;;;;;;;;;
2023-12-08;sexta-feira ;11:38:00;SEM VÍTIMA;ALTO SANTA TERESINHA;RUA;RUA ALTO BRASIL;;;;ALTO SANTA TERESINHA;;;COLISÃO;0;1;0;0;0;0;0;1;0;0;0;;;;;;;;;;;;;
2023-12-08;sexta-feira ;11:57:00;COM VÍTIMA;IBURA;AVENIDA;AVENIDA PERNAMBUCO;;;PROX A PRAÇA DOS TAXISTAS  E NOVO COMPAZ EM CONSTRUÇÃO;IBURA;;;COLISÃO;0;1;0;0;0;0;0;0;0;1;0;;;;;;;;;;;;;
2023-12-08;sexta-feira ;12:08:00;COM VÍTIMA;TAMARINEIRA;AVENIDA;AVENIDA CONS ROSA E SILVA;;;EM FRENTE AO ULISSES PERNAMBUCANO;TAMARINEIRA;;;COLISÃO;0;1;0;0;0;0;0;0;0;1;0;;;;;;;;;;;;;
2023-12-08;sexta-feira ;12:18:00;COM VÍTIMA;CAMPO GRANDE;EST;EST DE BELEM;;;EM FRENTE AO POSTO DE GASOLINA MULTI POSTO / EM FRENTE A FARMACIA DO TRABALHADOR;CAMPO GRANDE;;;COLISÃO FRONTAL;1;1;0;0;0;0;0;0;0;1;0;;;;;;;;;;;;;
2023-12-08;sexta-feira ;12:58:00;SEM VÍTIMA;BOA VIAGEM;AVENIDA;AVENIDA DOM JOAO VI;;;EM FRENTE AO COLEGIO GGE;BOA VIAGEM;;;COLISÃO LATERAL;1;1;0;0;0;0;0;0;0;0;0;;;;;;;;;;;;;
2023-12-08;sexta-feira ;01:19:00;COM VÍTIMA;ALTO SANTA TERESINHA;RUA;RUA LADEIRA DE PEDRA;;;ESCOLA DEUS É AMOR;ALTO SANTA TERESINHA;;;COLISÃO COM CICLISTA;0;1;0;1;0;0;0;0;0;2;0;;;;;;;;;;;;;
2023-12-08;sexta-feira ;10:13:00;COM VÍTIMA;CAMPO GRANDE;EST;EST DE BELEM;RUA;RUA ODORICO MENDES;COLEGIO JESUS CRUSIFICADO;CAMPO GRANDE;;;COLISÃO TRANSVERSAL;0;1;0;0;0;0;0;0;0;1;0;;;;;;;;;;;;;
2023-12-09;sábado ;05:24:00;SEM VÍTIMA;MADALENA;RUA;RUA BENFICA;;;COM A PRAÇA EUCLIDES DA CUNHA;MADALENA;;;COLISÃO;2;0;0;0;0;0;0;0;0;0;0;;;;;;;;;;;;;
2023-12-09;sábado ;09:00:00;COM VÍTIMA;SANTO AMARO;RUA;RUA DO POMBAL;;;EM FRENTE AO IML;SANTO AMARO;;;COLISÃO;0;1;0;0;0;0;0;0;0;1;0;;;;;;;;;;;;;
2023-12-09;sábado ;09:22:00;COM VÍTIMA;AREIAS;AVENIDA;AVENIDA RECIFE;AVENIDA;AVENIDA JOAO CABRAL DE MELO NETO;SENTIDO AEROPORTO;AREIAS;;;COLISÃO TRASEIRA;1;1;0;0;0;0;0;0;0;1;0;;;;;;;;;;;;;
2023-12-09;sábado ;09:35:00;COM VÍTIMA;ENCRUZILHADA;AVENIDA;AVENIDA BEBERIBE;;;EM FRENTE A CASA DO CONSTRUTOR;ENCRUZILHADA;;;COLISÃO;0;2;0;0;0;0;0;0;0;1;0;;;;;;;;;;;;;
2023-12-09;sábado ;12:54:00;COM VÍTIMA;PARNAMIRIM;AVENIDA;AVENIDA CONS ROSA E SILVA;;;E/F CLUBE PORTUGUES;PARNAMIRIM;;;QUEDA;0;1;0;0;0;0;0;0;0;1;0;;;;;;;;;;;;;
2023-12-09;sábado ;01:50:00;SEM VÍTIMA;BOA VIAGEM;RUA;RUA CORONEL ANIZIO RODRIGUES COELHO;;;PROX A RESTAURANTE SEU ANIZIO;BOA VIAGEM;;;COLISÃO TRASEIRA;2;0;0;0;0;0;0;0;0;0;0;;;;;;;;;;;;;
2023-12-09;sábado ;05:34:00;COM VÍTIMA;AFOGADOS;RUA;RUA VINTE E UM DE ABRIL;;;PROX A MASTER BOI  NO SEMAFORO 334;AFOGADOS;;;COLISÃO LATERAL;1;1;0;0;0;0;0;0;0;1;0;;;;;;;;;;;;;
2023-12-09;sábado ;05:38:00;COM VÍTIMA;TAMARINEIRA;EST;EST VELHA DE AGUA FRIA;;;E/F AO DENOCS;TAMARINEIRA;;;COLISÃO LATERAL;1;1;0;0;0;0;0;0;0;1;0;;;;;;;;;;;;;
2023-12-09;sábado ;09:04:00;COM VÍTIMA;ARRUDA;RUA;RUA DESENHISTA EULINO SANTOS;;;AO LADO DA PRC NOVA;ARRUDA;;;ATROPELAMENTO DE PESSOA;0;0;0;0;1;0;0;0;0;1;0;;;;;;;;;;;;;
2023-12-09;sábado ;11:12:00;SEM VÍTIMA;CASA AMARELA;AVENIDA;AVENIDA NORTE MIGUEL ARRAES DE ALENCAR;RUA;RUA DA HARMONIA;FARMÁCIA PAGUE MENOS;CASA AMARELA;;CIDADE;COLISÃO;2;1;0;0;0;0;0;0;0;0;0;;;;;;;;;;;;;
2023-12-10;domingo ;12:33:00;COM VÍTIMA;BOA VIAGEM;AVENIDA;AVENIDA BOA VIAGEM;;;APÓS A PRAÇA DE BOA VIAGEM;BOA VIAGEM;;;CAPOTAMENTO;1;0;0;0;0;0;0;0;0;1;0;;;;;;;;;;;;;
2023-12-10;domingo ;11:11:00;COM VÍTIMA;IBURA;AVENIDA;AVENIDA DOZE DE JUNHO;;;PROX. AO CAIC UR 03;IBURA;;;COLISÃO LATERAL;0;1;0;0;0;0;0;0;0;1;0;;;;;;;;;;;;;
2023-12-10;domingo ;02:08:00;COM VÍTIMA;AGUA FRIA;RUA;RUA SAO BENTO;;;RESIDENCIAL SÃO BENTO;AGUA FRIA;;;COLISÃO TRASEIRA;1;1;0;0;0;0;0;0;0;1;0;;;;;;;;;;;;;
2023-12-10;domingo ;02:11:00;COM VÍTIMA;SAN MARTIN;RUA;RUA VINTE E UM DE ABRIL;;;PROXIMO AO COLEGIO ANTONIO FARIAS E AO COLEGIO POTIGUAR;SAN MARTIN;;;COLISÃO;0;1;0;0;0;0;0;0;0;1;0;;;;;;;;;;;;;
2023-12-10;domingo ;02:40:00;COM VÍTIMA;BOA VIAGEM;RUA;RUA DOS NAVEGANTES;;;AO LADO DO RESTAURANTE GIRO PRAIA E PROXIMO A ACERTE UNIFORMES;BOA VIAGEM;;;COLISÃO;0;1;0;0;0;0;0;0;0;1;0;;;;;;;;;;;;;
2023-12-10;domingo ;07:06:00;COM VÍTIMA;CAMPO GRANDE;RUA;RUA MARECHAL DEODORO;;;EM FRENTE A ESCOLA DOM CARLOS COELHO;CAMPO GRANDE;;;COLISÃO TRANSVERSAL;0;1;0;0;0;0;0;0;0;1;0;;;;;;;;;;;;;
2023-12-10;domingo ;07:23:00;COM VÍTIMA;MORRO DA CONCEICAO;AVENIDA;AVENIDA NORTE MIGUEL ARRAES DE ALENCAR;;;PROXIMO A FARMACIA BOM JESUS;MORRO DA CONCEICAO;;;COLISÃO TRANSVERSAL;0;1;0;0;0;0;0;0;0;1;0;;;;;;;;;;;;;
2023-12-10;domingo ;07:55:00;COM VÍTIMA;SAN MARTIN;AVENIDA;AVENIDA JOAO CABRAL DE MELO NETO;;;DEPOIS DA ESCOLA ADVENTISTA, SENTIDO A AV RECIFE;SAN MARTIN;;;COLISÃO LATERAL;1;1;0;0;0;0;0;0;0;1;0;;;;;;;;;;;;;
2023-12-11;segunda-feira ;04:32:00;SEM VÍTIMA;AREIAS;AVENIDA;AVENIDA ESTANCIA;;;E/F A CASA DE FESTAS OXENTE KIDS;AREIAS;;;COLISÃO TRASEIRA;0;1;0;0;0;0;0;1;0;0;0;;;;;;;;;;;;;
2023-12-11;segunda-feira ;04:39:00;SEM VÍTIMA;AFOGADOS;RUA;RUA SAO MIGUEL;;;E/F AO BANCO DO BRASIL;AFOGADOS;;;COLISÃO LATERAL;1;0;0;0;0;0;0;1;0;0;0;;;;;;;;;;;;;
2023-12-11;segunda-feira ;06:56:00;COM VÍTIMA;MACAXEIRA;AVENIDA;AVENIDA NORTE MIGUEL ARRAES DE ALENCAR;;;EM FRENTE  A ACADEMIA DA CIDADE, PROXIMO AO PARQUE DA MACAXEIRA;MACAXEIRA;;CIDADE;COLISÃO COM CICLISTA;0;1;0;1;0;0;0;0;0;1;0;;;;;;;;;;;;;
2023-12-11;segunda-feira ;07:31:00;COM VÍTIMA;AFOGADOS;RUA;RUA COSME VIANA;;;EM FRENTE A TUPAN EST. DOS REMEDIOS;AFOGADOS;;;COLISÃO LATERAL;0;1;0;0;0;0;0;0;0;1;0;;;;;;;;;;;;;
2023-12-11;segunda-feira ;08:18:00;COM VÍTIMA;CORDEIRO;AVENIDA;AVENIDA CAXANGA;;;EM FRENTE A EXPOSIÇÃO DE ANIMAIS;CORDEIRO;;;COLISÃO LATERAL;0;1;0;0;0;0;0;0;0;1;0;;;;;;;;;;;;;
2023-12-11;segunda-feira ;08:50:00;COM VÍTIMA;AFOGADOS;RUA;RUA JACIRA;;;EM FRENTE AO DISTRISTO 5 PROX A POLICLINICA DE AFOGADOS;AFOGADOS;;;COLISÃO;0;1;0;0;0;0;0;0;0;1;0;;;;;;;;;;;;;
2023-12-11;segunda-feira ;10:16:00;COM VÍTIMA;MACAXEIRA;AVENIDA;AVENIDA NORTE MIGUEL ARRAES DE ALENCAR;;;SENT.  INTEGRAÇÃO EM FRENTE AO PARQUE DA MACAXEIRA;MACAXEIRA;;;COLISÃO TRASEIRA;1;0;0;0;0;1;0;0;0;2;0;;;;;;;;;;;;;
2023-12-11;segunda-feira ;11:57:00;COM VÍTIMA;SANTO AMARO;AVENIDA;AVENIDA CRUZ CABUGA;;;PROX AO PARQUE TREZE DE MAIO E COLEGIO JOÃO BARBALHO;SANTO AMARO;;;COLISÃO;0;1;0;0;0;0;0;0;0;1;0;;;;;;;;;;;;;
2023-12-11;segunda-feira ;12:44:00;COM VÍTIMA;ESPINHEIRO;AVENIDA;AVENIDA GOVERNADOR AGAMENON MAGALHAES;;;PROX AO MINISTERIO DO TRABALHO E PROX A UPE;ESPINHEIRO;;;COLISÃO;1;0;0;0;0;0;0;0;0;1;0;;;;;;;;;;;;;
2023-12-11;segunda-feira ;12:50:00;SEM VÍTIMA;SANTO AMARO;RUA;RUA ARNOBIO MARQUES;;;EM FRENTE AO INSTITUDO DO FIGADO DE PERNAMBUCO;SANTO AMARO;;;COLISÃO TRASEIRA;2;0;0;0;0;0;0;0;0;0;0;;;;;;;;;;;;;
2023-12-11;segunda-feira ;01:55:00;COM VÍTIMA;BOA VIAGEM;AVENIDA;AVENIDA BOA VIAGEM;;;E/F AO BAR ENTRE AMIGOS;BOA VIAGEM;;;COLISÃO LATERAL;1;2;0;0;0;0;0;0;0;1;0;;;;;;;;;;;;;
2023-12-11;segunda-feira ;02:36:00;COM VÍTIMA;TORRE;RUA;RUA JOSE BONIFACIO;;;DENTRO DO CARREFOUR  NO  ESTACIONAMENTO DO TERREO;TORRE;;;COLISÃO LATERAL;1;1;0;0;0;0;0;0;0;1;0;;;;;;;;;;;;;
2023-12-11;segunda-feira ;02:45:00;COM VÍTIMA;TORROES;RUA;RUA DR MIGUEL VIEIRA FERREIRA;;;E/F AO EDIFICIO OCEANO // TORRE BRASA DO CORDEIRO;TORROES;;;COLISÃO;0;1;0;0;0;0;0;0;0;1;0;;;;;;;;;;;;;
2023-12-11;segunda-feira ;04:37:00;SEM VÍTIMA;SANTO AMARO;AVENIDA;AVENIDA NORTE MIGUEL ARRAES DE ALENCAR;;;E/F AO QUARTEL AO LADO DO CEMITERIO DOS INGLESES;SANTO AMARO;;;COLISÃO LATERAL;2;0;0;0;0;0;0;0;0;0;0;;;;;;;;;;;;;
2023-12-11;segunda-feira ;04:47:00;SEM VÍTIMA;IMBIRIBEIRA;AVENIDA;AVENIDA MARECHAL MASCARENHAS DE MORAES;;;E/F AO ATACADO DOS PRESENTES SENTIDO AEROPORTO;IMBIRIBEIRA;;;COLISÃO TRASEIRA;1;0;0;0;0;0;0;1;0;0;0;;;;;;;;;;;;;
2023-12-11;segunda-feira ;06:10:00;COM VÍTIMA;PRADO;RUA;RUA MANOEL DE ARRUDA CAMARA;;;ANTIGO CAVALO DOURADO;PRADO;;;ATROPELAMENTO DE PESSOA;0;0;0;0;1;1;0;0;0;1;0;;;;;;;;;;;;;
2023-12-11;segunda-feira ;06:22:00;COM VÍTIMA;MONTEIRO;RUA;RUA DE APIPUCOS;;;EDF. PORTA D'AGUA;MONTEIRO;;;COLISÃO LATERAL;1;1;0;0;0;0;0;0;0;1;0;;;;;;;;;;;;;
2023-12-11;segunda-feira ;06:22:00;COM VÍTIMA;IMBIRIBEIRA;RUA;RUA SARGENTO SILVINO DE MACEDO;;;AO LADO DA ANATEL // IGRAJA CATEDRAL DA CONCILIAÇÃO;IMBIRIBEIRA;;;COLISÃO;0;1;0;0;0;0;0;0;0;1;0;;;;;;;;;;;;;
2023-12-11;segunda-feira ;07:45:00;COM VÍTIMA;CAXANGA;AVENIDA;AVENIDA CAXANGA;;;QUASE EM FRENTE AO GOLF CLUB NO SENTIDO SUBÚRBIO;CAXANGA;;;COLISÃO;1;1;0;0;0;0;0;0;0;1;0;;;;;;;;;;;;;
2023-12-12;terça-feira ;06:52:00;SEM VÍTIMA;VARZEA;AVENIDA;AVENIDA CAXANGA;;;PRÓXIMO A UPA DA CAXANGÁ;VARZEA;;SUBURBIO;ENGAVETAMENTO;3;0;0;0;0;0;0;0;0;0;0;;;;;;;;;;;;;
2023-12-12;terça-feira ;07:02:00;COM VÍTIMA;TORRE;RUA;RUA REAL DA TORRE;;;EM FRENTE AO POSTO SHELL, POR TRAS DO ATACDO DOS PRESENTES;TORRE;;;COLISÃO LATERAL;1;1;0;0;0;0;0;0;0;1;0;;;;;;;;;;;;;
2023-12-12;terça-feira ;08:37:00;SEM VÍTIMA;GRACAS;AVENIDA;AVENIDA RUI BARBOSA;;;SOB O SEMÁFORO 037;GRACAS;;CIDADE;COLISÃO LATERAL;0;0;0;0;0;1;0;1;0;0;0;;;;;;;;;;;;;
2023-12-12;terça-feira ;08:58:00;COM VÍTIMA;ESPINHEIRO;AVENIDA;AVENIDA JOAO DE BARROS;;;NO VIADUTO JOAO DE BARROS;ESPINHEIRO;;;COLISÃO LATERAL;0;2;0;0;0;0;0;0;0;1;0;;;;;;;;;;;;;
2023-12-12;terça-feira ;09:16:00;COM VÍTIMA;IMBIRIBEIRA;AVENIDA;AVENIDA MARECHAL MASCARENHAS DE MORAES;;;EM FRENTE A CONCESSIONARIA TOTALINE SENTIDO AFOGADOS/ PROX A FACULDADE UNIVERSO;IMBIRIBEIRA;;;COLISÃO;0;1;0;0;0;0;0;0;0;1;0;;;;;;;;;;;;;
2023-12-12;terça-feira ;09:35:00;COM VÍTIMA;MACAXEIRA;RUA;RUA SUBIDA DO PLATO;;;PROX AO PONTO DE RETORNO DO ONIBUS ALTO DO BURITI;MACAXEIRA;;;COLISÃO FRONTAL;0;1;0;0;0;1;0;0;0;1;0;;;;;;;;;;;;;
2023-12-12;terça-feira ;10:21:00;COM VÍTIMA;BREJO DE BEBERIBE;AVENIDA;AVENIDA VEREADOR OTACILIO AZEVEDO;;;EM FRENTE AO TERMINAL DE ONIBUS NA LINHA BREJO;BREJO DE BEBERIBE;;;COLISÃO;0;1;0;0;0;1;0;0;0;1;0;;;;;;;;;;;;;
2023-12-12;terça-feira ;01:20:00;COM VÍTIMA;BOA VIAGEM;RUA;RUA AYRTON SENNA;;;PROXIMO AO COLEGIO ESPECIAL // AO LADO DO HOSPITAL DA AERONAUTICA;BOA VIAGEM;;;COLISÃO;0;1;0;0;0;0;0;0;0;1;0;;;;;;;;;;;;;
2023-12-12;terça-feira ;01:40:00;COM VÍTIMA;JORDAO;RUA;RUA DR ALVARO FERRAZ;;;PROXIMO A CRECHE DE LEDA / E O TERMINAL DE ONIBUS DO JORDAO;JORDAO;;;COLISÃO;0;1;0;0;0;0;0;0;0;1;0;;;;;;;;;;;;;
2023-12-12;terça-feira ;01:45:00;COM VÍTIMA;JARDIM SAO PAULO;AVENIDA;AVENIDA LIBERDADE;;;PROXIMO A CASA LOTERICA TRES TORRES DA LIBERDADE;JARDIM SAO PAULO;;;COLISÃO;0;1;0;0;0;0;0;0;0;1;0;;;;;;;;;;;;;
2023-12-12;terça-feira ;02:29:00;COM VÍTIMA;AREIAS;AVENIDA;AVENIDA CENTRAL;;;AO LADO DA ESTAÇÃO WERNECK;AREIAS;;;COLISÃO;0;1;0;0;0;0;0;0;0;1;0;;;;;;;;;;;;;
2023-12-12;terça-feira ;03:51:00;COM VÍTIMA;IBURA;RUA;RUA DOIS RIOS;;;SOB VIADUTO BR 101;IBURA;;;COLISÃO LATERAL;1;1;0;0;0;0;0;0;0;1;0;;;;;;;;;;;;;
2023-12-12;terça-feira ;05:12:00;COM VÍTIMA;IPUTINGA;RUA;RUA AMBROSIO MACHADO;AVENIDA;AVENIDA MARIO ALVARES PEREIRA DE LYRA;NO SEMAFORO 134;IPUTINGA;;;COLISÃO LATERAL;1;1;0;0;0;0;0;0;0;1;0;;;;;;;;;;;;;
2023-12-12;terça-feira ;05:20:00;COM VÍTIMA;TORRE;RUA;RUA NETO CAMPELO;;;E/F AO EDIFICIO LAURA CAUA // POR TRAZ  DA PADARIA ARMADA;TORRE;;;COLISÃO;0;1;0;0;0;0;0;0;0;1;0;;;;;;;;;;;;;
2023-12-12;terça-feira ;05:40:00;COM VÍTIMA;JIQUIA;AVENIDA;AVENIDA RECIFE;AVENIDA;AVENIDA JOAO CABRAL DE MELO NETO;;JIQUIA;;;COLISÃO TRANSVERSAL;1;1;0;0;0;0;0;0;0;1;0;;;;;;;;;;;;;
2023-12-12;terça-feira ;10:10:00;COM VÍTIMA;VARZEA;RUA;RUA JOAO CARNEIRO DA CUNHA;;;;VARZEA;;;COLISÃO FRONTAL;1;1;0;0;0;0;0;0;0;1;0;;;;;;;;;;;;;
2023-12-13;quarta-feira ;07:18:00;COM VÍTIMA;BOA VIAGEM;RUA;RUA SA E SOUZA;RUA;RUA GENERAL SALGADO;PROX. A FARMACIA DROGASIL;BOA VIAGEM;;;COLISÃO LATERAL;0;1;0;0;0;0;0;0;0;1;0;;;;;;;;;;;;;
2023-12-13;quarta-feira ;07:24:00;COM VÍTIMA;TOTO;RUA;RUA ONZE DE AGOSTO;;;PROX. AO POSTO DE SAUDE BIDU KRAUSE E COLEGIO MONSENHOR ALVARO NEGROMONTE;TOTO;;;COLISÃO LATERAL;0;1;0;0;0;0;0;0;0;1;0;;;;;;;;;;;;;
2023-12-13;quarta-feira ;07:43:00;COM VÍTIMA;IPSEP;AVENIDA;AVENIDA RECIFE;;;PROX AO NUCLEO / PROX A CASA DA BATERIA;IPSEP;;;COLISÃO;0;1;0;0;0;0;0;0;0;1;0;;;;;;;;;;;;;
2023-12-13;quarta-feira ;07:58:00;COM VÍTIMA;MUSTARDINHA;AVENIDA;AVENIDA MANOEL GONCALVES DA LUZ;;;EM FRENTE A PRAÇA DO ABC;MUSTARDINHA;;;COLISÃO;0;1;0;0;0;1;0;0;0;1;0;;;;;;;;;;;;;
2023-12-13;quarta-feira ;09:11:00;COM VÍTIMA;AFOGADOS;RUA;RUA SAO MIGUEL;;;EM FRENTE AO CARTORIO;AFOGADOS;;;COLISÃO LATERAL;1;0;0;0;0;1;0;0;0;1;0;;;;;;;;;;;;;
2023-12-13;quarta-feira ;09:13:00;COM VÍTIMA;MADALENA;TUNEL;TUNEL DA ABOLICAO;;;;MADALENA;;;COLISÃO;0;0;0;0;0;0;0;0;0;1;0;;;;;;;;;;;;;
2023-12-13;quarta-feira ;09:26:00;COM VÍTIMA;GUABIRABA;AVENIDA;AVENIDA DA RECUPERACAO;;;TERMINAL DE ONIBUS DO CORRÉGO DO GENIPAPO;GUABIRABA;;;COLISÃO;0;0;0;0;0;0;0;0;0;1;0;;;;;;;;;;;;;
2023-12-13;quarta-feira ;10:08:00;COM VÍTIMA;FUNDAO;RUA;RUA VALENTINS;;;RUA DA CBS AUTO PEÇAS;FUNDAO;;;ATROPELAMENTO DE PESSOA;1;0;0;0;1;0;0;0;0;1;0;;;;;;;;;;;;;
2023-12-13;quarta-feira ;10:10:00;COM VÍTIMA;CAXANGA;AVENIDA;AVENIDA JOAQUIM RIBEIRO;;;PROX. AO POSTO DE GASOLINA DISLUB E SUPERMERCADO TEM;CAXANGA;;;COLISÃO LATERAL;0;1;0;0;0;0;0;0;0;1;0;;;;;;;;;;;;;
2023-12-13;quarta-feira ;11:22:00;COM VÍTIMA;BOA VIAGEM;AVENIDA;AVENIDA MARECHAL JUAREZ TAVORA;;;PROX. A DD DISTRIBUIÇÃO;BOA VIAGEM;;;COLISÃO LATERAL;0;1;0;0;0;0;0;0;0;1;0;;;;;;;;;;;;;
2023-12-13;quarta-feira ;12:01:00;COM VÍTIMA;CASA FORTE;RUA;RUA EDSON ALVARES;;;PROX AO HOSPITAL HAP VIDA / PROX A PRAÇA DE CASA FORTE;CASA FORTE;;;COLISÃO;0;1;0;0;0;0;0;0;0;1;0;;;;;;;;;;;;;
2023-12-13;quarta-feira ;12:39:00;COM VÍTIMA;BOA VIAGEM;RUA;RUA RIBEIRO DE BRITO;RUA;RUA DR JOAO GUILHERME DE P SOBRINHO;EM FRENTE AO EMPRESARIAL RIBEIRO DE BRITO;BOA VIAGEM;;;COLISÃO LATERAL;1;1;0;0;0;0;0;0;0;1;0;;;;;;;;;;;;;
2023-12-13;quarta-feira ;12:52:00;COM VÍTIMA;TAMARINEIRA;EST;EST DO ARRAIAL;;;EM FRENTE AO EDIFICIO PARAISO DO ARRAIAL E PROXIMO AO COLEGIO REINO MAGICO;TAMARINEIRA;;;COLISÃO LATERAL;1;1;0;0;0;0;0;0;0;1;0;;;;;;;;;;;;;
2023-12-13;quarta-feira ;01:36:00;COM VÍTIMA;BAIRRO DO RECIFE;CAIS;CAIS DO APOLO;;;TRIBUNAL REGIONAL FEDERAL;BAIRRO DO RECIFE;;;COLISÃO TRASEIRA;1;1;0;0;0;0;0;0;0;1;0;;;;;;;;;;;;;
2023-12-13;quarta-feira ;02:03:00;COM VÍTIMA;SAN MARTIN;RUA;RUA GOMES TABORDA;;;FICA NO CRUZAMENTO DA GENERAL SAN MARTINS / E PROX A FARMACIA PAGUE MENOS;SAN MARTIN;67;;COLISÃO FRONTAL;1;1;0;0;0;0;0;0;0;1;0;;;;;;;;;;;;;
2023-12-13;quarta-feira ;04:44:00;COM VÍTIMA;GRACAS;AVENIDA;AVENIDA DR MALAQUIAS;;;EM FRENTE A ASSOCIAÇÃO ATLETICA DO BANCO DO BRASIL;GRACAS;;;COLISÃO;0;1;0;0;0;0;0;0;0;1;0;;;;;;;;;;;;;
2023-12-13;quarta-feira ;05:17:00;COM VÍTIMA;CAMPO GRANDE;RUA;RUA JERONIMO VILELA;;;PROXIMO SOCIETY DO VITAL;CAMPO GRANDE;;;COLISÃO LATERAL;0;2;0;0;0;0;0;0;0;2;0;;;;;;;;;;;;;
2023-12-13;quarta-feira ;05:11:00;SEM VÍTIMA;TORROES;AVENIDA;AVENIDA ENGENHEIRO ABDIAS DE CARVALHO;;;DLP;TORROES;;;COLISÃO LATERAL;0;1;0;0;0;0;0;1;0;0;0;;;;;;;;;;;;;
2023-12-13;quarta-feira ;05:28:00;COM VÍTIMA;SOLEDADE;RUA;RUA DAS NINFAS;;;NA RUA DO VEM GRANDE RECIFE;SOLEDADE;;;COLISÃO;0;1;0;0;0;0;0;0;0;1;0;;;;;;;;;;;;;
2023-12-13;quarta-feira ;06:24:00;COM VÍTIMA;AFOGADOS;AVENIDA;AVENIDA SUL;;;SOB O SEMÁFORO 320;AFOGADOS;320;;COLISÃO FRONTAL;0;1;0;1;0;0;0;0;0;1;0;;;;;;;;;;;;;
2023-12-13;quarta-feira ;08:37:00;SEM VÍTIMA;AFOGADOS;RUA;RUA VISCONDE DE PELOTAS;RUA;RUA VINTE E UM DE ABRIL;;AFOGADOS;334;SUBURBIO;COLISÃO;1;1;0;0;0;0;0;0;0;0;0;;;;;;;;;;;;;
2023-12-14;quinta-feira ;01:07:00;SEM VÍTIMA;IMBIRIBEIRA;AVENIDA;AVENIDA MARECHAL MASCARENHAS DE MORAES;RUA;RUA ITACARI;BANCO ITAÚ;IMBIRIBEIRA;225;SUBURBIO;COLISÃO LATERAL;0;1;0;0;0;0;0;1;0;0;0;;;;;;;;;;;;;
2023-12-14;quinta-feira ;01:28:00;COM VÍTIMA;AFOGADOS;EST;EST DOS REMEDIOS;RUA;RUA NICOLAU PEREIRA;;AFOGADOS;;;ATROPELAMENTO DE PESSOA;1;0;0;0;1;0;0;0;0;1;0;;;;;;;;;;;;;
2023-12-14;quinta-feira ;06:42:00;COM VÍTIMA;BONGI;EST;EST DO BONGI;;;EM FRENTE A NEO ENERGIA DO BONGI, PROX. A IGREJA ASSEMBLEIA DE DEUS;BONGI;;;COLISÃO LATERAL;0;1;0;0;0;0;0;0;0;1;0;;;;;;;;;;;;;
2023-12-14;quinta-feira ;06:56:00;COM VÍTIMA;SANTO AMARO;AVENIDA;AVENIDA CRUZ CABUGA;;;EM FRENTE AO HOSPITAL DO CÂNCER;SANTO AMARO;;;COLISÃO LATERAL;1;1;0;0;0;0;0;0;0;1;0;;;;;;;;;;;;;
2023-12-14;quinta-feira ;07:00:00;COM VÍTIMA;BONGI;RUA;RUA ISAAC MARKMAN;;;EM FRENTE A NEO ENERGIA;BONGI;;;COLISÃO LATERAL;0;1;0;0;0;0;0;0;0;1;0;;;;;;;;;;;;;
2023-12-14;quinta-feira ;08:09:00;COM VÍTIMA;IPUTINGA;AVENIDA;AVENIDA CAXANGA;;;LADO OPOSTO AO GOLFE CLUBE;IPUTINGA;;;COLISÃO;1;1;0;0;0;0;0;0;0;1;0;;;;;;;;;;;;;
2023-12-14;quinta-feira ;08:24:00;COM VÍTIMA;PINA;RUA;RUA FRANCISCO VALPASSOS;;;PRAÇA ABELARDO BALTAR;PINA;;;COLISÃO;1;1;0;0;0;0;0;0;0;1;0;;;;;;;;;;;;;