data;dia_semana;hora;natureza;bairro;logradouro_endereco;endereco;logradouro_detalhe_endereço;detalhe_endereco_acidente;complemento;bairro_cruzamento;num_semaforo;sentido_via;tipo;auto;moto;ciclom;ciclista;pedestre;onibus;caminhao;viatura;outros;vitimas;vitimasfatais;acidente_verificado;tempo_clima;situacao_semaforo;sinalizacao;condicao_via;conservacao_via;ponto_controle;situacao_placa;velocidade_max_via;mao_direcao;divisao_via1;divisao_via2;divisao_via3
2023-12-14;quinta-feira ;09:00:00;SEM VÍTIMA;BOA VIAGEM;AVENIDA;AVENIDA BOA VIAGEM;;;NAS PROXIMIDADES AO PARQUE DONA LINDU;BOA VIAGEM;;;COLISÃO;0;0;0;0;0;0;0;0;0;0;0;;;;;;;;;;;;;
2023-12-14;quinta-feira ;10:19:00;COM VÍTIMA;IPUTINGA;EST;EST DO BARBALHO;;;PROX. AO MIX MATHEUS E CEFOC;IPUTINGA;;;COLISÃO LATERAL;0;1;0;0;0;0;0;0;0;1;0;;;;;;;;;;;;;
2023-12-14;quinta-feira ;11:29:00;COM VÍTIMA;JORDAO;TUNEL;TUNEL FELIPE CAMARAO;;;TUNEL FELIPE CAMARÃO;JORDAO;;;COLISÃO;0;1;0;0;0;0;0;0;0;1;0;;;;;;;;;;;;;
2023-12-14;quinta-feira ;02:06:00;COM VÍTIMA;AFOGADOS;RUA;RUA CINCO DE NOVEMBRO;;;POR TRAZ DO COLEGIO AMARY;AFOGADOS;;;COLISÃO LATERAL;1;1;0;0;0;0;0;0;0;1;0;;;;;;;;;;;;;
2023-12-14;quinta-feira ;02:09:00;COM VÍTIMA;AFOGADOS;RUA;RUA DA PAZ;;;PROX A  CAIXA ECONOMICA E/F A ASA;AFOGADOS;;;COLISÃO LATERAL;1;1;0;0;0;0;0;0;0;1;0;;;;;;;;;;;;;
2023-12-14;quinta-feira ;04:17:00;COM VÍTIMA;BEBERIBE;AVENIDA;AVENIDA BEBERIBE;;;PROXIMO AO POSTO DE GASOLINA SHELL // E/F BORRACHARIA  SÃO LUIZ;BEBERIBE;;;COLISÃO;0;1;0;0;0;0;0;0;0;1;0;;;;;;;;;;;;;
2023-12-14;quinta-feira ;04:43:00;COM VÍTIMA;CORDEIRO;RUA;RUA ODETE MONTEIRO;;;EM FRENTE AO POSTO PETROCAL;CORDEIRO;589;;COLISÃO LATERAL;0;2;0;0;0;0;0;0;0;1;0;;;;;;;;;;;;;
2023-12-14;quinta-feira ;04:52:00;COM VÍTIMA;BAIRRO DO RECIFE;RUA;RUA DO APOLO;;;PROXIMO AO TEATRO HERMILO BORBA FILHO;BAIRRO DO RECIFE;;SUBURBIO;COLISÃO LATERAL;1;1;0;0;0;0;0;0;0;1;0;;;;;;;;;;;;;
2023-12-14;quinta-feira ;06:21:00;COM VÍTIMA;IMBIRIBEIRA;AVENIDA;AVENIDA MARECHAL MASCARENHAS DE MORAES;;;SOB O SEMÁFORO;IMBIRIBEIRA;287;;COLISÃO LATERAL;0;1;0;0;0;0;0;0;0;1;0;;;;;;;;;;;;;
2023-12-14;quinta-feira ;06:49:00;COM VÍTIMA;SANTO AMARO;AVENIDA;AVENIDA GOVERNADOR AGAMENON MAGALHAES;;;E/F A REITORIA DA UPE;SANTO AMARO;;;COLISÃO;0;1;0;0;0;0;0;0;0;1;0;;;;;;;;;;;;;
2023-12-15;sexta-feira ;07:24:00;COM VÍTIMA;ARRUDA;RUA;RUA DAS MOCAS;;;POR TRAS DO CAMPO DO ARRUDA;ARRUDA;;;COLISÃO LATERAL;0;1;0;0;0;0;0;0;0;1;0;;;;;;;;;;;;;
2023-12-15;sexta-feira ;08:00:00;SEM VÍTIMA;ROSARINHO;AVENIDA;AVENIDA NORTE MIGUEL ARRAES DE ALENCAR;;;AO LADO DO POSTO DE GASOLINA FORMULA;ROSARINHO;;CIDADE;COLISÃO TRASEIRA;2;0;0;0;0;0;0;1;0;0;0;;;;;;;;;;;;;
2023-12-15;sexta-feira ;08:03:00;COM VÍTIMA;JIQUIA;AVENIDA;AVENIDA DR JOSE RUFINO;;;EM FRENTE AO POSTO IPIRANGA;JIQUIA;;;COLISÃO LATERAL;1;1;0;0;0;0;0;0;0;1;0;;;;;;;;;;;;;
2023-12-15;sexta-feira ;08:08:00;COM VÍTIMA;DERBY;AVENIDA;AVENIDA GOVERNADOR AGAMENON MAGALHAES;;;EM FRENTE  A RESTAURAÇÃO PROX A FARMACIA DROGASIL;DERBY;;;COLISÃO;0;1;0;0;0;0;0;0;0;1;0;;;;;;;;;;;;;
2023-12-15;sexta-feira ;09:19:00;SEM VÍTIMA;AFOGADOS;RUA;RUA SAO MIGUEL;;;;AFOGADOS;;;COLISÃO;0;0;0;0;0;0;0;0;0;0;0;;;;;;;;;;;;;
2023-12-15;sexta-feira ;10:26:00;COM VÍTIMA;MADALENA;RUA;RUA JOSE OSORIO;;;AO LADO DO SUPERMERCADO RM EXPRESS;MADALENA;;;COLISÃO;0;1;0;0;0;0;0;0;0;1;0;;;;;;;;;;;;;
2023-12-15;sexta-feira ;10:59:00;COM VÍTIMA;JOANA BEZERRA;VIADUTO;VIADUTO CAPITAO TEMUDO;;;EM CIMA DO VIADUTO, SENT. SHOPPING RIO MAR;JOANA BEZERRA;;;COLISÃO LATERAL;0;1;0;0;0;0;0;0;0;1;0;;;;;;;;;;;;;
2023-12-15;sexta-feira ;11:49:00;COM VÍTIMA;JARDIM SAO PAULO;RUA;RUA LEANDRO BARRETO;;;CRUZAMENTO PROXIMO AO NUMERO 1020;JARDIM SAO PAULO;;;COLISÃO FRONTAL;1;1;0;0;0;0;0;0;0;1;0;;;;;;;;;;;;;
2023-12-15;sexta-feira ;12:58:00;COM VÍTIMA;BOA VIAGEM;AVENIDA;AVENIDA CONSELHEIRO AGUIAR;;;PROX A CASA DO BOLO /  PROX A CASA LOTERICA TEIMOSINHO;BOA VIAGEM;;;COLISÃO;0;1;0;0;0;0;0;0;0;1;0;;;;;;;;;;;;;
2023-12-15;sexta-feira ;02:26:00;COM VÍTIMA;BARRO;RUA;RUA AMADOR ARAUJO;;;PROX AO CEMITERIO DO BARRO;BARRO;;;COLISÃO FRONTAL;1;1;0;0;0;0;0;0;0;1;0;;;;;;;;;;;;;
2023-12-15;sexta-feira ;02:41:00;COM VÍTIMA;IPSEP;RUA;RUA SAO NICOLAU;;;PROXIMO A MARAVILHA MOTOS //  SPORT CAR;IPSEP;;;COLISÃO;0;1;0;0;0;0;0;0;0;1;0;;;;;;;;;;;;;
2023-12-15;sexta-feira ;03:07:00;COM VÍTIMA;IMBIRIBEIRA;AVENIDA;AVENIDA MARECHAL MASCARENHAS DE MORAES;;;PROXIMO A LOCALIZA // E/F AO AEROPORTO;IMBIRIBEIRA;;;COLISÃO;0;1;0;0;0;0;0;0;0;1;0;;;;;;;;;;;;;
2023-12-15;sexta-feira ;04:57:00;COM VÍTIMA;JORDAO;TUNEL;TUNEL FELIPE CAMARAO;;;NO TUNEL FELIPE CAMARÃO;JORDAO;;;QUEDA;0;1;0;0;0;0;0;0;0;1;0;;;;;;;;;;;;;
2023-12-15;sexta-feira ;05:52:00;SEM VÍTIMA;SAO JOSE;PRC;PRC DAS CINCO PONTAS;;;FORTE DAS CINCO PONTES;SAO JOSE;;SUBURBIO;COLISÃO LATERAL;1;0;0;0;0;0;1;0;0;0;0;;;;;;;;;;;;;
2023-12-16;sábado ;07:16:00;COM VÍTIMA;PINA;AVENIDA;AVENIDA HERCULANO BANDEIRA;;;PROX A IGREJINHA DO PINA;PINA;;;COLISÃO TRASEIRA;1;1;0;0;0;0;0;0;0;1;0;;;;;;;;;;;;;
2023-12-16;sábado ;08:46:00;COM VÍTIMA;IMBIRIBEIRA;AVENIDA;AVENIDA MARECHAL MASCARENHAS DE MORAES;;;EM FRENTE AO ASSAI SENTIDO AEROPORTO;IMBIRIBEIRA;;;COLISÃO;0;1;0;0;0;0;0;0;0;1;0;;;;;;;;;;;;;
2023-12-16;sábado ;11:01:00;COM VÍTIMA;BOA VIAGEM;RUA;RUA PADRE CARAPUCEIRO;;;NO CRUZAMENTO DO VERDFRUT;BOA VIAGEM;;;COLISÃO TRASEIRA;1;1;0;0;0;0;0;0;0;1;0;;;;;;;;;;;;;
2023-12-16;sábado ;11:01:00;COM VÍTIMA;BOMBA DO HEMETERIO;RUA;RUA CHA DE ALEGRIA;;;NA FRENTE DA ESCOLA MARDONIO  DE ANDRADE LIMA COELHO;BOMBA DO HEMETERIO;;;COLISÃO;0;1;0;0;0;0;0;0;0;1;0;;;;;;;;;;;;;
2023-12-16;sábado ;12:10:00;COM VÍTIMA;IMBIRIBEIRA;AVENIDA;AVENIDA SUL;;;APÓS O VIADUTO PAPA JOÃOPAULO II;;;;COLISÃO;0;1;0;0;0;0;0;0;0;1;0;;;;;;;;;;;;;
2023-12-16;sábado ;12:19:00;COM VÍTIMA;BOA VISTA;PTE;PTE PRINCESA IZABEL;;;PROX A DELEGACIA;BOA VISTA;;;COLISÃO;0;1;0;0;0;0;0;0;0;1;0;;;;;;;;;;;;;
2023-12-16;sábado ;02:30:00;COM VÍTIMA;IMBIRIBEIRA;AVENIDA;AVENIDA MARECHAL MASCARENHAS DE MORAES;;;EM FRENTE AO COMERCIAL ZERO UM E A FERRO MAIS;IMBIRIBEIRA;;;COLISÃO;0;1;0;0;0;0;0;0;0;1;0;;;;;;;;;;;;;
2023-12-16;sábado ;02:57:00;COM VÍTIMA;DERBY;AVENIDA;AVENIDA GOVERNADOR AGAMENON MAGALHAES;;;CRUZAMENTO COM A RUA JOAQUIM NABUCO;DERBY;;;COLISÃO;1;1;0;0;0;0;0;0;0;1;0;;;;;;;;;;;;;
2023-12-16;sábado ;05:02:00;COM VÍTIMA;IPSEP;AVENIDA;AVENIDA RECIFE;;;EM FRENTE AO SUPERMERCADO ECONOMICO;IPSEP;;SUBURBIO;COLISÃO TRASEIRA;2;1;0;0;0;0;0;0;0;1;0;;;;;;;;;;;;;
2023-12-16;sábado ;06:44:00;COM VÍTIMA;CASA AMARELA;AVENIDA;AVENIDA NORTE MIGUEL ARRAES DE ALENCAR;;;EM FRENTE A MATERNIDADE BARROS LIMA;CASA AMARELA;;CIDADE;COLISÃO LATERAL;1;1;0;0;0;0;0;0;0;1;0;;;;;;;;;;;;;
2023-12-16;sábado ;08:32:00;COM VÍTIMA;AGUA FRIA;RUA;RUA FLORESTOPOLIS;;;PROXIMO AO TERMINAL DE AGUA FRIA;AGUA FRIA;;;COLISÃO TRANSVERSAL;0;1;0;0;0;0;0;0;0;1;0;;;;;;;;;;;;;
2023-12-17;domingo ;07:54:00;COM VÍTIMA;CAMPO GRANDE;EST;EST DE BELEM;RUA;RUA PRUDENTE DE MORAES;PROX. A CLINICA CENTRAL E POSTO PETROGAS;CAMPO GRANDE;;;COLISÃO LATERAL;1;1;0;0;0;0;0;0;0;2;0;;;;;;;;;;;;;
2023-12-17;domingo ;05:20:00;COM VÍTIMA;IPUTINGA;AVENIDA;AVENIDA CAXANGA;;;E/F AO ANTIGO HIPER BOMPREÇO S/T CID;IPUTINGA;;;COLISÃO FRONTAL;1;1;0;0;0;0;0;0;0;1;0;;;;;;;;;;;;;
2023-12-17;domingo ;06:14:00;COM VÍTIMA;IBURA;RUA;RUA PAULISTA;;;PROXIMO AO NACIONAL SPORT CLUB // E/F A PRAÇA DO LEITEIRO;IBURA;;;COLISÃO;1;1;0;0;0;0;0;0;0;1;0;;;;;;;;;;;;;
2023-12-17;domingo ;07:22:00;COM VÍTIMA;AFOGADOS;AVENIDA;AVENIDA SUL;;;POLICLINICA DE AFOGADOS;AFOGADOS;;;COLISÃO;0;1;0;0;0;0;0;0;0;2;0;;;;;;;;;;;;;
2023-12-17;domingo ;08:12:00;COM VÍTIMA;TEJIPIO;RUA;RUA FALCAO DE LACERDA;;;PRAÇA DO PACHECO;TEJIPIO;;;COLISÃO;1;1;0;0;0;0;0;0;0;1;0;;;;;;;;;;;;;
2023-12-17;domingo ;08:45:00;COM VÍTIMA;JORDAO;RUA;RUA DR ALVARO FERRAZ;RUA;RUA CANAA;TERMINAL DO JORDAO;JORDAO;;;COLISÃO;1;1;0;0;0;0;0;0;0;1;0;;;;;;;;;;;;;
2023-12-18;segunda-feira ;12:55:00;SEM VÍTIMA;TEJIPIO;RUA;RUA GUANABARA;;;EM FRENTE A ESTAÇÃO COQUEIRAL;TEJIPIO;;;CHOQUE;1;0;0;0;0;0;0;0;0;0;0;;;;;;;;;;;;;
2023-12-18;segunda-feira ;02:04:00;SEM VÍTIMA;IMBIRIBEIRA;AVENIDA;AVENIDA MARECHAL MASCARENHAS DE MORAES;RUA;RUA ITACARI;AO LADO DO BANCO ITAU;IMBIRIBEIRA;225;SUBURBIO;COLISÃO;1;0;0;0;0;0;1;0;0;0;0;;;;;;;;;;;;;
2023-12-18;segunda-feira ;07:13:00;COM VÍTIMA;TORRE;RUA;RUA JOSE BONIFACIO;;;PROX AO SUPERMERCADO CARREFUOR E ATACADOS DOS PRESENTES DA TORRE;TORRE;;;COLISÃO;0;1;0;0;0;0;0;0;0;1;0;;;;;;;;;;;;;
2023-12-18;segunda-feira ;07:34:00;COM VÍTIMA;MACAXEIRA;AVENIDA;AVENIDA NORTE MIGUEL ARRAES DE ALENCAR;;;PROX. A INTEGRAÇÃO DA MACAXEIRA;MACAXEIRA;;;COLISÃO LATERAL;0;1;0;0;0;0;0;0;0;1;0;;;;;;;;;;;;;
2023-12-18;segunda-feira ;08:02:00;COM VÍTIMA;SANTO AMARO;RUA;RUA BARROS BARRETO;;;EM FRENTE A QUALITY PEÇAS / PROX A IGREJA CATOLICA;SANTO AMARO;;;COLISÃO LATERAL;1;1;0;0;0;0;0;0;0;1;0;;;;;;;;;;;;;
2023-12-18;segunda-feira ;08:13:00;COM VÍTIMA;BOA VIAGEM;AVENIDA;AVENIDA ENGENHEIRO DOMINGOS FERREIRA;;;PROX. A ESCOLA MUNICIPAL OSWALDO LIMA FILHO;BOA VIAGEM;;;COLISÃO LATERAL;1;1;0;0;0;0;0;0;0;1;0;;;;;;;;;;;;;
2023-12-18;segunda-feira ;08:13:00;COM VÍTIMA;IPUTINGA;AVENIDA;AVENIDA PROFESSOR JOAQUIM CAVALCANTI;;;EM FRENTE A IPUTINGA AUTOMÓVEIS;IPUTINGA;;;COLISÃO;0;0;0;0;0;0;0;0;0;1;0;;;;;;;;;;;;;
2023-12-18;segunda-feira ;09:47:00;COM VÍTIMA;MADALENA;AVENIDA;AVENIDA ENGENHEIRO ABDIAS DE CARVALHO;EST;EST DOS REMEDIOS;PROX A FARMACIA INDEPENDENTE;MADALENA;;;COLISÃO;0;1;0;0;0;1;0;0;0;1;0;;;;;;;;;;;;;
2023-12-18;segunda-feira ;11:10:00;COM VÍTIMA;CORDEIRO;RUA;RUA PROFESSOR JOAQUIM XAVIER DE BRITO;;;EM FRENTE AO ME CELULAR E BARBEARIA INOVE;CORDEIRO;;;COLISÃO LATERAL;0;1;0;0;0;0;0;0;0;1;0;;;;;;;;;;;;;
2023-12-18;segunda-feira ;11:27:00;VÍTIMA FATAL;CAXANGA;AVENIDA;AVENIDA CAXANGA;;;PROX A GIL MOTOS / PROX A ESTAÇÃO BRT ZUMBI;CAXANGA;;;COLISÃO;0;2;0;0;0;0;0;0;0;1;1;;;;;;;;;;;;;
2023-12-18;segunda-feira ;11:28:00;COM VÍTIMA;TAMARINEIRA;RUA;RUA CONEGO BARATA;;;EM FRENTE A LOJA FERREIRA COSTA;TAMARINEIRA;;;COLISÃO;0;1;0;0;0;0;0;0;0;1;0;;;;;;;;;;;;;
2023-12-18;segunda-feira ;12:35:00;COM VÍTIMA;GRACAS;AVENIDA;AVENIDA GOVERNADOR AGAMENON MAGALHAES;AVENIDA;AVENIDA RUI BARBOSA;SAÍDA DA RUI BARBOSA;GRACAS;;;;0;2;0;0;0;0;0;0;0;1;0;;;;;;;;;;;;;
2023-12-18;segunda-feira ;01:25:00;SEM VÍTIMA;ESPINHEIRO;RUA;RUA DO ESPINHEIRO;;;;ESPINHEIRO;;;COLISÃO;0;0;0;0;0;0;0;0;0;0;0;;;;;;;;;;;;;
2023-12-18;segunda-feira ;05:06:00;COM VÍTIMA;MADALENA;AVENIDA;AVENIDA ENGENHEIRO ABDIAS DE CARVALHO;EST;EST DOS REMEDIOS;NO SEMÁFORO 052;MADALENA;52;;COLISÃO LATERAL;1;1;0;0;0;0;0;0;0;2;0;;;;;;;;;;;;;
2023-12-18;segunda-feira ;05:07:00;COM VÍTIMA;CAXANGA;RUA;RUA FRANCISCO TORRES;;;PROXIMO A PRAÇA DE NOVA MORADA;CAXANGA;;;COLISÃO FRONTAL;0;2;0;0;0;0;0;0;0;2;0;;;;;;;;;;;;;
2023-12-18;segunda-feira ;09:36:00;COM VÍTIMA;JORDAO;AVENIDA;AVENIDA MARIA IRENE;;;;JORDAO;;;COLISÃO FRONTAL;2;0;0;0;0;0;0;0;0;1;0;;;;;;;;;;;;;
2023-12-19;terça-feira ;01:55:00;COM VÍTIMA;DERBY;AVENIDA;AVENIDA GOVERNADOR AGAMENON MAGALHAES;RUA;RUA HENRIQUE DIAS;E/F AO RESTAURANTE COCO BAMBU;DERBY;;;COLISÃO LATERAL;1;1;0;0;0;0;0;0;0;2;0;;;;;;;;;;;;;
2023-12-19;terça-feira ;05:20:00;COM VÍTIMA;PAISSANDU;RUA;RUA FRANCISCO ALVES;;;HOSPITAL ESPERANÇA;PAISSANDU;;;COLISÃO LATERAL;1;1;0;0;0;0;0;0;0;1;0;;;;;;;;;;;;;
2023-12-19;terça-feira ;06:39:00;COM VÍTIMA;IPSEP;AVENIDA;AVENIDA RECIFE;;;EM FRENTE A RECIFE MOTOS, SENT. AEROPORTO;IPSEP;;;ATROPELAMENTO DE PESSOA;0;1;0;0;1;0;0;0;0;3;0;;;;;;;;;;;;;
2023-12-19;terça-feira ;07:28:00;COM VÍTIMA;JORDAO;AVENIDA;AVENIDA MARIA IRENE;;;PROX AO ATACAREJO;JORDAO;;;COLISÃO LATERAL;1;1;0;0;0;0;0;0;0;1;0;;;;;;;;;;;;;
2023-12-19;terça-feira ;10:34:00;COM VÍTIMA;GRACAS;RUA;RUA DA HORA;;;;GRACAS;;;COLISÃO;0;0;0;0;0;0;0;0;0;1;0;;;;;;;;;;;;;
2023-12-19;terça-feira ;11:14:00;COM VÍTIMA;PRADO;AVENIDA;AVENIDA ENGENHEIRO ABDIAS DE CARVALHO;;;E/F A ENGEFRIO;PRADO;;;COLISÃO TRASEIRA;2;1;0;0;0;0;0;0;0;1;0;;;;;;;;;;;;;
2023-12-19;terça-feira ;11:35:00;COM VÍTIMA;IPSEP;AVENIDA;AVENIDA RECIFE;;;LADO OPOSTO A CR COMERCIAL RECIFE;IPSEP;;;COLISÃO LATERAL;1;1;0;0;1;0;0;0;0;1;0;;;;;;;;;;;;;
2023-12-19;terça-feira ;01:20:00;COM VÍTIMA;CASA FORTE;AVENIDA;AVENIDA DEZESSETE DE AGOSTO;;;EM FRENTE AO HOSPITAL ERMINIO DE MORAES;CASA FORTE;;;COLISÃO LATERAL;1;1;0;0;0;0;0;0;0;1;0;;;;;;;;;;;;;
2023-12-19;terça-feira ;04:56:00;SEM VÍTIMA;GRACAS;AVENIDA;AVENIDA CONS ROSA E SILVA;;;POSTO SHELL PETROCAL ( EM FRENTE);GRACAS;;SUBURBIO;COLISÃO LATERAL;1;0;0;0;0;0;1;0;0;0;0;;;;;;;;;;;;;
2023-12-19;terça-feira ;06:03:00;COM VÍTIMA;SAN MARTIN;AVENIDA;AVENIDA GENERAL SAN MARTIN;;;POSTO DE SAÚDE DE SAN MARTIN / CRECHE FUTURO DO AMANHÃ;SAN MARTIN;;;ATROPELAMENTO DE PESSOA;1;0;0;0;1;0;0;0;0;1;0;;;;;;;;;;;;;
2023-12-19;terça-feira ;06:49:00;SEM VÍTIMA;ILHA DO RETIRO;AVENIDA;AVENIDA BEIRA RIO;;;;ILHA DO RETIRO;;;CHOQUE;1;0;0;0;0;0;0;0;0;0;0;;;;;;;;;;;;;
2023-12-19;terça-feira ;07:47:00;COM VÍTIMA;SANTO AMARO;AVENIDA;AVENIDA CRUZ CABUGA;;;EM FRENTE A POLÍCIA PENAL;SANTO AMARO;;;COLISÃO;1;1;0;0;0;0;0;0;0;1;0;;;;;;;;;;;;;
2023-12-19;terça-feira ;07:56:00;COM VÍTIMA;IBURA;AVENIDA;AVENIDA DOIS RIOS;RUA;RUA RIO XINGU;ACADEMIA MOTIVO;IBURA;;;COLISÃO;1;1;0;0;0;0;0;0;0;1;0;;;;;;;;;;;;;
2023-12-20;quarta-feira ;06:51:00;COM VÍTIMA;AFOGADOS;AVENIDA;AVENIDA SUL;;;EM FRENTE AO HOTEL LUA DE MEL;AFOGADOS;;;COLISÃO COM CICLISTA;0;1;0;1;0;0;0;0;0;3;0;;;;;;;;;;;;;
2023-12-20;quarta-feira ;08:28:00;COM VÍTIMA;VASCO DA GAMA;RUA;RUA VASCO DA GAMA;;;PROX. A ESCOLA PEQUEN PRINCIPE;VASCO DA GAMA;;;COLISÃO FRONTAL;1;1;0;0;0;0;0;0;0;1;0;;;;;;;;;;;;;
2023-12-20;quarta-feira ;11:39:00;SEM VÍTIMA;VARZEA;RUA;RUA MARIO CAMPELO;;;;VARZEA;;;COLISÃO TRASEIRA;0;0;0;0;0;0;0;0;0;0;0;;;;;;;;;;;;;
2023-12-20;quarta-feira ;12:02:00;COM VÍTIMA;AFOGADOS;EST;EST DOS REMEDIOS;;;PROX AO POSTO DE GASOLINA PETROBAHIA;AFOGADOS;;;COLISÃO LATERAL;1;1;0;0;0;0;0;0;0;1;0;;;;;;;;;;;;;
2023-12-20;quarta-feira ;04:06:00;COM VÍTIMA;BOA VIAGEM;AVENIDA;AVENIDA BOA VIAGEM;;;NA ESQUINA DA PRAÇA DE BOA VIAGEM;BOA VIAGEM;;;COLISÃO TRASEIRA;1;1;0;0;0;0;0;0;0;1;0;;;;;;;;;;;;;
2023-12-20;quarta-feira ;04:10:00;COM VÍTIMA;ESPINHEIRO;AVENIDA;AVENIDA CONS ROSA E SILVA;;;HOSPITAL DOS SERVIDORES;ESPINHEIRO;;;COLISÃO LATERAL;2;0;0;0;0;0;0;0;0;1;0;;;;;;;;;;;;;
2023-12-20;quarta-feira ;05:17:00;COM VÍTIMA;ESTANCIA;AVENIDA;AVENIDA RECIFE;;;OFICINA FATOR PREMIUM;ESTANCIA;;;COLISÃO TRASEIRA;3;0;0;0;0;0;0;0;0;1;0;;;;;;;;;;;;;
2023-12-20;quarta-feira ;05:45:00;COM VÍTIMA;VARZEA;AVENIDA;AVENIDA AFONSO OLINDENSE;;;EM FRENTE AO NOVO ATACAREJO;VARZEA;;;COLISÃO LATERAL;1;1;0;0;0;0;0;0;0;1;0;;;;;;;;;;;;;
2023-12-20;quarta-feira ;09:33:00;SEM VÍTIMA;BOA VIAGEM;RUA;RUA RIBEIRO DE BRITO;RUA;RUA AGENOR LOPES;POSTO BR;BOA VIAGEM;;;COLISÃO;0;0;0;0;0;0;0;0;0;0;0;;;;;;;;;;;;;
2023-12-21;quinta-feira ;07:21:00;COM VÍTIMA;AFOGADOS;RUA;RUA CINCO DE NOVEMBRO;RUA;RUA JACIRA;EM FRENTE AO DEPATRI;AFOGADOS;;;COLISÃO LATERAL;1;1;0;0;0;0;0;0;0;1;0;;;;;;;;;;;;;
2023-12-21;quinta-feira ;08:01:00;COM VÍTIMA;MADALENA;AVENIDA;AVENIDA CAXANGA;;;EM FRENTE A ESTAÇÃO BRT, PROX. A EO ENERGIA E FARMACIA PAGUE MENOS;MADALENA;;;COLISÃO LATERAL;0;1;0;0;0;0;0;0;0;1;0;;;;;;;;;;;;;
2023-12-21;quinta-feira ;08:43:00;SEM VÍTIMA;MADALENA;AVENIDA;AVENIDA CAXANGA;;;PRÓXIMO AO TÚNEL DA ABOLIÇÃO;MADALENA;;;COLISÃO;0;0;0;0;0;0;0;0;0;0;0;;;;;;;;;;;;;
2023-12-21;quinta-feira ;09:40:00;COM VÍTIMA;ILHA DO RETIRO;AVENIDA;AVENIDA ENGENHEIRO ABDIAS DE CARVALHO;;;EM FRENTE AO SPORT;ILHA DO RETIRO;;;COLISÃO;1;1;0;0;0;1;0;0;0;1;0;;;;;;;;;;;;;
2023-12-21;quinta-feira ;10:47:00;COM VÍTIMA;IPSEP;AVENIDA;AVENIDA RECIFE;;;EM FRENTE A RECIFE MOTOS / PROX AO POSTO MANIA /  PROX AO MARTELINHO DE OURO;IPSEP;;;COLISÃO;1;1;0;0;0;0;0;0;0;1;0;;;;;;;;;;;;;
2023-12-21;quinta-feira ;01:26:00;COM VÍTIMA;CAMPINA DO BARRETO;RUA;RUA DAS MOCAS;;;BARBEARIA LOPES;CAMPINA DO BARRETO;;;COLISÃO LATERAL;1;1;0;0;0;0;0;0;0;2;0;;;;;;;;;;;;;
2023-12-21;quinta-feira ;02:16:00;COM VÍTIMA;IPSEP;RUA;RUA DR RAPOSO PINTO;;;PROX A ACADEMIA GOLFINHO;IPSEP;;;COLISÃO FRONTAL;1;1;0;0;0;0;0;0;0;1;0;;;;;;;;;;;;;
2023-12-21;quinta-feira ;09:11:00;COM VÍTIMA;AFLITOS;RUA;RUA DO FUTURO;AVENIDA;AVENIDA DR MALAQUIAS;EM FRENTE A FARMÁCIA PAGUE MENOS;AFLITOS;;;COLISÃO COM CICLISTA;1;0;0;1;0;0;0;0;0;1;0;;;;;;;;;;;;;
2023-12-22;sexta-feira ;01:45:00;COM VÍTIMA;MADALENA;RUA;RUA JOSE OSORIO;AVENIDA;AVENIDA VISCONDE DE ALBUQUERQUE;PAGUE MENOS;MADALENA;;;COLISÃO TRANSVERSAL;1;1;0;0;0;0;0;0;0;2;0;;;;;;;;;;;;;
2023-12-22;sexta-feira ;07:06:00;COM VÍTIMA;ESTANCIA;AVENIDA;AVENIDA RECIFE;;;PROX AO PE PISCINA / PROX BOX DA CONSTRUÇÃO;ESTANCIA;;;COLISÃO;0;1;0;0;0;0;0;0;0;1;0;;;;;;;;;;;;;
2023-12-22;sexta-feira ;08:33:00;COM VÍTIMA;CASA FORTE;AVENIDA;AVENIDA DEZESSETE DE AGOSTO;;;EM FRENTE A IGREJA BATISTA DE CASA FORTE E SUVINIL;CASA FORTE;;;COLISÃO LATERAL;0;1;0;0;0;0;0;0;0;1;0;;;;;;;;;;;;;
2023-12-22;sexta-feira ;09:44:00;SEM VÍTIMA;SANTO AMARO;AVENIDA;AVENIDA GOVERNADOR AGAMENON MAGALHAES;AVENIDA;AVENIDA DR JAYME DA FONTE;EM FRENTE AO YAKISSOBA DO ASSIS;SANTO AMARO;;CIDADE;COLISÃO;1;0;0;0;0;0;0;1;0;0;0;;;;;;;;;;;;;
2023-12-22;sexta-feira ;09:45:00;SEM VÍTIMA;MADALENA;AVENIDA;AVENIDA ENGENHEIRO ABDIAS DE CARVALHO;RUA;RUA JOAO IVO DA SILVA;SENTIDO CIDADE;MADALENA;132;CIDADE;COLISÃO TRASEIRA;2;0;0;0;0;0;0;0;0;0;0;;;;;;;;;;;;;
2023-12-22;sexta-feira ;10:08:00;COM VÍTIMA;BOA VIAGEM;RUA;RUA BRUNO VELOSO;;;PROX A ACADEMIA SELFIT E SAIDA DO SHOPPING RECIFE;BOA VIAGEM;;;COLISÃO;0;1;0;0;0;0;0;0;0;1;0;;;;;;;;;;;;;