data;dia_semana;hora;natureza;bairro;logradouro_endereco;endereco;logradouro_detalhe_endereço;detalhe_endereco_acidente;complemento;bairro_cruzamento;num_semaforo;sentido_via;tipo;auto;moto;ciclom;ciclista;pedestre;onibus;caminhao;viatura;outros;vitimas;vitimasfatais;acidente_verificado;tempo_clima;situacao_semaforo;sinalizacao;condicao_via;conservacao_via;ponto_controle;situacao_placa;velocidade_max_via;mao_direcao;divisao_via1;divisao_via2;divisao_via3
2023-12-22;sexta-feira ;11:14:00;COM VÍTIMA;SANTO AMARO;AVENIDA;AVENIDA CRUZ CABUGA;;;PROX. A COMPESA E HOSPITAL DA MARINHA;SANTO AMARO;;;COLISÃO LATERAL;0;1;0;0;0;0;0;0;0;1;0;;;;;;;;;;;;;
2023-12-22;sexta-feira ;01:14:00;COM VÍTIMA;SANTO ANTONIO;AVENIDA;AVENIDA DANTAS BARRETO;;;PROX AO BANCO BRADESCO;SANTO ANTONIO;;;ATROPELAMENTO DE PESSOA;1;0;0;0;1;0;0;0;0;1;0;;;;;;;;;;;;;
2023-12-22;sexta-feira ;01:50:00;COM VÍTIMA;CASA AMARELA;RUA;RUA JOCA LEAL;;;PROX A BIBLIOTECA INDO PARA CASA AMARELA E PROX A TROPICAL E PROX A IGREJA BATISTA;CASA AMARELA;;;COLISÃO;0;1;0;0;0;0;0;0;0;1;0;;;;;;;;;;;;;
2023-12-22;sexta-feira ;02:05:00;COM VÍTIMA;SAN MARTIN;RUA;RUA VINTE E UM DE ABRIL;;;PROX A ESCOLA ANTONIO FARIA E PROX AO TERMINAL DE ONIBUS DA MANGUEIRA E AO GIRADOURO SAN MARTIN;SAN MARTIN;;;COLISÃO;0;1;0;0;0;0;0;0;0;1;0;;;;;;;;;;;;;
2023-12-22;sexta-feira ;03:25:00;COM VÍTIMA;SANCHO;AVENIDA;AVENIDA TEMPO FELIZ;;;PROX AO CEMITERIO PARQUE DAS FLORES;SANCHO;;;COLISÃO;0;1;0;0;0;0;0;0;0;1;0;;;;;;;;;;;;;
2023-12-22;sexta-feira ;03:44:00;COM VÍTIMA;BAIRRO DO RECIFE;AVENIDA;AVENIDA MILITAR;;;EM FRENTE A ENTRADA DO FORTE BRUM;BAIRRO DO RECIFE;;;COLISÃO LATERAL;1;1;0;0;0;0;0;0;0;1;0;;;;;;;;;;;;;
2023-12-22;sexta-feira ;05:45:00;COM VÍTIMA;IMBIRIBEIRA;AVENIDA;AVENIDA MARECHAL MASCARENHAS DE MORAES;;;FERREIRA COSTA / BANCO DO BRASIL;IMBIRIBEIRA;;;COLISÃO LATERAL;1;1;0;0;0;0;0;0;0;1;0;;;;;;;;;;;;;
2023-12-22;sexta-feira ;06:02:00;COM VÍTIMA;DOIS UNIDOS;RUA;RUA PEREIRA BARRETO;;;PROX A PADARIA LIQ LEO E PROX AO CAMPO DO PASSARINHO;DOIS UNIDOS;;;COLISÃO;0;1;0;0;0;0;0;0;0;1;0;;;;;;;;;;;;;
2023-12-22;sexta-feira ;09:39:00;COM VÍTIMA;BOA VISTA;AVENIDA;AVENIDA MANOEL BORBA;;;EM FRENTE AO POSTO BR E PREMIER SEGUROS;BOA VISTA;;;COLISÃO;0;1;0;0;0;0;0;0;0;1;0;;;;;;;;;;;;;
2023-12-22;sexta-feira ;11:48:00;COM VÍTIMA;CAMPO GRANDE;EST;EST DE BELEM;;;E/F À CHURRASCARIA O JARDIM - E AO ANTIGO CLUBE DO BANDEPE - SENTIDO SUBURBIO;CAMPO GRANDE;;;CHOQUE;0;0;0;0;0;1;0;0;0;4;0;;;;;;;;;;;;;
2023-12-23;sábado ;08:03:00;COM VÍTIMA;AGUA FRIA;AVENIDA;AVENIDA BEBERIBE;;;EM FRENTE AO POSTO DE GASOLINA BR / CLUBE PRESSÃO;AGUA FRIA;;;COLISÃO FRONTAL;1;1;0;0;0;0;0;0;0;1;0;;;;;;;;;;;;;
2023-12-23;sábado ;08:14:00;COM VÍTIMA;CORDEIRO;AVENIDA;AVENIDA CAXANGA;;;EM FRENTE A EXPOSIÇÃO DE ANIAMIS;CORDEIRO;;;COLISÃO;0;1;0;0;0;0;0;0;0;1;0;;;;;;;;;;;;;
2023-12-23;sábado ;11:29:00;COM VÍTIMA;GRACAS;AVENIDA;AVENIDA DR JAYME DA FONTE;;;EM FRENTE AO HOSPITAL JAYME DA FONTE;GRACAS;;;COLISÃO FRONTAL;3;0;0;0;0;0;0;0;0;1;0;;;;;;;;;;;;;
2023-12-23;sábado ;12:30:00;COM VÍTIMA;ARRUDA;AVENIDA;AVENIDA PROFESSOR JOSE DOS ANJOS;;;EM FRENTE A ECO ESTAÇÃO DO ARRUDA / SENTIDO OLINDA;ARRUDA;;;COLISÃO COM CICLISTA;1;0;0;1;0;0;1;0;0;1;0;;;;;;;;;;;;;
2023-12-23;sábado ;07:05:00;COM VÍTIMA;TORRE;RUA;RUA DOM MANOEL DA COSTA;RUA;RUA PIO IX;;TORRE;;;COLISÃO TRANSVERSAL;0;2;0;0;0;0;0;0;0;2;0;;;;;;;;;;;;;
2023-12-24;domingo ;05:19:00;SEM VÍTIMA;SANTO AMARO;RUA;RUA CAPITAO LIMA;;;;SANTO AMARO;;;COLISÃO;2;0;0;0;0;0;0;0;0;0;0;;;;;;;;;;;;;
2023-12-24;domingo ;09:14:00;COM VÍTIMA;SANTO AMARO;PRC;PRC GENERAL ABREU E LIMA;;;POR TRAS DO CEMITERIO DOS INGLESES, SENT. OLINDA;SANTO AMARO;;;COLISÃO LATERAL;0;1;0;0;0;0;0;0;0;1;0;;;;;;;;;;;;;
2023-12-24;domingo ;10:03:00;COM VÍTIMA;BEBERIBE;RUA;RUA COMPOSITOR VINICIUS DE MORAIS;;;PRÓXIMO À PONTE DE BEBERIBE;BEBERIBE;;;CHOQUE;0;0;0;0;0;0;0;0;0;3;0;;;;;;;;;;;;;
2023-12-24;domingo ;10:38:00;COM VÍTIMA;TORRE;RUA;RUA PROFESSOR TRAJANO DE MENDONCA;;;AO LADO DO ATACADO DOS PRESENTES;TORRE;;;COLISÃO LATERAL;0;1;0;0;0;0;0;0;0;1;0;;;;;;;;;;;;;
2023-12-24;domingo ;11:29:00;COM VÍTIMA;ILHA DO RETIRO;RUA;RUA PROFESSOR BENEDITO MONTEIRO;;;PROX A SELFIT ( PROX AO CACAU SHOW );ILHA DO RETIRO;;;COLISÃO FRONTAL;1;1;0;0;0;0;0;0;0;1;0;;;;;;;;;;;;;
2023-12-24;domingo ;12:52:00;COM VÍTIMA;SANTO AMARO;AVENIDA;AVENIDA NORTE MIGUEL ARRAES DE ALENCAR;;;ALÇA VIADUTO DA AGAMENON SENTIDO OLINDA;SANTO AMARO;;;CHOQUE;0;1;0;0;0;0;0;0;0;1;0;;;;;;;;;;;;;
2023-12-24;domingo ;09:01:00;SEM VÍTIMA;PINA;AVENIDA;AVENIDA ENCANTA MOCA;;;;PINA;;SUBURBIO;COLISÃO LATERAL;1;1;0;0;0;0;0;0;0;0;0;;;;;;;;;;;;;
2023-12-25;segunda-feira ;01:25:00;SEM VÍTIMA;BARRO;RUA;RUA AMADOR ARAUJO;;;;BARRO;;;COLISÃO LATERAL;2;0;0;0;0;0;0;0;0;0;0;;;;;;;;;;;;;
2023-12-25;segunda-feira ;02:23:00;COM VÍTIMA;AFOGADOS;RUA;RUA SAO MIGUEL;;;PRÓXIMO AO BODÉ DO NÔ;AFOGADOS;;;COLISÃO LATERAL;1;1;0;0;0;0;0;0;0;1;0;;;;;;;;;;;;;
2023-12-25;segunda-feira ;03:15:00;SEM VÍTIMA;IBURA;RUA;RUA EXP FRANCISCO VITORIANO;;;EM FRENTE AO SUPERMERCADO TREVO;IBURA;;;CHOQUE;1;0;0;0;0;0;0;0;0;0;0;;;;;;;;;;;;;
2023-12-25;segunda-feira ;04:51:00;COM VÍTIMA;ARRUDA;RUA;RUA PETRONILA BOTELHO;;;COM A RUA PROFESSOR JOSÉ DOS ANJOS;ARRUDA;;;COLISÃO LATERAL;1;1;0;0;0;0;0;0;0;1;0;;;;;;;;;;;;;
2023-12-25;segunda-feira ;06:39:00;SEM VÍTIMA;TORRE;RUA;RUA CONDE DE IRAJA;RUA;RUA JOSE BONIFACIO;EM FRENTE A PADARIA NOVA ARMADA;TORRE;;;COLISÃO LATERAL;1;0;0;0;0;0;0;1;0;0;0;;;;;;;;;;;;;
2023-12-25;segunda-feira ;07:41:00;COM VÍTIMA;JORDAO;AVENIDA;AVENIDA DONA CARENTINA;;;PROX. A PRAÇA DO JORDAO BAIXO E LOTERICA;JORDAO;;;COLISÃO LATERAL;0;1;0;0;0;0;0;0;0;1;0;;;;;;;;;;;;;
2023-12-25;segunda-feira ;09:19:00;SEM VÍTIMA;TORROES;RUA;RUA WASHINGTON DUARTE ESPINDOLA;AVENIDA;AVENIDA VISCONDE DE SAO LEOPOLDO;;TORROES;;;COLISÃO;1;0;0;0;0;0;0;0;0;0;0;;;;;;;;;;;;;
2023-12-25;segunda-feira ;10:07:00;COM VÍTIMA;CAXANGA;AVENIDA;AVENIDA CAXANGA;;;EM FRENTE AO GOLF CLUBE, E NOVA DISTRIBUIDORA SENT. CAMARAGIBE;CAXANGA;;;COLISÃO LATERAL;1;0;0;0;0;0;0;0;0;1;0;;;;;;;;;;;;;
2023-12-25;segunda-feira ;12:23:00;SEM VÍTIMA;DERBY;PRC;PRC DO DERBY;AVENIDA;AVENIDA GOVERNADOR AGAMENON MAGALHAES;;DERBY;75;CIDADE;COLISÃO;2;0;0;0;0;0;0;0;0;0;0;;;;;;;;;;;;;
2023-12-25;segunda-feira ;03:20:00;COM VÍTIMA;VARZEA;AVENIDA;AVENIDA PREFEITO ANTONIO PEREIRA;;;EM FRENTE AO PARQUE TECNOLOGICO DE ELTRO ELETRONICO;VARZEA;;;COLISÃO LATERAL;0;1;0;0;0;1;0;0;0;2;0;;;;;;;;;;;;;
2023-12-25;segunda-feira ;03:37:00;COM VÍTIMA;IMBIRIBEIRA;AVENIDA;AVENIDA MARECHAL MASCARENHAS DE MORAES;;;PROXIMO A TAMBAI VEICULOS;IMBIRIBEIRA;;;COLISÃO TRASEIRA;0;2;0;0;0;0;0;0;0;1;0;;;;;;;;;;;;;
2023-12-25;segunda-feira ;03:54:00;SEM VÍTIMA;ILHA JOANA BEZERRA;VIADUTO;VIADUTO CAPITAO TEMUDO;;;EM CIMA DO VIADUTO;ILHA JOANA BEZERRA;;;COLISÃO;0;0;0;0;0;0;0;0;0;0;0;;;;;;;;;;;;;
2023-12-25;segunda-feira ;04:57:00;COM VÍTIMA;PRADO;AVENIDA;AVENIDA ENGENHEIRO ABDIAS DE CARVALHO;;;FACULDADE ESTACIO;PRADO;;;ATROPELAMENTO DE ANIMAL;0;1;0;0;0;0;0;0;0;1;0;;;;;;;;;;;;;
2023-12-25;segunda-feira ;07:09:00;COM VÍTIMA;SANTO AMARO;RUA;RUA TREZE DE MAIO;RUA;RUA FREI CASSIMIRO;;SANTO AMARO;;;CHOQUE;1;0;0;0;0;0;0;0;0;1;0;;;;;;;;;;;;;
2023-12-25;segunda-feira ;09:46:00;COM VÍTIMA;APIPUCOS;RUA;RUA DE APIPUCOS;;;EM FRENTE AO PARK DE APIPUCOS;APIPUCOS;;;ATROPELAMENTO DE PESSOA;0;0;0;0;1;0;0;0;0;1;0;;;;;;;;;;;;;
2023-12-25;segunda-feira ;10:33:00;COM VÍTIMA;BOA VIAGEM;RUA;RUA DEZ DE JULHO;;;APÓS A CAIXA ECONÔMICA;BOA VIAGEM;573;;COLISÃO;1;1;0;0;0;0;0;0;0;1;0;;;;;;;;;;;;;
2023-12-26;terça-feira ;07:14:00;COM VÍTIMA;TORRE;RUA;RUA JOSE BONIFACIO;;;PROXIMO AO CARREFOUR DA TORRE;TORRE;;;QUEDA;0;1;0;0;0;0;0;0;0;1;0;;;;;;;;;;;;;
2023-12-26;terça-feira ;08:23:00;COM VÍTIMA;JAQUEIRA;RUA;RUA DOMINGOS BASTOS;;;EM FRENTE A PADARIA GLOBO;JAQUEIRA;;;COLISÃO TRASEIRA;1;1;0;0;0;0;0;0;0;1;0;;;;;;;;;;;;;
2023-12-26;terça-feira ;11:04:00;COM VÍTIMA;SITIO DOS PINTOS;AVENIDA;AVENIDA LUIZ ANTONIO DE ARAUJO;;;BORRACHARIA DO NADO;SITIO DOS PINTOS;;;COLISÃO;1;1;0;0;0;0;0;0;0;1;0;;;;;;;;;;;;;
2023-12-26;terça-feira ;11:36:00;COM VÍTIMA;IMBIRIBEIRA;AVENIDA;AVENIDA MARECHAL MASCARENHAS DE MORAES;;;ENTRE A HONDA E O DEPOSITO DA LASER ELETRO;IMBIRIBEIRA;;;COLISÃO TRASEIRA;0;1;0;0;0;0;0;1;0;1;0;;;;;;;;;;;;;
2023-12-26;terça-feira ;11:51:00;COM VÍTIMA;AGUA FRIA;EST;EST VELHA DE AGUA FRIA;;;EM FRENTE A AUTO ESCOLA PILOTO, PROX. AO POSTO BR;AGUA FRIA;;;COLISÃO LATERAL;0;1;0;0;0;0;0;0;0;1;0;;;;;;;;;;;;;
2023-12-26;terça-feira ;12:56:00;COM VÍTIMA;TAMARINEIRA;AVENIDA;AVENIDA NORTE MIGUEL ARRAES DE ALENCAR;;;PROXIMO AO HOTEL EROS;TAMARINEIRA;;CIDADE;COLISÃO LATERAL;0;1;0;0;0;0;0;0;0;2;0;;;;;;;;;;;;;
2023-12-26;terça-feira ;03:00:00;COM VÍTIMA;IBURA;RUA;RUA VISCONDE DE AZUARA;;;IBURA DE BAIXO, PROX AO BAR DA SIRLEIDE E A POLICLINICA ARNALDO MARGUES;IBURA;;;COLISÃO;0;1;0;0;0;0;0;0;0;1;0;;;;;;;;;;;;;
2023-12-26;terça-feira ;04:24:00;SEM VÍTIMA;GRACAS;RUA;RUA DAS CREOULAS;RUA;RUA DAS PERNAMBUCANAS;;GRACAS;;;COLISÃO;1;1;0;0;0;0;0;0;0;0;0;;;;;;;;;;;;;
2023-12-26;terça-feira ;04:30:00;COM VÍTIMA;BOA VIAGEM;RUA;RUA BARAO DE SOUZA LEAO;;;SUPERMERCADO TREVO;BOA VIAGEM;;;COLISÃO FRONTAL;0;2;0;0;0;0;0;0;0;2;0;;;;;;;;;;;;;
2023-12-26;terça-feira ;05:29:00;COM VÍTIMA;AGUA FRIA;AVENIDA;AVENIDA HILDEBRANDO DE VASCONCELOS;;;TERMINAL DO CORREGO DEODATO;AGUA FRIA;;;COLISÃO LATERAL;0;2;0;0;0;0;0;0;0;2;0;;;;;;;;;;;;;
2023-12-26;terça-feira ;06:23:00;COM VÍTIMA;SANTO AMARO;AVENIDA;AVENIDA CRUZ CABUGA;TRV;TRV DOUTOR SABINO PINHO;EM FRENTE AO HOSPITAL NAVAL E O DEPARTAMENTO DE ESTRADAS E RODAGENS;SANTO AMARO;;;COLISÃO;0;1;0;0;0;0;0;0;0;1;0;;;;;;;;;;;;;
2023-12-26;terça-feira ;07:09:00;COM VÍTIMA;VARZEA;RUA;RUA EXP ANTONIO ROMANO;;;PRÓXIMO AO POSTO DE SAUDE DE JARDIM TERESÓPOLIS;VARZEA;;;;0;1;0;0;0;0;0;0;0;1;0;;;;;;;;;;;;;
2023-12-27;quarta-feira ;07:42:00;SEM VÍTIMA;AFOGADOS;RUA;RUA COSME VIANA;RUA;RUA VINTE E UM DE ABRIL;;AFOGADOS;334;;COLISÃO LATERAL;1;0;0;0;0;0;1;0;0;0;0;;;;;;;;;;;;;
2023-12-27;quarta-feira ;08:27:00;COM VÍTIMA;TORROES;AVENIDA;AVENIDA ENGENHEIRO ABDIAS DE CARVALHO;;;SENTIDO CENTRO EM FRENTE A MEGA PEDRAS;TORROES;;CIDADE;COLISÃO;0;1;0;0;0;0;0;0;0;1;0;;;;;;;;;;;;;
2023-12-27;quarta-feira ;08:57:00;COM VÍTIMA;ILHA JOANA BEZERRA;VIADUTO;VIADUTO CAPITAO TEMUDO;;;EM CIMA DO VIADUTO, SENT. BOA VIAGEM;ILHA JOANA BEZERRA;;;COLISÃO LATERAL;0;1;0;0;0;0;0;0;0;1;0;;;;;;;;;;;;;
2023-12-27;quarta-feira ;09:09:00;COM VÍTIMA;VARZEA;RUA;RUA PROFESSOR ANTONIO COELHO;;;PROX AO TERMINAL DE ONIBUS CDU / PROX AO COLEGIO E CURSO DESAFIO;VARZEA;;;COLISÃO LATERAL;1;1;0;0;0;0;0;0;0;1;0;;;;;;;;;;;;;
2023-12-27;quarta-feira ;01:54:00;COM VÍTIMA;PORTO DA MADEIRA;RUA;RUA ARAO BOTLER;;;ARMAZEM CORAL;PORTO DA MADEIRA;;;COLISÃO FRONTAL;0;2;0;0;0;0;0;0;0;1;0;;;;;;;;;;;;;
2023-12-27;quarta-feira ;02:04:00;SEM VÍTIMA;PINA;RUA;RUA MANOEL DE BRITO;;;PRÓXIMO AO 19º BPMPE;PINA;;CIDADE;COLISÃO LATERAL;0;1;0;0;0;0;0;1;0;0;0;;;;;;;;;;;;;
2023-12-27;quarta-feira ;04:55:00;COM VÍTIMA;IBURA;RUA;RUA RIO XINGU;AVENIDA;AVENIDA DOIS RIOS;EM FRENTE A ACADEMIA ATIVE;IBURA;;;COLISÃO;0;0;0;0;0;0;0;0;0;1;0;;;;;;;;;;;;;
2023-12-27;quarta-feira ;07:24:00;COM VÍTIMA;BOA VIAGEM;AVENIDA;AVENIDA DES JOSE NEVES;;;AO LADO DO RESTAURANTE CANGAÇO;BOA VIAGEM;;;COLISÃO;1;1;0;0;0;0;0;0;0;1;0;;;;;;;;;;;;;
2023-12-28;quinta-feira ;05:42:00;SEM VÍTIMA;BOA VISTA;AVENIDA;AVENIDA GOVERNADOR AGAMENON MAGALHAES;AVENIDA;AVENIDA RUI BARBOSA;COLEGIO AMERICANO BATISTA;BOA VISTA;37;SUBURBIO;COLISÃO;0;0;0;0;0;1;0;1;0;0;0;;;;;;;;;;;;;
2023-12-28;quinta-feira ;07:08:00;COM VÍTIMA;FUNDAO;AVENIDA;AVENIDA BEBERIBE;;;PROX. A PRAÇA DO FUNDAO E IGREJA RENASCER;FUNDAO;;;COLISÃO LATERAL;0;1;0;0;0;0;0;0;0;1;0;;;;;;;;;;;;;
2023-12-28;quinta-feira ;07:43:00;COM VÍTIMA;AREIAS;AVENIDA;AVENIDA DR JOSE RUFINO;;;EM FRENTE AO EDF ALAMEDA PARK;AREIAS;213;;COLISÃO TRASEIRA;2;1;0;0;0;0;0;0;0;1;0;;;;;;;;;;;;;
2023-12-28;quinta-feira ;08:03:00;COM VÍTIMA;SAN MARTIN;AVENIDA;AVENIDA GENERAL SAN MARTIN;;;PROX. AO COLEGIO ADVENTISTA E CLINICA VETERINARIA AMOR DE BICHO;SAN MARTIN;;;COLISÃO LATERAL;0;1;0;0;0;0;0;0;0;1;0;;;;;;;;;;;;;
2023-12-28;quinta-feira ;08:43:00;COM VÍTIMA;SANTO AMARO;AVENIDA;AVENIDA CRUZ CABUGA;;;AO LADO DA CASA DA INDUSTRIA SENAI;SANTO AMARO;;;COLISÃO COM CICLISTA;0;0;0;1;0;1;0;0;0;1;0;;;;;;;;;;;;;
2023-12-28;quinta-feira ;10:32:00;COM VÍTIMA;BAIRRO DO RECIFE;CAIS;CAIS DO APOLO;;;;BAIRRO DO RECIFE;;;COLISÃO;0;0;0;0;0;0;0;0;0;1;0;;;;;;;;;;;;;
2023-12-28;quinta-feira ;11:36:00;SEM VÍTIMA;ESPINHEIRO;RUA;RUA QUARENTA E OITO;;;PADARIA ESPINHEIRO;ESPINHEIRO;;CIDADE;COLISÃO;1;0;0;0;0;0;0;1;0;0;0;;;;;;;;;;;;;
2023-12-28;quinta-feira ;12:30:00;SEM VÍTIMA;SAO JOSE;AVENIDA;AVENIDA RIO CAPIBARIBE;;;APOS A ESTAÇÃO DO METRO // E/F A CASA DA CULTURA;SAO JOSE;;;COLISÃO LATERAL;1;1;0;0;0;0;0;0;0;0;0;;;;;;;;;;;;;
2023-12-28;quinta-feira ;06:07:00;COM VÍTIMA;BEBERIBE;RUA;RUA DALVA DE OLIVEIRA;;;EM FRENTE A AMBEV E PROX AO SESC SENAC;BEBERIBE;;;COLISÃO LATERAL;1;1;0;1;0;0;0;0;0;3;0;;;;;;;;;;;;;
2023-12-28;quinta-feira ;07:08:00;COM VÍTIMA;JARDIM SAO PAULO;RUA;RUA MARILIA;;;DEPOIS DO VIADUTO SEGUNDA ENTRADA A DIREITA, PRÓXIMO A PADARIA  LA ROQUE;JARDIM SAO PAULO;;;COLISÃO;0;1;0;0;0;0;0;0;0;1;0;;;;;;;;;;;;;
2023-12-28;quinta-feira ;09:10:00;COM VÍTIMA;COHAB;AVENIDA;AVENIDA DOIS RIOS;RUA;RUA RIO XINGU;E/F A ACADEMIA MOTIVO;COHAB;;;COLISÃO FRONTAL;1;1;0;0;0;0;0;0;0;1;0;;;;;;;;;;;;;
2023-12-28;quinta-feira ;11:30:00;COM VÍTIMA;AFOGADOS;AVENIDA;AVENIDA SUL;;;PRÓXIMO  A ESTAÇÃO LARGO DA PAZ;AFOGADOS;;;COLISÃO;0;1;0;0;0;0;0;0;0;1;0;;;;;;;;;;;;;
2023-12-29;sexta-feira ;07:37:00;COM VÍTIMA;BOA VISTA;RUA;RUA DO HOSPICIO;;;APOS O COLEGIO JOAO BARBALHO SENT. CIDADE;BOA VISTA;;;COLISÃO LATERAL;1;1;0;0;0;0;0;0;0;2;0;;;;;;;;;;;;;
2023-12-29;sexta-feira ;09:16:00;COM VÍTIMA;AFOGADOS;RUA;RUA SAO MIGUEL;;;EM FRENTE A LOJA COMERCIAL GUSTAVO E POSTO DE COMBUSTIVEL JOAO DIAS;AFOGADOS;;;COLISÃO LATERAL;0;1;0;0;0;0;0;0;0;1;0;;;;;;;;;;;;;
2023-12-29;sexta-feira ;12:07:00;COM VÍTIMA;SANTO AMARO;PTE;PTE DO LIMOEIRO;RUA;RUA AURORA;;SANTO AMARO;;;COLISÃO;1;1;0;0;0;0;0;0;0;1;0;;;;;;;;;;;;;
2023-12-29;sexta-feira ;12:35:00;COM VÍTIMA;IBURA;AVENIDA;AVENIDA DOIS RIOS;;;EM FRENTE AO POSTO DE GASOLINA SHELL / PROX A PET CLEAN CLINICA VETERINARIA  E AO CRAS DE IBURA DE BAIXO;IBURA;;;COLISÃO;0;1;0;0;0;0;0;0;0;1;0;;;;;;;;;;;;;
2023-12-29;sexta-feira ;04:31:00;COM VÍTIMA;MANGUEIRA;AVENIDA;AVENIDA CENTRAL;;;PROX AO MERCADINHO ECONOMICO E ESTAÇÃO DE METRO DA MANGUEIRA;MANGUEIRA;;;COLISÃO;0;1;0;0;0;0;0;0;0;1;0;;;;;;;;;;;;;
2023-12-29;sexta-feira ;05:40:00;COM VÍTIMA;PAISSANDU;AVENIDA;AVENIDA GOVERNADOR AGAMENON MAGALHAES;;;EM FRENTE AO HOSPITAL PORTUGUES/ SENTIDO BOA VIAGEM;PAISSANDU;;;COLISÃO LATERAL;1;1;0;0;0;0;0;0;0;1;0;;;;;;;;;;;;;
2023-12-30;sábado ;11:26:00;COM VÍTIMA;MADALENA;RUA;RUA JOSE OSORIO;;;EM FRENTE AO SELECTA SUPERMERCADO;MADALENA;;;COLISÃO;0;1;0;0;0;0;0;0;0;1;0;;;;;;;;;;;;;
2023-12-30;sábado ;12:08:00;COM VÍTIMA;BOA VIAGEM;AVENIDA;AVENIDA DES JOSE NEVES;;;POR TRÁS DO SHOPPING RECIFE;BOA VIAGEM;;;COLISÃO;0;1;0;0;0;0;0;0;0;1;0;;;;;;;;;;;;;
2023-12-30;sábado ;12:29:00;COM VÍTIMA;JARDIM SAO PAULO;AVENIDA;AVENIDA LIBERDADE;;;PROX A PADARIA LA ROQUE E IGREJA ASSEMBLEIA DE DEUS;JARDIM SAO PAULO;;;COLISÃO;0;1;0;0;0;0;0;0;0;1;0;;;;;;;;;;;;;
2023-12-30;sábado ;12:33:00;COM VÍTIMA;BOA VIAGEM;AVENIDA;AVENIDA DOM JOAO VI;RUA;RUA SOLDADO SINESIO DE ARAGAO;EM FRENTE AO SHOPPING;BOA VIAGEM;;;COLISÃO LATERAL;1;0;0;0;0;0;0;0;0;1;0;;;;;;;;;;;;;
2023-12-30;sábado ;02:37:00;COM VÍTIMA;CASA FORTE;AVENIDA;AVENIDA DEZESSETE DE AGOSTO;;;EM FRENTE AO ERMIRIO DE MORAES;CASA FORTE;;;COLISÃO LATERAL;1;1;0;0;0;0;0;0;0;2;0;;;;;;;;;;;;;
2023-12-30;sábado ;03:06:00;COM VÍTIMA;FUNDAO;AVENIDA;AVENIDA BEBERIBE;;;PROXIMO A FARMACIA DO TRABALHADOR E PADARIA SUBLIME PÃO;FUNDAO;;;COLISÃO;0;1;0;0;0;0;0;0;0;1;0;;;;;;;;;;;;;
2023-12-30;sábado ;04:51:00;COM VÍTIMA;SAO JOSE;PRC;PRC DAS CINCO PONTAS;;;EM FRENTE AO TRE E PROXIMO AO FORTE DAS CINCO PONTAS;SAO JOSE;;;COLISÃO;0;1;0;0;0;0;0;0;0;1;0;;;;;;;;;;;;;
2023-12-30;sábado ;05:45:00;COM VÍTIMA;JORDAO;AVENIDA;AVENIDA DONA CARENTINA;;;NA SUBIDA DA LADEIRA DO JORDÃO ALTO E EM FRENTE A IGREJA PAROQUIA CRISTO REDENTOR;JORDAO;;;COLISÃO;0;1;0;0;0;0;0;0;0;1;0;;;;;;;;;;;;;
2023-12-30;sábado ;08:39:00;COM VÍTIMA;TORRE;RUA;RUA DOM MANOEL DA COSTA;;;EM FRENTE AO COLEGIO CRISTO REI;TORRE;;;COLISÃO TRANSVERSAL;1;1;0;0;0;0;0;0;0;1;0;;;;;;;;;;;;;
2023-12-31;domingo ;06:15:00;SEM VÍTIMA;TORROES;AVENIDA;AVENIDA ENGENHEIRO ABDIAS DE CARVALHO;;;SOB O SEMÁFORO 271;TORROES;271;SUBURBIO;COLISÃO TRASEIRA;2;0;0;0;0;0;0;0;0;0;0;;;;;;;;;;;;;
2023-12-31;domingo ;07:32:00;SEM VÍTIMA;IMBIRIBEIRA;AVENIDA;AVENIDA MARECHAL MASCARENHAS DE MORAES;;;EM FRENTE AO POSTO SHELL, SENTIDO AEROPORTO;IMBIRIBEIRA;;;COLISÃO LATERAL;1;1;0;0;0;0;0;0;0;0;0;;;;;;;;;;;;;
2023-12-31;domingo ;09:11:00;COM VÍTIMA;SANTO ANTONIO;RUA;RUA DA CONCORDIA;;;PROX. A VENEZA MUSIC E ELETRONICO PEÇAS;SANTO ANTONIO;;;COLISÃO LATERAL;0;1;0;0;0;0;0;0;0;1;0;;;;;;;;;;;;;
2023-12-31;domingo ;03:23:00;SEM VÍTIMA;SANTO ANTONIO;RUA;RUA MARQUES DO RECIFE;;;PROXIMO A OAB;SANTO ANTONIO;;;COLISÃO FRONTAL;0;1;0;0;0;0;0;0;0;0;0;;;;;;;;;;;;;
2023-12-31;domingo ;08:26:00;VÍTIMA FATAL;ARRUDA;AVENIDA;AVENIDA BEBERIBE;;;EM FRENTE AO POSTO BR;ARRUDA;;;COLISÃO;0;0;0;0;0;0;0;0;0;0;1;;;;;;;;;;;;;